suite,benchmark,defect,control,method,seed,level,performance,loss,initial_loss,frame_recovered,reframe_cost,reframed,fde,candidates
core,hidden_variable,variable_addition,False,Fixed-Frame,0,core,0.578707013706849,4.729867457531382,4.729867457531382,0.0,0.0,0.0,0.0,11
core,hidden_variable,variable_addition,False,Fixed-Frame,1,core,0.5986785660477696,4.024806224181896,4.024806224181896,0.0,0.0,0.0,0.0,11
core,hidden_variable,variable_addition,False,Fixed-Frame,2,core,0.5946313008455485,6.184058754653594,6.184058754653594,0.0,0.0,0.0,0.0,11
core,hidden_variable,variable_addition,False,Fixed-Frame,3,core,0.6106948985781799,4.716087005339968,4.716087005339968,0.0,0.0,0.0,0.0,11
core,hidden_variable,variable_addition,False,Fixed-Frame,4,core,0.6492887726762671,3.4273969589314652,3.4273969589314652,0.0,0.0,0.0,0.0,11
core,hidden_variable,variable_addition,False,Fixed-Frame,5,core,0.629548095000091,3.799606477355909,3.799606477355909,0.0,0.0,0.0,0.0,11
core,hidden_variable,variable_addition,False,Fixed-Frame,6,core,0.6644493822445755,3.407449316932031,3.407449316932031,0.0,0.0,0.0,0.0,11
core,hidden_variable,variable_addition,False,Fixed-Frame,7,core,0.6158835935811684,4.5891171933309876,4.5891171933309876,0.0,0.0,0.0,0.0,11
core,hidden_variable,variable_addition,False,Fixed-Frame,8,core,0.6084546711986365,5.135546852959716,5.135546852959716,0.0,0.0,0.0,0.0,11
core,hidden_variable,variable_addition,False,Fixed-Frame,9,core,0.6311509497962108,4.15012375443555,4.15012375443555,0.0,0.0,0.0,0.0,11
core,hidden_variable,variable_addition,False,Fixed-Frame,10,core,0.58942459754887,5.026119340202992,5.026119340202992,0.0,0.0,0.0,0.0,11
core,hidden_variable,variable_addition,False,Fixed-Frame,11,core,0.6110603882622205,4.09960261577567,4.09960261577567,0.0,0.0,0.0,0.0,11
core,hidden_variable,variable_addition,False,Fixed-Frame,12,core,0.5792113543272431,4.350994772771546,4.350994772771546,0.0,0.0,0.0,0.0,11
core,hidden_variable,variable_addition,False,Fixed-Frame,13,core,0.6508783742555626,4.038640794518313,4.038640794518313,0.0,0.0,0.0,0.0,11
core,hidden_variable,variable_addition,False,Fixed-Frame,14,core,0.6356342304472828,3.5347168310543227,3.5347168310543227,0.0,0.0,0.0,0.0,11
core,hidden_variable,variable_addition,False,Fixed-Frame,15,core,0.5629877886175352,4.2420850007440185,4.2420850007440185,0.0,0.0,0.0,0.0,11
core,hidden_variable,variable_addition,False,Fixed-Frame,16,core,0.5945981765144128,4.824532990935518,4.824532990935518,0.0,0.0,0.0,0.0,11
core,hidden_variable,variable_addition,False,Fixed-Frame,17,core,0.5851639046400163,4.771124048416626,4.771124048416626,0.0,0.0,0.0,0.0,11
core,hidden_variable,variable_addition,False,Fixed-Frame,18,core,0.592228466884953,4.8757891330170535,4.8757891330170535,0.0,0.0,0.0,0.0,11
core,hidden_variable,variable_addition,False,Fixed-Frame,19,core,0.6201596308530889,4.08540085622238,4.08540085622238,0.0,0.0,0.0,0.0,11
core,hidden_variable,variable_addition,False,Fixed-Frame,20,core,0.5717312181135131,4.971167795426258,4.971167795426258,0.0,0.0,0.0,0.0,11
core,hidden_variable,variable_addition,False,Fixed-Frame,21,core,0.5909742175131851,5.0088814594987054,5.0088814594987054,0.0,0.0,0.0,0.0,11
core,hidden_variable,variable_addition,False,Fixed-Frame,22,core,0.6014342623374856,4.553458458818391,4.553458458818391,0.0,0.0,0.0,0.0,11
core,hidden_variable,variable_addition,False,Fixed-Frame,23,core,0.5887775036386638,4.935711824200549,4.935711824200549,0.0,0.0,0.0,0.0,11
core,hidden_variable,variable_addition,False,Fixed-Frame,24,core,0.5906118644132874,4.020066739840891,4.020066739840891,0.0,0.0,0.0,0.0,11
core,hidden_variable,variable_addition,False,Fixed-Frame,25,core,0.6717223535122321,4.7291184037938985,4.7291184037938985,0.0,0.0,0.0,0.0,11
core,hidden_variable,variable_addition,False,Fixed-Frame,26,core,0.5713966913708318,4.849393561391571,4.849393561391571,0.0,0.0,0.0,0.0,11
core,hidden_variable,variable_addition,False,Fixed-Frame,27,core,0.5931499722921479,4.74828057327071,4.74828057327071,0.0,0.0,0.0,0.0,11
core,hidden_variable,variable_addition,False,Fixed-Frame,28,core,0.6328204709301342,4.396981050924322,4.396981050924322,0.0,0.0,0.0,0.0,11
core,hidden_variable,variable_addition,False,Fixed-Frame,29,core,0.6254284811013217,4.600819940073202,4.600819940073202,0.0,0.0,0.0,0.0,11
core,hidden_variable,variable_addition,False,Fixed-Frame,30,core,0.6076916236462249,4.677373681649722,4.677373681649722,0.0,0.0,0.0,0.0,11
core,hidden_variable,variable_addition,False,Fixed-Frame,31,core,0.5731834195383599,5.28397037487528,5.28397037487528,0.0,0.0,0.0,0.0,11
core,hidden_variable,variable_addition,False,Fixed-Frame,32,core,0.5664648557991362,4.160228918327438,4.160228918327438,0.0,0.0,0.0,0.0,11
core,hidden_variable,variable_addition,False,Fixed-Frame,33,core,0.611615478288462,4.318266162192621,4.318266162192621,0.0,0.0,0.0,0.0,11
core,hidden_variable,variable_addition,False,Fixed-Frame,34,core,0.6149443432528122,4.770980107532367,4.770980107532367,0.0,0.0,0.0,0.0,11
core,hidden_variable,variable_addition,False,Fixed-Frame,35,core,0.5551463559608757,4.314516863884549,4.314516863884549,0.0,0.0,0.0,0.0,11
core,hidden_variable,variable_addition,False,Fixed-Frame,36,core,0.6366340081435996,3.4889068002147026,3.4889068002147026,0.0,0.0,0.0,0.0,11
core,hidden_variable,variable_addition,False,Fixed-Frame,37,core,0.6025834218155122,4.815096742386096,4.815096742386096,0.0,0.0,0.0,0.0,11
core,hidden_variable,variable_addition,False,Fixed-Frame,38,core,0.567507199143447,3.1828932580842357,3.1828932580842357,0.0,0.0,0.0,0.0,11
core,hidden_variable,variable_addition,False,Fixed-Frame,39,core,0.6257507724734085,3.9428085015184675,3.9428085015184675,0.0,0.0,0.0,0.0,11
core,hidden_variable,variable_addition,False,Fixed-Frame,40,core,0.6058804552871222,4.403743629725286,4.403743629725286,0.0,0.0,0.0,0.0,11
core,hidden_variable,variable_addition,False,Fixed-Frame,41,core,0.6257999593813499,4.185950382362265,4.185950382362265,0.0,0.0,0.0,0.0,11
core,hidden_variable,variable_addition,False,Fixed-Frame,42,core,0.615138588750122,5.005321506311057,5.005321506311057,0.0,0.0,0.0,0.0,11
core,hidden_variable,variable_addition,False,Fixed-Frame,43,core,0.6043094448000169,3.636196993911989,3.636196993911989,0.0,0.0,0.0,0.0,11
core,hidden_variable,variable_addition,False,Fixed-Frame,44,core,0.6161747931361954,4.660867592500271,4.660867592500271,0.0,0.0,0.0,0.0,11
core,hidden_variable,variable_addition,False,Fixed-Frame,45,core,0.6153527885337858,3.765754843616036,3.765754843616036,0.0,0.0,0.0,0.0,11
core,hidden_variable,variable_addition,False,Fixed-Frame,46,core,0.5570407779898486,4.819670431807866,4.819670431807866,0.0,0.0,0.0,0.0,11
core,hidden_variable,variable_addition,False,Fixed-Frame,47,core,0.6203107501846472,4.062491844833991,4.062491844833991,0.0,0.0,0.0,0.0,11
core,hidden_variable,variable_addition,False,Fixed-Frame,48,core,0.6341829775389394,3.793714768506436,3.793714768506436,0.0,0.0,0.0,0.0,11
core,hidden_variable,variable_addition,False,Fixed-Frame,49,core,0.6429109459989382,4.1007067465914995,4.1007067465914995,0.0,0.0,0.0,0.0,11
core,hidden_variable,variable_addition,False,Random-Edit,0,core,0.9545626173664286,0.30926613842511586,4.729867457531382,1.0,1.0,1.0,0.1879278018297898,11
core,hidden_variable,variable_addition,False,Random-Edit,1,core,0.5909664661165162,4.155682952858727,4.024806224181896,0.0,1.0,1.0,0.0,11
core,hidden_variable,variable_addition,False,Random-Edit,2,core,0.5942444201620691,6.193990723069729,6.184058754653594,0.0,1.0,1.0,0.0,11
core,hidden_variable,variable_addition,False,Random-Edit,3,core,0.6119252232105602,4.691730606442712,4.716087005339968,0.0,1.0,1.0,0.0006151623161901321,11
core,hidden_variable,variable_addition,False,Random-Edit,4,core,0.6476663741932811,3.451877494776415,3.4273969589314652,0.0,1.0,1.0,0.0,11
core,hidden_variable,variable_addition,False,Random-Edit,5,core,0.629548095000091,3.799606477355909,3.799606477355909,0.0,0.0,0.0,0.0,11
core,hidden_variable,variable_addition,False,Random-Edit,6,core,0.6629703327692976,3.430104103194573,3.407449316932031,0.0,1.0,1.0,0.0,11
core,hidden_variable,variable_addition,False,Random-Edit,7,core,0.6159159956259292,4.588488676045899,4.5891171933309876,0.0,1.0,1.0,1.6201022380424313e-05,11
core,hidden_variable,variable_addition,False,Random-Edit,8,core,0.6100598707357621,5.101035561135439,5.135546852959716,0.0,1.0,1.0,0.0008025997685627839,11
core,hidden_variable,variable_addition,False,Random-Edit,9,core,0.6309443914344077,4.15380728327347,4.15012375443555,0.0,1.0,1.0,0.0,11
core,hidden_variable,variable_addition,False,Random-Edit,10,core,0.5908452551487205,4.99668491659773,5.026119340202992,0.0,1.0,1.0,0.000710328799925275,11
core,hidden_variable,variable_addition,False,Random-Edit,11,core,0.6109312166185831,4.101831227722318,4.09960261577567,0.0,1.0,1.0,0.0,11
core,hidden_variable,variable_addition,False,Random-Edit,12,core,0.9338180610118456,0.4244620168405371,4.350994772771546,1.0,1.0,1.0,0.17730335334230124,11
core,hidden_variable,variable_addition,False,Random-Edit,13,core,0.6535288428470251,3.9917252912796095,4.038640794518313,0.0,1.0,1.0,0.0013252342957312258,11
core,hidden_variable,variable_addition,False,Random-Edit,14,core,0.6314459883728897,3.5990615079463097,3.5347168310543227,0.0,1.0,1.0,0.0,11
core,hidden_variable,variable_addition,False,Random-Edit,15,core,0.5620707254010776,4.2579227732960065,4.2420850007440185,0.0,1.0,1.0,0.0,11
core,hidden_variable,variable_addition,False,Random-Edit,16,core,0.5932781565115184,4.8510113908001395,4.824532990935518,0.0,1.0,1.0,0.0,11
core,hidden_variable,variable_addition,False,Random-Edit,17,core,0.5854612211981063,4.765283345284991,4.771124048416626,0.0,1.0,1.0,0.00014865827904497753,11
core,hidden_variable,variable_addition,False,Random-Edit,18,core,0.5925412084215733,4.869478178969763,4.8757891330170535,0.0,1.0,1.0,0.0001563707683101545,11
core,hidden_variable,variable_addition,False,Random-Edit,19,core,0.6132671965948934,4.206281413513039,4.08540085622238,0.0,1.0,1.0,0.0,11
core,hidden_variable,variable_addition,False,Random-Edit,20,core,0.5724131565500724,4.957339216058538,4.971167795426258,0.0,1.0,1.0,0.0003409692182796409,11
core,hidden_variable,variable_addition,False,Random-Edit,21,core,0.5885105282724169,5.060146553716722,5.0088814594987054,0.0,1.0,1.0,0.0,11
core,hidden_variable,variable_addition,False,Random-Edit,22,core,0.5926107890578779,4.7235612490487515,4.553458458818391,0.0,1.0,1.0,0.0,11
core,hidden_variable,variable_addition,False,Random-Edit,23,core,0.5888555913217136,4.93412017753483,4.935711824200549,0.0,1.0,1.0,3.9043841524921685e-05,11
core,hidden_variable,variable_addition,False,Random-Edit,24,core,0.5899186232247676,4.031606326749914,4.020066739840891,0.0,1.0,1.0,0.0,11
core,hidden_variable,variable_addition,False,Random-Edit,25,core,0.6669904542808942,4.831319309717495,4.7291184037938985,0.0,1.0,1.0,0.0,11
core,hidden_variable,variable_addition,False,Random-Edit,26,core,0.9621121158124306,0.25459173633623633,4.849393561391571,1.0,1.0,1.0,0.1953577122207994,11
core,hidden_variable,variable_addition,False,Random-Edit,27,core,0.5944904243686581,4.7219652656339175,4.74828057327071,0.0,1.0,1.0,0.0006702260382550618,11
core,hidden_variable,variable_addition,False,Random-Edit,28,core,0.6349066937077086,4.357632666065785,4.396981050924322,0.0,1.0,1.0,0.00104311138878721,11
core,hidden_variable,variable_addition,False,Random-Edit,29,core,0.6241362156047738,4.626251491241543,4.600819940073202,0.0,1.0,1.0,0.0,11
core,hidden_variable,variable_addition,False,Random-Edit,30,core,0.6115219654316251,4.602694430624292,4.677373681649722,0.0,1.0,1.0,0.001915170892700102,11
core,hidden_variable,variable_addition,False,Random-Edit,31,core,0.5664846795338674,5.430364633643796,5.28397037487528,0.0,1.0,1.0,0.0,11
core,hidden_variable,variable_addition,False,Random-Edit,32,core,0.5661726025604445,4.165182318356793,4.160228918327438,0.0,1.0,1.0,0.0,11
core,hidden_variable,variable_addition,False,Random-Edit,33,core,0.6095425071855786,4.356078779953979,4.318266162192621,0.0,1.0,1.0,0.0,11
core,hidden_variable,variable_addition,False,Random-Edit,34,core,0.6149664411206797,4.770534878933105,4.770980107532367,0.0,1.0,1.0,1.1048933933721639e-05,11
core,hidden_variable,variable_addition,False,Random-Edit,35,core,0.9387942672183797,0.3510299601285594,4.314516863884549,1.0,1.0,1.0,0.19182395562875199,11
core,hidden_variable,variable_addition,False,Random-Edit,36,core,0.6334149321935154,3.537703226428098,3.4889068002147026,0.0,1.0,1.0,0.0,11
core,hidden_variable,variable_addition,False,Random-Edit,37,core,0.6035035825546758,4.796623510402334,4.815096742386096,0.0,1.0,1.0,0.00046008036958183895,11
core,hidden_variable,variable_addition,False,Random-Edit,38,core,0.9399403350668056,0.2668684204552652,3.1828932580842357,1.0,1.0,1.0,0.1862165679616793,11
core,hidden_variable,variable_addition,False,Random-Edit,39,core,0.6256805743613694,3.9439905016699357,3.9428085015184675,0.0,1.0,1.0,0.0,11
core,hidden_variable,variable_addition,False,Random-Edit,40,core,0.9605289409547054,0.27819500177500767,4.403743629725286,1.0,1.0,1.0,0.1773242428337916,11
core,hidden_variable,variable_addition,False,Random-Edit,41,core,0.6269825253239033,4.164851464741965,4.185950382362265,0.0,1.0,1.0,0.0005912829712766965,11
core,hidden_variable,variable_addition,False,Random-Edit,42,core,0.617903268528724,4.947131024358623,5.005321506311057,0.0,1.0,1.0,0.001382339889301032,11
core,hidden_variable,variable_addition,False,Random-Edit,43,core,0.6033187210224923,3.651287281057776,3.636196993911989,0.0,1.0,1.0,0.0,11
core,hidden_variable,variable_addition,False,Random-Edit,44,core,0.616239220652938,4.659598026364098,4.660867592500271,0.0,1.0,1.0,3.221375837131335e-05,11
core,hidden_variable,variable_addition,False,Random-Edit,45,core,0.6155616941800686,3.762432320226059,3.765754843616036,0.0,1.0,1.0,0.0001044528231413655,11
core,hidden_variable,variable_addition,False,Random-Edit,46,core,0.5531240360667602,4.896717482675091,4.819670431807866,0.0,1.0,1.0,0.0,11
core,hidden_variable,variable_addition,False,Random-Edit,47,core,0.6226043527625224,4.023076056548386,4.062491844833991,0.0,1.0,1.0,0.0011468012889375712,11
core,hidden_variable,variable_addition,False,Random-Edit,48,core,0.6341829775389394,3.793714768506436,3.793714768506436,0.0,0.0,0.0,0.0,11
core,hidden_variable,variable_addition,False,Random-Edit,49,core,0.9596499799542483,0.3104301474550438,4.1007067465914995,1.0,1.0,1.0,0.15836951697765506,11
core,hidden_variable,variable_addition,False,Flat-Search,0,core,0.9545626173664286,0.30926613842511586,4.729867457531382,1.0,1.0,1.0,0.1879278018297898,11
core,hidden_variable,variable_addition,False,Flat-Search,1,core,0.9451013431030514,0.34876240957675453,4.024806224181896,1.0,1.0,1.0,0.1732113885276409,11
core,hidden_variable,variable_addition,False,Flat-Search,2,core,0.9610195393410629,0.3679475466921678,6.184058754653594,1.0,1.0,1.0,0.1831941192477572,11
core,hidden_variable,variable_addition,False,Flat-Search,3,core,0.9515467853994741,0.3767111328599043,4.716087005339968,1.0,1.0,1.0,0.1704259434106471,11
core,hidden_variable,variable_addition,False,Flat-Search,4,core,0.9605027197921242,0.26092832308264663,3.4273969589314652,1.0,1.0,1.0,0.15560697355792857,11
core,hidden_variable,variable_addition,False,Flat-Search,5,core,0.9508687294464058,0.33363617308114174,3.799606477355909,1.0,1.0,1.0,0.16066031722315738,11
core,hidden_variable,variable_addition,False,Flat-Search,6,core,0.9604387335204659,0.277928948239476,3.407449316932031,1.0,1.0,1.0,0.14799467563794522,11
core,hidden_variable,variable_addition,False,Flat-Search,7,core,0.9703242977379388,0.22503445862804305,4.5891171933309876,1.0,1.0,1.0,0.1772203520783852,11
core,hidden_variable,variable_addition,False,Flat-Search,8,core,0.9621802966154868,0.313685567411388,5.135546852959716,1.0,1.0,1.0,0.17686281270842513,11
core,hidden_variable,variable_addition,False,Flat-Search,9,core,0.9581033803984295,0.31053619632900575,4.15012375443555,1.0,1.0,1.0,0.16347621530110934,11
core,hidden_variable,variable_addition,False,Flat-Search,10,core,0.9574627686027404,0.3205645171201583,5.026119340202992,1.0,1.0,1.0,0.1840190855269352,11
core,hidden_variable,variable_addition,False,Flat-Search,11,core,0.9488524852047462,0.347191875706938,4.09960261577567,1.0,1.0,1.0,0.16889604847126283,11
core,hidden_variable,variable_addition,False,Flat-Search,12,core,0.9338180610118456,0.4244620168405371,4.350994772771546,1.0,1.0,1.0,0.17730335334230124,11
core,hidden_variable,variable_addition,False,Flat-Search,13,core,0.9571329838532177,0.337216868002053,4.038640794518313,1.0,1.0,1.0,0.15312730479882752,11
core,hidden_variable,variable_addition,False,Flat-Search,14,core,0.9526973656874196,0.30616440497576364,3.5347168310543227,1.0,1.0,1.0,0.15853156762006837,11
core,hidden_variable,variable_addition,False,Flat-Search,15,core,0.9431233871906275,0.32957175085702745,4.2420850007440185,1.0,1.0,1.0,0.19006779928654616,11
core,hidden_variable,variable_addition,False,Flat-Search,16,core,0.9550785500661132,0.33281878426949313,4.824532990935518,1.0,1.0,1.0,0.1802401867758502,11
core,hidden_variable,variable_addition,False,Flat-Search,17,core,0.9596372165817,0.2830712253061888,4.771124048416626,1.0,1.0,1.0,0.18723665597084183,11
core,hidden_variable,variable_addition,False,Flat-Search,18,core,0.9597526055943306,0.2969584993025072,4.8757891330170535,1.0,1.0,1.0,0.1837620693546888,11
core,hidden_variable,variable_addition,False,Flat-Search,19,core,0.9521447975214352,0.33524569379029506,4.08540085622238,1.0,1.0,1.0,0.16599258333417316,11
core,hidden_variable,variable_addition,False,Flat-Search,20,core,0.9499122890718016,0.34993033209030944,4.971167795426258,1.0,1.0,1.0,0.18909053547914423,11
core,hidden_variable,variable_addition,False,Flat-Search,21,core,0.9580478239778204,0.31690267661993293,5.0088814594987054,1.0,1.0,1.0,0.18353680323231764,11
core,hidden_variable,variable_addition,False,Flat-Search,22,core,0.9595264286647661,0.28983055489888004,4.553458458818391,1.0,1.0,1.0,0.17904608316364024,11
core,hidden_variable,variable_addition,False,Flat-Search,23,core,0.9555394119518572,0.3288143296488174,4.935711824200549,1.0,1.0,1.0,0.18338095415659672,11
core,hidden_variable,variable_addition,False,Flat-Search,24,core,0.9522865877811162,0.2905848622351548,4.020066739840891,1.0,1.0,1.0,0.1808373616839144,11
core,hidden_variable,variable_addition,False,Flat-Search,25,core,0.9782003791233226,0.21565016330099826,4.7291184037938985,1.0,1.0,1.0,0.15323901280554525,11
core,hidden_variable,variable_addition,False,Flat-Search,26,core,0.9621121158124306,0.25459173633623633,4.849393561391571,1.0,1.0,1.0,0.1953577122207994,11
core,hidden_variable,variable_addition,False,Flat-Search,27,core,0.954850631214747,0.3273277168694594,4.74828057327071,1.0,1.0,1.0,0.18085032946129953,11
core,hidden_variable,variable_addition,False,Flat-Search,28,core,0.9630304666325515,0.29091130278497257,4.396981050924322,1.0,1.0,1.0,0.1651049978512087,11
core,hidden_variable,variable_addition,False,Flat-Search,29,core,0.9632996734320041,0.2926756927137036,4.600819940073202,1.0,1.0,1.0,0.1689355961653412,11
core,hidden_variable,variable_addition,False,Flat-Search,30,core,0.9535499122709491,0.3529399702755503,4.677373681649722,1.0,1.0,1.0,0.17292914431236212,11
core,hidden_variable,variable_addition,False,Flat-Search,31,core,0.9632815356558642,0.27048549768927554,5.28397037487528,1.0,1.0,1.0,0.1950490580587521,11
core,hidden_variable,variable_addition,False,Flat-Search,32,core,0.9441809892841685,0.32136070666808836,4.160228918327438,1.0,1.0,1.0,0.18885806674251615,11
core,hidden_variable,variable_addition,False,Flat-Search,33,core,0.9614192431212609,0.27288765802783893,4.318266162192621,1.0,1.0,1.0,0.17490188241639948,11
core,hidden_variable,variable_addition,False,Flat-Search,34,core,0.9515889079733717,0.38762824681625824,4.770980107532367,1.0,1.0,1.0,0.16832228236027974,11
core,hidden_variable,variable_addition,False,Flat-Search,35,core,0.9387942672183797,0.3510299601285594,4.314516863884549,1.0,1.0,1.0,0.19182395562875199,11
core,hidden_variable,variable_addition,False,Flat-Search,36,core,0.9455112936042424,0.35226922268876937,3.4889068002147026,1.0,1.0,1.0,0.15443864273032137,11
core,hidden_variable,variable_addition,False,Flat-Search,37,core,0.9595741033436024,0.307579480663025,4.815096742386096,1.0,1.0,1.0,0.1784953407640451,11
core,hidden_variable,variable_addition,False,Flat-Search,38,core,0.9399403350668056,0.2668684204552652,3.1828932580842357,1.0,1.0,1.0,0.1862165679616793,11
core,hidden_variable,variable_addition,False,Flat-Search,39,core,0.9582569010219896,0.2871765000007354,3.9428085015184675,1.0,1.0,1.0,0.16625306427429054,11
core,hidden_variable,variable_addition,False,Flat-Search,40,core,0.9605289409547054,0.27819500177500767,4.403743629725286,1.0,1.0,1.0,0.1773242428337916,11
core,hidden_variable,variable_addition,False,Flat-Search,41,core,0.9512107219280802,0.3590652954423543,4.185950382362265,1.0,1.0,1.0,0.16270538127336515,11
core,hidden_variable,variable_addition,False,Flat-Search,42,core,0.963451668065907,0.30348568454872676,5.005321506311057,1.0,1.0,1.0,0.17415653965789252,11
core,hidden_variable,variable_addition,False,Flat-Search,43,core,0.9515138654887442,0.28297856633831986,3.636196993911989,1.0,1.0,1.0,0.17360221034436363,11
core,hidden_variable,variable_addition,False,Flat-Search,44,core,0.960758696004445,0.3056091179502671,4.660867592500271,1.0,1.0,1.0,0.1722919514341248,11
core,hidden_variable,variable_addition,False,Flat-Search,45,core,0.9575749429339657,0.26690904409607513,3.765754843616036,1.0,1.0,1.0,0.17111107720008994,11
core,hidden_variable,variable_addition,False,Flat-Search,46,core,0.950295400676081,0.3170140665558536,4.819670431807866,1.0,1.0,1.0,0.19662731134311617,11
core,hidden_variable,variable_addition,False,Flat-Search,47,core,0.9596991513601594,0.27871002448755705,4.062491844833991,1.0,1.0,1.0,0.16969420058775608,11
core,hidden_variable,variable_addition,False,Flat-Search,48,core,0.9612719676888872,0.26496865403346925,3.793714768506436,1.0,1.0,1.0,0.16354449507497393,11
core,hidden_variable,variable_addition,False,Flat-Search,49,core,0.9596499799542483,0.3104301474550438,4.1007067465914995,1.0,1.0,1.0,0.15836951697765506,11
core,hidden_variable,variable_addition,False,MDL-Flat,0,core,0.9545626173664286,0.30926613842511586,4.729867457531382,1.0,1.0,1.0,0.1879278018297898,11
core,hidden_variable,variable_addition,False,MDL-Flat,1,core,0.9451013431030514,0.34876240957675453,4.024806224181896,1.0,1.0,1.0,0.1732113885276409,11
core,hidden_variable,variable_addition,False,MDL-Flat,2,core,0.9610195393410629,0.3679475466921678,6.184058754653594,1.0,1.0,1.0,0.1831941192477572,11
core,hidden_variable,variable_addition,False,MDL-Flat,3,core,0.9515467853994741,0.3767111328599043,4.716087005339968,1.0,1.0,1.0,0.1704259434106471,11
core,hidden_variable,variable_addition,False,MDL-Flat,4,core,0.9605027197921242,0.26092832308264663,3.4273969589314652,1.0,1.0,1.0,0.15560697355792857,11
core,hidden_variable,variable_addition,False,MDL-Flat,5,core,0.9508687294464058,0.33363617308114174,3.799606477355909,1.0,1.0,1.0,0.16066031722315738,11
core,hidden_variable,variable_addition,False,MDL-Flat,6,core,0.9604387335204659,0.277928948239476,3.407449316932031,1.0,1.0,1.0,0.14799467563794522,11
core,hidden_variable,variable_addition,False,MDL-Flat,7,core,0.9703242977379388,0.22503445862804305,4.5891171933309876,1.0,1.0,1.0,0.1772203520783852,11
core,hidden_variable,variable_addition,False,MDL-Flat,8,core,0.9621802966154868,0.313685567411388,5.135546852959716,1.0,1.0,1.0,0.17686281270842513,11
core,hidden_variable,variable_addition,False,MDL-Flat,9,core,0.9581033803984295,0.31053619632900575,4.15012375443555,1.0,1.0,1.0,0.16347621530110934,11
core,hidden_variable,variable_addition,False,MDL-Flat,10,core,0.9574627686027404,0.3205645171201583,5.026119340202992,1.0,1.0,1.0,0.1840190855269352,11
core,hidden_variable,variable_addition,False,MDL-Flat,11,core,0.9488524852047462,0.347191875706938,4.09960261577567,1.0,1.0,1.0,0.16889604847126283,11
core,hidden_variable,variable_addition,False,MDL-Flat,12,core,0.9338180610118456,0.4244620168405371,4.350994772771546,1.0,1.0,1.0,0.17730335334230124,11
core,hidden_variable,variable_addition,False,MDL-Flat,13,core,0.9571329838532177,0.337216868002053,4.038640794518313,1.0,1.0,1.0,0.15312730479882752,11
core,hidden_variable,variable_addition,False,MDL-Flat,14,core,0.9526973656874196,0.30616440497576364,3.5347168310543227,1.0,1.0,1.0,0.15853156762006837,11
core,hidden_variable,variable_addition,False,MDL-Flat,15,core,0.9431233871906275,0.32957175085702745,4.2420850007440185,1.0,1.0,1.0,0.19006779928654616,11
core,hidden_variable,variable_addition,False,MDL-Flat,16,core,0.9550785500661132,0.33281878426949313,4.824532990935518,1.0,1.0,1.0,0.1802401867758502,11
core,hidden_variable,variable_addition,False,MDL-Flat,17,core,0.9596372165817,0.2830712253061888,4.771124048416626,1.0,1.0,1.0,0.18723665597084183,11
core,hidden_variable,variable_addition,False,MDL-Flat,18,core,0.9597526055943306,0.2969584993025072,4.8757891330170535,1.0,1.0,1.0,0.1837620693546888,11
core,hidden_variable,variable_addition,False,MDL-Flat,19,core,0.9521447975214352,0.33524569379029506,4.08540085622238,1.0,1.0,1.0,0.16599258333417316,11
core,hidden_variable,variable_addition,False,MDL-Flat,20,core,0.9499122890718016,0.34993033209030944,4.971167795426258,1.0,1.0,1.0,0.18909053547914423,11
core,hidden_variable,variable_addition,False,MDL-Flat,21,core,0.9580478239778204,0.31690267661993293,5.0088814594987054,1.0,1.0,1.0,0.18353680323231764,11
core,hidden_variable,variable_addition,False,MDL-Flat,22,core,0.9595264286647661,0.28983055489888004,4.553458458818391,1.0,1.0,1.0,0.17904608316364024,11
core,hidden_variable,variable_addition,False,MDL-Flat,23,core,0.9555394119518572,0.3288143296488174,4.935711824200549,1.0,1.0,1.0,0.18338095415659672,11
core,hidden_variable,variable_addition,False,MDL-Flat,24,core,0.9522865877811162,0.2905848622351548,4.020066739840891,1.0,1.0,1.0,0.1808373616839144,11
core,hidden_variable,variable_addition,False,MDL-Flat,25,core,0.9782003791233226,0.21565016330099826,4.7291184037938985,1.0,1.0,1.0,0.15323901280554525,11
core,hidden_variable,variable_addition,False,MDL-Flat,26,core,0.9621121158124306,0.25459173633623633,4.849393561391571,1.0,1.0,1.0,0.1953577122207994,11
core,hidden_variable,variable_addition,False,MDL-Flat,27,core,0.954850631214747,0.3273277168694594,4.74828057327071,1.0,1.0,1.0,0.18085032946129953,11
core,hidden_variable,variable_addition,False,MDL-Flat,28,core,0.9630304666325515,0.29091130278497257,4.396981050924322,1.0,1.0,1.0,0.1651049978512087,11
core,hidden_variable,variable_addition,False,MDL-Flat,29,core,0.9632996734320041,0.2926756927137036,4.600819940073202,1.0,1.0,1.0,0.1689355961653412,11
core,hidden_variable,variable_addition,False,MDL-Flat,30,core,0.9535499122709491,0.3529399702755503,4.677373681649722,1.0,1.0,1.0,0.17292914431236212,11
core,hidden_variable,variable_addition,False,MDL-Flat,31,core,0.9632815356558642,0.27048549768927554,5.28397037487528,1.0,1.0,1.0,0.1950490580587521,11
core,hidden_variable,variable_addition,False,MDL-Flat,32,core,0.9441809892841685,0.32136070666808836,4.160228918327438,1.0,1.0,1.0,0.18885806674251615,11
core,hidden_variable,variable_addition,False,MDL-Flat,33,core,0.9614192431212609,0.27288765802783893,4.318266162192621,1.0,1.0,1.0,0.17490188241639948,11
core,hidden_variable,variable_addition,False,MDL-Flat,34,core,0.9515889079733717,0.38762824681625824,4.770980107532367,1.0,1.0,1.0,0.16832228236027974,11
core,hidden_variable,variable_addition,False,MDL-Flat,35,core,0.9387942672183797,0.3510299601285594,4.314516863884549,1.0,1.0,1.0,0.19182395562875199,11
core,hidden_variable,variable_addition,False,MDL-Flat,36,core,0.9455112936042424,0.35226922268876937,3.4889068002147026,1.0,1.0,1.0,0.15443864273032137,11
core,hidden_variable,variable_addition,False,MDL-Flat,37,core,0.9595741033436024,0.307579480663025,4.815096742386096,1.0,1.0,1.0,0.1784953407640451,11
core,hidden_variable,variable_addition,False,MDL-Flat,38,core,0.9399403350668056,0.2668684204552652,3.1828932580842357,1.0,1.0,1.0,0.1862165679616793,11
core,hidden_variable,variable_addition,False,MDL-Flat,39,core,0.9582569010219896,0.2871765000007354,3.9428085015184675,1.0,1.0,1.0,0.16625306427429054,11
core,hidden_variable,variable_addition,False,MDL-Flat,40,core,0.9605289409547054,0.27819500177500767,4.403743629725286,1.0,1.0,1.0,0.1773242428337916,11
core,hidden_variable,variable_addition,False,MDL-Flat,41,core,0.9512107219280802,0.3590652954423543,4.185950382362265,1.0,1.0,1.0,0.16270538127336515,11
core,hidden_variable,variable_addition,False,MDL-Flat,42,core,0.963451668065907,0.30348568454872676,5.005321506311057,1.0,1.0,1.0,0.17415653965789252,11
core,hidden_variable,variable_addition,False,MDL-Flat,43,core,0.9515138654887442,0.28297856633831986,3.636196993911989,1.0,1.0,1.0,0.17360221034436363,11
core,hidden_variable,variable_addition,False,MDL-Flat,44,core,0.960758696004445,0.3056091179502671,4.660867592500271,1.0,1.0,1.0,0.1722919514341248,11
core,hidden_variable,variable_addition,False,MDL-Flat,45,core,0.9575749429339657,0.26690904409607513,3.765754843616036,1.0,1.0,1.0,0.17111107720008994,11
core,hidden_variable,variable_addition,False,MDL-Flat,46,core,0.950295400676081,0.3170140665558536,4.819670431807866,1.0,1.0,1.0,0.19662731134311617,11
core,hidden_variable,variable_addition,False,MDL-Flat,47,core,0.9596991513601594,0.27871002448755705,4.062491844833991,1.0,1.0,1.0,0.16969420058775608,11
core,hidden_variable,variable_addition,False,MDL-Flat,48,core,0.9612719676888872,0.26496865403346925,3.793714768506436,1.0,1.0,1.0,0.16354449507497393,11
core,hidden_variable,variable_addition,False,MDL-Flat,49,core,0.9596499799542483,0.3104301474550438,4.1007067465914995,1.0,1.0,1.0,0.15836951697765506,11
core,hidden_variable,variable_addition,False,EIC-NoMargin,0,core,0.9545626173664286,0.30926613842511586,4.729867457531382,1.0,1.0,1.0,0.1879278018297898,11
core,hidden_variable,variable_addition,False,EIC-NoMargin,1,core,0.9451013431030514,0.34876240957675453,4.024806224181896,1.0,1.0,1.0,0.1732113885276409,11
core,hidden_variable,variable_addition,False,EIC-NoMargin,2,core,0.9610195393410629,0.3679475466921678,6.184058754653594,1.0,1.0,1.0,0.1831941192477572,11
core,hidden_variable,variable_addition,False,EIC-NoMargin,3,core,0.9515467853994741,0.3767111328599043,4.716087005339968,1.0,1.0,1.0,0.1704259434106471,11
core,hidden_variable,variable_addition,False,EIC-NoMargin,4,core,0.9605027197921242,0.26092832308264663,3.4273969589314652,1.0,1.0,1.0,0.15560697355792857,11
core,hidden_variable,variable_addition,False,EIC-NoMargin,5,core,0.9508687294464058,0.33363617308114174,3.799606477355909,1.0,1.0,1.0,0.16066031722315738,11
core,hidden_variable,variable_addition,False,EIC-NoMargin,6,core,0.9604387335204659,0.277928948239476,3.407449316932031,1.0,1.0,1.0,0.14799467563794522,11
core,hidden_variable,variable_addition,False,EIC-NoMargin,7,core,0.9703242977379388,0.22503445862804305,4.5891171933309876,1.0,1.0,1.0,0.1772203520783852,11
core,hidden_variable,variable_addition,False,EIC-NoMargin,8,core,0.9621802966154868,0.313685567411388,5.135546852959716,1.0,1.0,1.0,0.17686281270842513,11
core,hidden_variable,variable_addition,False,EIC-NoMargin,9,core,0.9581033803984295,0.31053619632900575,4.15012375443555,1.0,1.0,1.0,0.16347621530110934,11
core,hidden_variable,variable_addition,False,EIC-NoMargin,10,core,0.9574627686027404,0.3205645171201583,5.026119340202992,1.0,1.0,1.0,0.1840190855269352,11
core,hidden_variable,variable_addition,False,EIC-NoMargin,11,core,0.9488524852047462,0.347191875706938,4.09960261577567,1.0,1.0,1.0,0.16889604847126283,11
core,hidden_variable,variable_addition,False,EIC-NoMargin,12,core,0.9338180610118456,0.4244620168405371,4.350994772771546,1.0,1.0,1.0,0.17730335334230124,11
core,hidden_variable,variable_addition,False,EIC-NoMargin,13,core,0.9571329838532177,0.337216868002053,4.038640794518313,1.0,1.0,1.0,0.15312730479882752,11
core,hidden_variable,variable_addition,False,EIC-NoMargin,14,core,0.9526973656874196,0.30616440497576364,3.5347168310543227,1.0,1.0,1.0,0.15853156762006837,11
core,hidden_variable,variable_addition,False,EIC-NoMargin,15,core,0.9431233871906275,0.32957175085702745,4.2420850007440185,1.0,1.0,1.0,0.19006779928654616,11
core,hidden_variable,variable_addition,False,EIC-NoMargin,16,core,0.9550785500661132,0.33281878426949313,4.824532990935518,1.0,1.0,1.0,0.1802401867758502,11
core,hidden_variable,variable_addition,False,EIC-NoMargin,17,core,0.9596372165817,0.2830712253061888,4.771124048416626,1.0,1.0,1.0,0.18723665597084183,11
core,hidden_variable,variable_addition,False,EIC-NoMargin,18,core,0.9597526055943306,0.2969584993025072,4.8757891330170535,1.0,1.0,1.0,0.1837620693546888,11
core,hidden_variable,variable_addition,False,EIC-NoMargin,19,core,0.9521447975214352,0.33524569379029506,4.08540085622238,1.0,1.0,1.0,0.16599258333417316,11
core,hidden_variable,variable_addition,False,EIC-NoMargin,20,core,0.9499122890718016,0.34993033209030944,4.971167795426258,1.0,1.0,1.0,0.18909053547914423,11
core,hidden_variable,variable_addition,False,EIC-NoMargin,21,core,0.9580478239778204,0.31690267661993293,5.0088814594987054,1.0,1.0,1.0,0.18353680323231764,11
core,hidden_variable,variable_addition,False,EIC-NoMargin,22,core,0.9595264286647661,0.28983055489888004,4.553458458818391,1.0,1.0,1.0,0.17904608316364024,11
core,hidden_variable,variable_addition,False,EIC-NoMargin,23,core,0.9555394119518572,0.3288143296488174,4.935711824200549,1.0,1.0,1.0,0.18338095415659672,11
core,hidden_variable,variable_addition,False,EIC-NoMargin,24,core,0.9522865877811162,0.2905848622351548,4.020066739840891,1.0,1.0,1.0,0.1808373616839144,11
core,hidden_variable,variable_addition,False,EIC-NoMargin,25,core,0.9782003791233226,0.21565016330099826,4.7291184037938985,1.0,1.0,1.0,0.15323901280554525,11
core,hidden_variable,variable_addition,False,EIC-NoMargin,26,core,0.9621121158124306,0.25459173633623633,4.849393561391571,1.0,1.0,1.0,0.1953577122207994,11
core,hidden_variable,variable_addition,False,EIC-NoMargin,27,core,0.954850631214747,0.3273277168694594,4.74828057327071,1.0,1.0,1.0,0.18085032946129953,11
core,hidden_variable,variable_addition,False,EIC-NoMargin,28,core,0.9630304666325515,0.29091130278497257,4.396981050924322,1.0,1.0,1.0,0.1651049978512087,11
core,hidden_variable,variable_addition,False,EIC-NoMargin,29,core,0.9632996734320041,0.2926756927137036,4.600819940073202,1.0,1.0,1.0,0.1689355961653412,11
core,hidden_variable,variable_addition,False,EIC-NoMargin,30,core,0.9535499122709491,0.3529399702755503,4.677373681649722,1.0,1.0,1.0,0.17292914431236212,11
core,hidden_variable,variable_addition,False,EIC-NoMargin,31,core,0.9632815356558642,0.27048549768927554,5.28397037487528,1.0,1.0,1.0,0.1950490580587521,11
core,hidden_variable,variable_addition,False,EIC-NoMargin,32,core,0.9441809892841685,0.32136070666808836,4.160228918327438,1.0,1.0,1.0,0.18885806674251615,11
core,hidden_variable,variable_addition,False,EIC-NoMargin,33,core,0.9614192431212609,0.27288765802783893,4.318266162192621,1.0,1.0,1.0,0.17490188241639948,11
core,hidden_variable,variable_addition,False,EIC-NoMargin,34,core,0.9515889079733717,0.38762824681625824,4.770980107532367,1.0,1.0,1.0,0.16832228236027974,11
core,hidden_variable,variable_addition,False,EIC-NoMargin,35,core,0.9387942672183797,0.3510299601285594,4.314516863884549,1.0,1.0,1.0,0.19182395562875199,11
core,hidden_variable,variable_addition,False,EIC-NoMargin,36,core,0.9455112936042424,0.35226922268876937,3.4889068002147026,1.0,1.0,1.0,0.15443864273032137,11
core,hidden_variable,variable_addition,False,EIC-NoMargin,37,core,0.9595741033436024,0.307579480663025,4.815096742386096,1.0,1.0,1.0,0.1784953407640451,11
core,hidden_variable,variable_addition,False,EIC-NoMargin,38,core,0.9399403350668056,0.2668684204552652,3.1828932580842357,1.0,1.0,1.0,0.1862165679616793,11
core,hidden_variable,variable_addition,False,EIC-NoMargin,39,core,0.9582569010219896,0.2871765000007354,3.9428085015184675,1.0,1.0,1.0,0.16625306427429054,11
core,hidden_variable,variable_addition,False,EIC-NoMargin,40,core,0.9605289409547054,0.27819500177500767,4.403743629725286,1.0,1.0,1.0,0.1773242428337916,11
core,hidden_variable,variable_addition,False,EIC-NoMargin,41,core,0.9512107219280802,0.3590652954423543,4.185950382362265,1.0,1.0,1.0,0.16270538127336515,11
core,hidden_variable,variable_addition,False,EIC-NoMargin,42,core,0.963451668065907,0.30348568454872676,5.005321506311057,1.0,1.0,1.0,0.17415653965789252,11
core,hidden_variable,variable_addition,False,EIC-NoMargin,43,core,0.9515138654887442,0.28297856633831986,3.636196993911989,1.0,1.0,1.0,0.17360221034436363,11
core,hidden_variable,variable_addition,False,EIC-NoMargin,44,core,0.960758696004445,0.3056091179502671,4.660867592500271,1.0,1.0,1.0,0.1722919514341248,11
core,hidden_variable,variable_addition,False,EIC-NoMargin,45,core,0.9575749429339657,0.26690904409607513,3.765754843616036,1.0,1.0,1.0,0.17111107720008994,11
core,hidden_variable,variable_addition,False,EIC-NoMargin,46,core,0.950295400676081,0.3170140665558536,4.819670431807866,1.0,1.0,1.0,0.19662731134311617,11
core,hidden_variable,variable_addition,False,EIC-NoMargin,47,core,0.9596991513601594,0.27871002448755705,4.062491844833991,1.0,1.0,1.0,0.16969420058775608,11
core,hidden_variable,variable_addition,False,EIC-NoMargin,48,core,0.9612719676888872,0.26496865403346925,3.793714768506436,1.0,1.0,1.0,0.16354449507497393,11
core,hidden_variable,variable_addition,False,EIC-NoMargin,49,core,0.9596499799542483,0.3104301474550438,4.1007067465914995,1.0,1.0,1.0,0.15836951697765506,11
core,hidden_variable,variable_addition,False,EIC-NoCost,0,core,0.9545626173664286,0.30926613842511586,4.729867457531382,1.0,1.0,1.0,0.1879278018297898,11
core,hidden_variable,variable_addition,False,EIC-NoCost,1,core,0.9451013431030514,0.34876240957675453,4.024806224181896,1.0,1.0,1.0,0.1732113885276409,11
core,hidden_variable,variable_addition,False,EIC-NoCost,2,core,0.9610195393410629,0.3679475466921678,6.184058754653594,1.0,1.0,1.0,0.1831941192477572,11
core,hidden_variable,variable_addition,False,EIC-NoCost,3,core,0.9515467853994741,0.3767111328599043,4.716087005339968,1.0,1.0,1.0,0.1704259434106471,11
core,hidden_variable,variable_addition,False,EIC-NoCost,4,core,0.9605027197921242,0.26092832308264663,3.4273969589314652,1.0,1.0,1.0,0.15560697355792857,11
core,hidden_variable,variable_addition,False,EIC-NoCost,5,core,0.9508687294464058,0.33363617308114174,3.799606477355909,1.0,1.0,1.0,0.16066031722315738,11
core,hidden_variable,variable_addition,False,EIC-NoCost,6,core,0.9604387335204659,0.277928948239476,3.407449316932031,1.0,1.0,1.0,0.14799467563794522,11
core,hidden_variable,variable_addition,False,EIC-NoCost,7,core,0.9703242977379388,0.22503445862804305,4.5891171933309876,1.0,1.0,1.0,0.1772203520783852,11
core,hidden_variable,variable_addition,False,EIC-NoCost,8,core,0.9621802966154868,0.313685567411388,5.135546852959716,1.0,1.0,1.0,0.17686281270842513,11
core,hidden_variable,variable_addition,False,EIC-NoCost,9,core,0.9581033803984295,0.31053619632900575,4.15012375443555,1.0,1.0,1.0,0.16347621530110934,11
core,hidden_variable,variable_addition,False,EIC-NoCost,10,core,0.9574627686027404,0.3205645171201583,5.026119340202992,1.0,1.0,1.0,0.1840190855269352,11
core,hidden_variable,variable_addition,False,EIC-NoCost,11,core,0.9488524852047462,0.347191875706938,4.09960261577567,1.0,1.0,1.0,0.16889604847126283,11
core,hidden_variable,variable_addition,False,EIC-NoCost,12,core,0.9338180610118456,0.4244620168405371,4.350994772771546,1.0,1.0,1.0,0.17730335334230124,11
core,hidden_variable,variable_addition,False,EIC-NoCost,13,core,0.9571329838532177,0.337216868002053,4.038640794518313,1.0,1.0,1.0,0.15312730479882752,11
core,hidden_variable,variable_addition,False,EIC-NoCost,14,core,0.9526973656874196,0.30616440497576364,3.5347168310543227,1.0,1.0,1.0,0.15853156762006837,11
core,hidden_variable,variable_addition,False,EIC-NoCost,15,core,0.9431233871906275,0.32957175085702745,4.2420850007440185,1.0,1.0,1.0,0.19006779928654616,11
core,hidden_variable,variable_addition,False,EIC-NoCost,16,core,0.9550785500661132,0.33281878426949313,4.824532990935518,1.0,1.0,1.0,0.1802401867758502,11
core,hidden_variable,variable_addition,False,EIC-NoCost,17,core,0.9596372165817,0.2830712253061888,4.771124048416626,1.0,1.0,1.0,0.18723665597084183,11
core,hidden_variable,variable_addition,False,EIC-NoCost,18,core,0.9597526055943306,0.2969584993025072,4.8757891330170535,1.0,1.0,1.0,0.1837620693546888,11
core,hidden_variable,variable_addition,False,EIC-NoCost,19,core,0.9521447975214352,0.33524569379029506,4.08540085622238,1.0,1.0,1.0,0.16599258333417316,11
core,hidden_variable,variable_addition,False,EIC-NoCost,20,core,0.9499122890718016,0.34993033209030944,4.971167795426258,1.0,1.0,1.0,0.18909053547914423,11
core,hidden_variable,variable_addition,False,EIC-NoCost,21,core,0.9580478239778204,0.31690267661993293,5.0088814594987054,1.0,1.0,1.0,0.18353680323231764,11
core,hidden_variable,variable_addition,False,EIC-NoCost,22,core,0.9595264286647661,0.28983055489888004,4.553458458818391,1.0,1.0,1.0,0.17904608316364024,11
core,hidden_variable,variable_addition,False,EIC-NoCost,23,core,0.9555394119518572,0.3288143296488174,4.935711824200549,1.0,1.0,1.0,0.18338095415659672,11
core,hidden_variable,variable_addition,False,EIC-NoCost,24,core,0.9522865877811162,0.2905848622351548,4.020066739840891,1.0,1.0,1.0,0.1808373616839144,11
core,hidden_variable,variable_addition,False,EIC-NoCost,25,core,0.9782003791233226,0.21565016330099826,4.7291184037938985,1.0,1.0,1.0,0.15323901280554525,11
core,hidden_variable,variable_addition,False,EIC-NoCost,26,core,0.9621121158124306,0.25459173633623633,4.849393561391571,1.0,1.0,1.0,0.1953577122207994,11
core,hidden_variable,variable_addition,False,EIC-NoCost,27,core,0.954850631214747,0.3273277168694594,4.74828057327071,1.0,1.0,1.0,0.18085032946129953,11
core,hidden_variable,variable_addition,False,EIC-NoCost,28,core,0.9630304666325515,0.29091130278497257,4.396981050924322,1.0,1.0,1.0,0.1651049978512087,11
core,hidden_variable,variable_addition,False,EIC-NoCost,29,core,0.9632996734320041,0.2926756927137036,4.600819940073202,1.0,1.0,1.0,0.1689355961653412,11
core,hidden_variable,variable_addition,False,EIC-NoCost,30,core,0.9535499122709491,0.3529399702755503,4.677373681649722,1.0,1.0,1.0,0.17292914431236212,11
core,hidden_variable,variable_addition,False,EIC-NoCost,31,core,0.9632815356558642,0.27048549768927554,5.28397037487528,1.0,1.0,1.0,0.1950490580587521,11
core,hidden_variable,variable_addition,False,EIC-NoCost,32,core,0.9441809892841685,0.32136070666808836,4.160228918327438,1.0,1.0,1.0,0.18885806674251615,11
core,hidden_variable,variable_addition,False,EIC-NoCost,33,core,0.9614192431212609,0.27288765802783893,4.318266162192621,1.0,1.0,1.0,0.17490188241639948,11
core,hidden_variable,variable_addition,False,EIC-NoCost,34,core,0.9515889079733717,0.38762824681625824,4.770980107532367,1.0,1.0,1.0,0.16832228236027974,11
core,hidden_variable,variable_addition,False,EIC-NoCost,35,core,0.9387942672183797,0.3510299601285594,4.314516863884549,1.0,1.0,1.0,0.19182395562875199,11
core,hidden_variable,variable_addition,False,EIC-NoCost,36,core,0.9455112936042424,0.35226922268876937,3.4889068002147026,1.0,1.0,1.0,0.15443864273032137,11
core,hidden_variable,variable_addition,False,EIC-NoCost,37,core,0.9595741033436024,0.307579480663025,4.815096742386096,1.0,1.0,1.0,0.1784953407640451,11
core,hidden_variable,variable_addition,False,EIC-NoCost,38,core,0.9399403350668056,0.2668684204552652,3.1828932580842357,1.0,1.0,1.0,0.1862165679616793,11
core,hidden_variable,variable_addition,False,EIC-NoCost,39,core,0.9582569010219896,0.2871765000007354,3.9428085015184675,1.0,1.0,1.0,0.16625306427429054,11
core,hidden_variable,variable_addition,False,EIC-NoCost,40,core,0.9605289409547054,0.27819500177500767,4.403743629725286,1.0,1.0,1.0,0.1773242428337916,11
core,hidden_variable,variable_addition,False,EIC-NoCost,41,core,0.9512107219280802,0.3590652954423543,4.185950382362265,1.0,1.0,1.0,0.16270538127336515,11
core,hidden_variable,variable_addition,False,EIC-NoCost,42,core,0.963451668065907,0.30348568454872676,5.005321506311057,1.0,1.0,1.0,0.17415653965789252,11
core,hidden_variable,variable_addition,False,EIC-NoCost,43,core,0.9515138654887442,0.28297856633831986,3.636196993911989,1.0,1.0,1.0,0.17360221034436363,11
core,hidden_variable,variable_addition,False,EIC-NoCost,44,core,0.960758696004445,0.3056091179502671,4.660867592500271,1.0,1.0,1.0,0.1722919514341248,11
core,hidden_variable,variable_addition,False,EIC-NoCost,45,core,0.9575749429339657,0.26690904409607513,3.765754843616036,1.0,1.0,1.0,0.17111107720008994,11
core,hidden_variable,variable_addition,False,EIC-NoCost,46,core,0.950295400676081,0.3170140665558536,4.819670431807866,1.0,1.0,1.0,0.19662731134311617,11
core,hidden_variable,variable_addition,False,EIC-NoCost,47,core,0.9596991513601594,0.27871002448755705,4.062491844833991,1.0,1.0,1.0,0.16969420058775608,11
core,hidden_variable,variable_addition,False,EIC-NoCost,48,core,0.9612719676888872,0.26496865403346925,3.793714768506436,1.0,1.0,1.0,0.16354449507497393,11
core,hidden_variable,variable_addition,False,EIC-NoCost,49,core,0.9596499799542483,0.3104301474550438,4.1007067465914995,1.0,1.0,1.0,0.15836951697765506,11
core,hidden_variable,variable_addition,False,EIC-Greedy,0,core,0.9545626173664286,0.30926613842511586,4.729867457531382,1.0,1.0,1.0,0.1879278018297898,11
core,hidden_variable,variable_addition,False,EIC-Greedy,1,core,0.9451013431030514,0.34876240957675453,4.024806224181896,1.0,1.0,1.0,0.1732113885276409,11
core,hidden_variable,variable_addition,False,EIC-Greedy,2,core,0.9610195393410629,0.3679475466921678,6.184058754653594,1.0,1.0,1.0,0.1831941192477572,11
core,hidden_variable,variable_addition,False,EIC-Greedy,3,core,0.9515467853994741,0.3767111328599043,4.716087005339968,1.0,1.0,1.0,0.1704259434106471,11
core,hidden_variable,variable_addition,False,EIC-Greedy,4,core,0.9605027197921242,0.26092832308264663,3.4273969589314652,1.0,1.0,1.0,0.15560697355792857,11
core,hidden_variable,variable_addition,False,EIC-Greedy,5,core,0.9508687294464058,0.33363617308114174,3.799606477355909,1.0,1.0,1.0,0.16066031722315738,11
core,hidden_variable,variable_addition,False,EIC-Greedy,6,core,0.9604387335204659,0.277928948239476,3.407449316932031,1.0,1.0,1.0,0.14799467563794522,11
core,hidden_variable,variable_addition,False,EIC-Greedy,7,core,0.9703242977379388,0.22503445862804305,4.5891171933309876,1.0,1.0,1.0,0.1772203520783852,11
core,hidden_variable,variable_addition,False,EIC-Greedy,8,core,0.9621802966154868,0.313685567411388,5.135546852959716,1.0,1.0,1.0,0.17686281270842513,11
core,hidden_variable,variable_addition,False,EIC-Greedy,9,core,0.9581033803984295,0.31053619632900575,4.15012375443555,1.0,1.0,1.0,0.16347621530110934,11
core,hidden_variable,variable_addition,False,EIC-Greedy,10,core,0.9574627686027404,0.3205645171201583,5.026119340202992,1.0,1.0,1.0,0.1840190855269352,11
core,hidden_variable,variable_addition,False,EIC-Greedy,11,core,0.9488524852047462,0.347191875706938,4.09960261577567,1.0,1.0,1.0,0.16889604847126283,11
core,hidden_variable,variable_addition,False,EIC-Greedy,12,core,0.9338180610118456,0.4244620168405371,4.350994772771546,1.0,1.0,1.0,0.17730335334230124,11
core,hidden_variable,variable_addition,False,EIC-Greedy,13,core,0.9571329838532177,0.337216868002053,4.038640794518313,1.0,1.0,1.0,0.15312730479882752,11
core,hidden_variable,variable_addition,False,EIC-Greedy,14,core,0.9526973656874196,0.30616440497576364,3.5347168310543227,1.0,1.0,1.0,0.15853156762006837,11
core,hidden_variable,variable_addition,False,EIC-Greedy,15,core,0.9431233871906275,0.32957175085702745,4.2420850007440185,1.0,1.0,1.0,0.19006779928654616,11
core,hidden_variable,variable_addition,False,EIC-Greedy,16,core,0.9550785500661132,0.33281878426949313,4.824532990935518,1.0,1.0,1.0,0.1802401867758502,11
core,hidden_variable,variable_addition,False,EIC-Greedy,17,core,0.9596372165817,0.2830712253061888,4.771124048416626,1.0,1.0,1.0,0.18723665597084183,11
core,hidden_variable,variable_addition,False,EIC-Greedy,18,core,0.9597526055943306,0.2969584993025072,4.8757891330170535,1.0,1.0,1.0,0.1837620693546888,11
core,hidden_variable,variable_addition,False,EIC-Greedy,19,core,0.9521447975214352,0.33524569379029506,4.08540085622238,1.0,1.0,1.0,0.16599258333417316,11
core,hidden_variable,variable_addition,False,EIC-Greedy,20,core,0.9499122890718016,0.34993033209030944,4.971167795426258,1.0,1.0,1.0,0.18909053547914423,11
core,hidden_variable,variable_addition,False,EIC-Greedy,21,core,0.9580478239778204,0.31690267661993293,5.0088814594987054,1.0,1.0,1.0,0.18353680323231764,11
core,hidden_variable,variable_addition,False,EIC-Greedy,22,core,0.9595264286647661,0.28983055489888004,4.553458458818391,1.0,1.0,1.0,0.17904608316364024,11
core,hidden_variable,variable_addition,False,EIC-Greedy,23,core,0.9555394119518572,0.3288143296488174,4.935711824200549,1.0,1.0,1.0,0.18338095415659672,11
core,hidden_variable,variable_addition,False,EIC-Greedy,24,core,0.9522865877811162,0.2905848622351548,4.020066739840891,1.0,1.0,1.0,0.1808373616839144,11
core,hidden_variable,variable_addition,False,EIC-Greedy,25,core,0.9782003791233226,0.21565016330099826,4.7291184037938985,1.0,1.0,1.0,0.15323901280554525,11
core,hidden_variable,variable_addition,False,EIC-Greedy,26,core,0.9621121158124306,0.25459173633623633,4.849393561391571,1.0,1.0,1.0,0.1953577122207994,11
core,hidden_variable,variable_addition,False,EIC-Greedy,27,core,0.954850631214747,0.3273277168694594,4.74828057327071,1.0,1.0,1.0,0.18085032946129953,11
core,hidden_variable,variable_addition,False,EIC-Greedy,28,core,0.9630304666325515,0.29091130278497257,4.396981050924322,1.0,1.0,1.0,0.1651049978512087,11
core,hidden_variable,variable_addition,False,EIC-Greedy,29,core,0.9632996734320041,0.2926756927137036,4.600819940073202,1.0,1.0,1.0,0.1689355961653412,11
core,hidden_variable,variable_addition,False,EIC-Greedy,30,core,0.9535499122709491,0.3529399702755503,4.677373681649722,1.0,1.0,1.0,0.17292914431236212,11
core,hidden_variable,variable_addition,False,EIC-Greedy,31,core,0.9632815356558642,0.27048549768927554,5.28397037487528,1.0,1.0,1.0,0.1950490580587521,11
core,hidden_variable,variable_addition,False,EIC-Greedy,32,core,0.9441809892841685,0.32136070666808836,4.160228918327438,1.0,1.0,1.0,0.18885806674251615,11
core,hidden_variable,variable_addition,False,EIC-Greedy,33,core,0.9614192431212609,0.27288765802783893,4.318266162192621,1.0,1.0,1.0,0.17490188241639948,11
core,hidden_variable,variable_addition,False,EIC-Greedy,34,core,0.9515889079733717,0.38762824681625824,4.770980107532367,1.0,1.0,1.0,0.16832228236027974,11
core,hidden_variable,variable_addition,False,EIC-Greedy,35,core,0.9387942672183797,0.3510299601285594,4.314516863884549,1.0,1.0,1.0,0.19182395562875199,11
core,hidden_variable,variable_addition,False,EIC-Greedy,36,core,0.9455112936042424,0.35226922268876937,3.4889068002147026,1.0,1.0,1.0,0.15443864273032137,11
core,hidden_variable,variable_addition,False,EIC-Greedy,37,core,0.9595741033436024,0.307579480663025,4.815096742386096,1.0,1.0,1.0,0.1784953407640451,11
core,hidden_variable,variable_addition,False,EIC-Greedy,38,core,0.9399403350668056,0.2668684204552652,3.1828932580842357,1.0,1.0,1.0,0.1862165679616793,11
core,hidden_variable,variable_addition,False,EIC-Greedy,39,core,0.9582569010219896,0.2871765000007354,3.9428085015184675,1.0,1.0,1.0,0.16625306427429054,11
core,hidden_variable,variable_addition,False,EIC-Greedy,40,core,0.9605289409547054,0.27819500177500767,4.403743629725286,1.0,1.0,1.0,0.1773242428337916,11
core,hidden_variable,variable_addition,False,EIC-Greedy,41,core,0.9512107219280802,0.3590652954423543,4.185950382362265,1.0,1.0,1.0,0.16270538127336515,11
core,hidden_variable,variable_addition,False,EIC-Greedy,42,core,0.963451668065907,0.30348568454872676,5.005321506311057,1.0,1.0,1.0,0.17415653965789252,11
core,hidden_variable,variable_addition,False,EIC-Greedy,43,core,0.9515138654887442,0.28297856633831986,3.636196993911989,1.0,1.0,1.0,0.17360221034436363,11
core,hidden_variable,variable_addition,False,EIC-Greedy,44,core,0.960758696004445,0.3056091179502671,4.660867592500271,1.0,1.0,1.0,0.1722919514341248,11
core,hidden_variable,variable_addition,False,EIC-Greedy,45,core,0.9575749429339657,0.26690904409607513,3.765754843616036,1.0,1.0,1.0,0.17111107720008994,11
core,hidden_variable,variable_addition,False,EIC-Greedy,46,core,0.950295400676081,0.3170140665558536,4.819670431807866,1.0,1.0,1.0,0.19662731134311617,11
core,hidden_variable,variable_addition,False,EIC-Greedy,47,core,0.9596991513601594,0.27871002448755705,4.062491844833991,1.0,1.0,1.0,0.16969420058775608,11
core,hidden_variable,variable_addition,False,EIC-Greedy,48,core,0.9612719676888872,0.26496865403346925,3.793714768506436,1.0,1.0,1.0,0.16354449507497393,11
core,hidden_variable,variable_addition,False,EIC-Greedy,49,core,0.9596499799542483,0.3104301474550438,4.1007067465914995,1.0,1.0,1.0,0.15836951697765506,11
core,hidden_variable,variable_addition,False,Oracle,0,core,0.9545626173664286,0.30926613842511586,4.729867457531382,1.0,1.0,1.0,0.1879278018297898,11
core,hidden_variable,variable_addition,False,Oracle,1,core,0.9451013431030514,0.34876240957675453,4.024806224181896,1.0,1.0,1.0,0.1732113885276409,11
core,hidden_variable,variable_addition,False,Oracle,2,core,0.9610195393410629,0.3679475466921678,6.184058754653594,1.0,1.0,1.0,0.1831941192477572,11
core,hidden_variable,variable_addition,False,Oracle,3,core,0.9515467853994741,0.3767111328599043,4.716087005339968,1.0,1.0,1.0,0.1704259434106471,11
core,hidden_variable,variable_addition,False,Oracle,4,core,0.9605027197921242,0.26092832308264663,3.4273969589314652,1.0,1.0,1.0,0.15560697355792857,11
core,hidden_variable,variable_addition,False,Oracle,5,core,0.9508687294464058,0.33363617308114174,3.799606477355909,1.0,1.0,1.0,0.16066031722315738,11
core,hidden_variable,variable_addition,False,Oracle,6,core,0.9604387335204659,0.277928948239476,3.407449316932031,1.0,1.0,1.0,0.14799467563794522,11
core,hidden_variable,variable_addition,False,Oracle,7,core,0.9703242977379388,0.22503445862804305,4.5891171933309876,1.0,1.0,1.0,0.1772203520783852,11
core,hidden_variable,variable_addition,False,Oracle,8,core,0.9621802966154868,0.313685567411388,5.135546852959716,1.0,1.0,1.0,0.17686281270842513,11
core,hidden_variable,variable_addition,False,Oracle,9,core,0.9581033803984295,0.31053619632900575,4.15012375443555,1.0,1.0,1.0,0.16347621530110934,11
core,hidden_variable,variable_addition,False,Oracle,10,core,0.9574627686027404,0.3205645171201583,5.026119340202992,1.0,1.0,1.0,0.1840190855269352,11
core,hidden_variable,variable_addition,False,Oracle,11,core,0.9488524852047462,0.347191875706938,4.09960261577567,1.0,1.0,1.0,0.16889604847126283,11
core,hidden_variable,variable_addition,False,Oracle,12,core,0.9338180610118456,0.4244620168405371,4.350994772771546,1.0,1.0,1.0,0.17730335334230124,11
core,hidden_variable,variable_addition,False,Oracle,13,core,0.9571329838532177,0.337216868002053,4.038640794518313,1.0,1.0,1.0,0.15312730479882752,11
core,hidden_variable,variable_addition,False,Oracle,14,core,0.9526973656874196,0.30616440497576364,3.5347168310543227,1.0,1.0,1.0,0.15853156762006837,11
core,hidden_variable,variable_addition,False,Oracle,15,core,0.9431233871906275,0.32957175085702745,4.2420850007440185,1.0,1.0,1.0,0.19006779928654616,11
core,hidden_variable,variable_addition,False,Oracle,16,core,0.9550785500661132,0.33281878426949313,4.824532990935518,1.0,1.0,1.0,0.1802401867758502,11
core,hidden_variable,variable_addition,False,Oracle,17,core,0.9596372165817,0.2830712253061888,4.771124048416626,1.0,1.0,1.0,0.18723665597084183,11
core,hidden_variable,variable_addition,False,Oracle,18,core,0.9597526055943306,0.2969584993025072,4.8757891330170535,1.0,1.0,1.0,0.1837620693546888,11
core,hidden_variable,variable_addition,False,Oracle,19,core,0.9521447975214352,0.33524569379029506,4.08540085622238,1.0,1.0,1.0,0.16599258333417316,11
core,hidden_variable,variable_addition,False,Oracle,20,core,0.9499122890718016,0.34993033209030944,4.971167795426258,1.0,1.0,1.0,0.18909053547914423,11
core,hidden_variable,variable_addition,False,Oracle,21,core,0.9580478239778204,0.31690267661993293,5.0088814594987054,1.0,1.0,1.0,0.18353680323231764,11
core,hidden_variable,variable_addition,False,Oracle,22,core,0.9595264286647661,0.28983055489888004,4.553458458818391,1.0,1.0,1.0,0.17904608316364024,11
core,hidden_variable,variable_addition,False,Oracle,23,core,0.9555394119518572,0.3288143296488174,4.935711824200549,1.0,1.0,1.0,0.18338095415659672,11
core,hidden_variable,variable_addition,False,Oracle,24,core,0.9522865877811162,0.2905848622351548,4.020066739840891,1.0,1.0,1.0,0.1808373616839144,11
core,hidden_variable,variable_addition,False,Oracle,25,core,0.9782003791233226,0.21565016330099826,4.7291184037938985,1.0,1.0,1.0,0.15323901280554525,11
core,hidden_variable,variable_addition,False,Oracle,26,core,0.9621121158124306,0.25459173633623633,4.849393561391571,1.0,1.0,1.0,0.1953577122207994,11
core,hidden_variable,variable_addition,False,Oracle,27,core,0.954850631214747,0.3273277168694594,4.74828057327071,1.0,1.0,1.0,0.18085032946129953,11
core,hidden_variable,variable_addition,False,Oracle,28,core,0.9630304666325515,0.29091130278497257,4.396981050924322,1.0,1.0,1.0,0.1651049978512087,11
core,hidden_variable,variable_addition,False,Oracle,29,core,0.9632996734320041,0.2926756927137036,4.600819940073202,1.0,1.0,1.0,0.1689355961653412,11
core,hidden_variable,variable_addition,False,Oracle,30,core,0.9535499122709491,0.3529399702755503,4.677373681649722,1.0,1.0,1.0,0.17292914431236212,11
core,hidden_variable,variable_addition,False,Oracle,31,core,0.9632815356558642,0.27048549768927554,5.28397037487528,1.0,1.0,1.0,0.1950490580587521,11
core,hidden_variable,variable_addition,False,Oracle,32,core,0.9441809892841685,0.32136070666808836,4.160228918327438,1.0,1.0,1.0,0.18885806674251615,11
core,hidden_variable,variable_addition,False,Oracle,33,core,0.9614192431212609,0.27288765802783893,4.318266162192621,1.0,1.0,1.0,0.17490188241639948,11
core,hidden_variable,variable_addition,False,Oracle,34,core,0.9515889079733717,0.38762824681625824,4.770980107532367,1.0,1.0,1.0,0.16832228236027974,11
core,hidden_variable,variable_addition,False,Oracle,35,core,0.9387942672183797,0.3510299601285594,4.314516863884549,1.0,1.0,1.0,0.19182395562875199,11
core,hidden_variable,variable_addition,False,Oracle,36,core,0.9455112936042424,0.35226922268876937,3.4889068002147026,1.0,1.0,1.0,0.15443864273032137,11
core,hidden_variable,variable_addition,False,Oracle,37,core,0.9595741033436024,0.307579480663025,4.815096742386096,1.0,1.0,1.0,0.1784953407640451,11
core,hidden_variable,variable_addition,False,Oracle,38,core,0.9399403350668056,0.2668684204552652,3.1828932580842357,1.0,1.0,1.0,0.1862165679616793,11
core,hidden_variable,variable_addition,False,Oracle,39,core,0.9582569010219896,0.2871765000007354,3.9428085015184675,1.0,1.0,1.0,0.16625306427429054,11
core,hidden_variable,variable_addition,False,Oracle,40,core,0.9605289409547054,0.27819500177500767,4.403743629725286,1.0,1.0,1.0,0.1773242428337916,11
core,hidden_variable,variable_addition,False,Oracle,41,core,0.9512107219280802,0.3590652954423543,4.185950382362265,1.0,1.0,1.0,0.16270538127336515,11
core,hidden_variable,variable_addition,False,Oracle,42,core,0.963451668065907,0.30348568454872676,5.005321506311057,1.0,1.0,1.0,0.17415653965789252,11
core,hidden_variable,variable_addition,False,Oracle,43,core,0.9515138654887442,0.28297856633831986,3.636196993911989,1.0,1.0,1.0,0.17360221034436363,11
core,hidden_variable,variable_addition,False,Oracle,44,core,0.960758696004445,0.3056091179502671,4.660867592500271,1.0,1.0,1.0,0.1722919514341248,11
core,hidden_variable,variable_addition,False,Oracle,45,core,0.9575749429339657,0.26690904409607513,3.765754843616036,1.0,1.0,1.0,0.17111107720008994,11
core,hidden_variable,variable_addition,False,Oracle,46,core,0.950295400676081,0.3170140665558536,4.819670431807866,1.0,1.0,1.0,0.19662731134311617,11
core,hidden_variable,variable_addition,False,Oracle,47,core,0.9596991513601594,0.27871002448755705,4.062491844833991,1.0,1.0,1.0,0.16969420058775608,11
core,hidden_variable,variable_addition,False,Oracle,48,core,0.9612719676888872,0.26496865403346925,3.793714768506436,1.0,1.0,1.0,0.16354449507497393,11
core,hidden_variable,variable_addition,False,Oracle,49,core,0.9596499799542483,0.3104301474550438,4.1007067465914995,1.0,1.0,1.0,0.15836951697765506,11
core,hidden_variable,variable_addition,True,Fixed-Frame,0,core,0.893181518511975,0.309101167040669,0.309101167040669,1.0,0.0,0.0,0.0,11
core,hidden_variable,variable_addition,True,Fixed-Frame,1,core,0.870863275083144,0.33951966958956387,0.33951966958956387,1.0,0.0,0.0,0.0,11
core,hidden_variable,variable_addition,True,Fixed-Frame,2,core,0.8803332604584156,0.3565805478420652,0.3565805478420652,1.0,0.0,0.0,0.0,11
core,hidden_variable,variable_addition,True,Fixed-Frame,3,core,0.8804836533252145,0.3761945760699924,0.3761945760699924,1.0,0.0,0.0,0.0,11
core,hidden_variable,variable_addition,True,Fixed-Frame,4,core,0.9096950334637245,0.2606775328332504,0.2606775328332504,1.0,0.0,0.0,0.0,11
core,hidden_variable,variable_addition,True,Fixed-Frame,5,core,0.8921352639587894,0.33888133715894647,0.33888133715894647,1.0,0.0,0.0,0.0,11
core,hidden_variable,variable_addition,True,Fixed-Frame,6,core,0.9105981304264058,0.2737135449614189,0.2737135449614189,1.0,0.0,0.0,0.0,11
core,hidden_variable,variable_addition,True,Fixed-Frame,7,core,0.9223856765597711,0.22372596267590908,0.22372596267590908,1.0,0.0,0.0,0.0,11
core,hidden_variable,variable_addition,True,Fixed-Frame,8,core,0.8975447202063396,0.3137619694515935,0.3137619694515935,1.0,0.0,0.0,0.0,11
core,hidden_variable,variable_addition,True,Fixed-Frame,9,core,0.9048003330521995,0.3099571495454496,0.3099571495454496,1.0,0.0,0.0,0.0,11
core,hidden_variable,variable_addition,True,Fixed-Frame,10,core,0.8916094082224474,0.32149483164990017,0.32149483164990017,1.0,0.0,0.0,0.0,11
core,hidden_variable,variable_addition,True,Fixed-Frame,11,core,0.8873618399541447,0.3477361274431492,0.3477361274431492,1.0,0.0,0.0,0.0,11
core,hidden_variable,variable_addition,True,Fixed-Frame,12,core,0.8577672805340177,0.41752498144028544,0.41752498144028544,1.0,0.0,0.0,0.0,11
core,hidden_variable,variable_addition,True,Fixed-Frame,13,core,0.9053453432372389,0.3411187978197278,0.3411187978197278,1.0,0.0,0.0,0.0,11
core,hidden_variable,variable_addition,True,Fixed-Frame,14,core,0.8988358861680843,0.3058646129496451,0.3058646129496451,1.0,0.0,0.0,0.0,11
core,hidden_variable,variable_addition,True,Fixed-Frame,15,core,0.8925882680148288,0.32967064658225076,0.32967064658225076,1.0,0.0,0.0,0.0,11
core,hidden_variable,variable_addition,True,Fixed-Frame,16,core,0.8797091230851538,0.33345144200943305,0.33345144200943305,1.0,0.0,0.0,0.0,11
core,hidden_variable,variable_addition,True,Fixed-Frame,17,core,0.9168817399884844,0.28129855047583663,0.28129855047583663,1.0,0.0,0.0,0.0,11
core,hidden_variable,variable_addition,True,Fixed-Frame,18,core,0.9001305748480418,0.2961634325910392,0.2961634325910392,1.0,0.0,0.0,0.0,11
core,hidden_variable,variable_addition,True,Fixed-Frame,19,core,0.8645841296927221,0.33510159034433173,0.33510159034433173,1.0,0.0,0.0,0.0,11
core,hidden_variable,variable_addition,True,Fixed-Frame,20,core,0.8842534849558652,0.35064868291602963,0.35064868291602963,1.0,0.0,0.0,0.0,11
core,hidden_variable,variable_addition,True,Fixed-Frame,21,core,0.9074655427208035,0.31474829771234,0.31474829771234,1.0,0.0,0.0,0.0,11
core,hidden_variable,variable_addition,True,Fixed-Frame,22,core,0.9063844091794483,0.28979959326007404,0.28979959326007404,1.0,0.0,0.0,0.0,11
core,hidden_variable,variable_addition,True,Fixed-Frame,23,core,0.8820445407356423,0.3215881214112663,0.3215881214112663,1.0,0.0,0.0,0.0,11
core,hidden_variable,variable_addition,True,Fixed-Frame,24,core,0.8979208238544054,0.2856947791515069,0.2856947791515069,1.0,0.0,0.0,0.0,11
core,hidden_variable,variable_addition,True,Fixed-Frame,25,core,0.9359350546875624,0.21293740175519468,0.21293740175519468,1.0,0.0,0.0,0.0,11
core,hidden_variable,variable_addition,True,Fixed-Frame,26,core,0.8879275561594181,0.2554125066778256,0.2554125066778256,1.0,0.0,0.0,0.0,11
core,hidden_variable,variable_addition,True,Fixed-Frame,27,core,0.9075110855096388,0.32671342519099916,0.32671342519099916,1.0,0.0,0.0,0.0,11
core,hidden_variable,variable_addition,True,Fixed-Frame,28,core,0.9139107090393203,0.2917712341152834,0.2917712341152834,1.0,0.0,0.0,0.0,11
core,hidden_variable,variable_addition,True,Fixed-Frame,29,core,0.9210497828129495,0.293947982184583,0.293947982184583,1.0,0.0,0.0,0.0,11
core,hidden_variable,variable_addition,True,Fixed-Frame,30,core,0.8926642291273493,0.3530298463697336,0.3530298463697336,1.0,0.0,0.0,0.0,11
core,hidden_variable,variable_addition,True,Fixed-Frame,31,core,0.9025799610872483,0.27592078503211254,0.27592078503211254,1.0,0.0,0.0,0.0,11
core,hidden_variable,variable_addition,True,Fixed-Frame,32,core,0.8886833117124664,0.3214940577793108,0.3214940577793108,1.0,0.0,0.0,0.0,11
core,hidden_variable,variable_addition,True,Fixed-Frame,33,core,0.9060963454643547,0.27318897031740386,0.27318897031740386,1.0,0.0,0.0,0.0,11
core,hidden_variable,variable_addition,True,Fixed-Frame,34,core,0.8828905228646724,0.3815594303083798,0.3815594303083798,1.0,0.0,0.0,0.0,11
core,hidden_variable,variable_addition,True,Fixed-Frame,35,core,0.8628523242190688,0.35142307749660273,0.35142307749660273,1.0,0.0,0.0,0.0,11
core,hidden_variable,variable_addition,True,Fixed-Frame,36,core,0.8772209805160635,0.34907850318164213,0.34907850318164213,1.0,0.0,0.0,0.0,11
core,hidden_variable,variable_addition,True,Fixed-Frame,37,core,0.9023503643225969,0.3075611369427383,0.3075611369427383,1.0,0.0,0.0,0.0,11
core,hidden_variable,variable_addition,True,Fixed-Frame,38,core,0.9056311612441617,0.2664805082508867,0.2664805082508867,1.0,0.0,0.0,0.0,11
core,hidden_variable,variable_addition,True,Fixed-Frame,39,core,0.9099499259212999,0.28941286602067373,0.28941286602067373,1.0,0.0,0.0,0.0,11
core,hidden_variable,variable_addition,True,Fixed-Frame,40,core,0.9126738358936024,0.2783341861765512,0.2783341861765512,1.0,0.0,0.0,0.0,11
core,hidden_variable,variable_addition,True,Fixed-Frame,41,core,0.8842480245609572,0.3602521306170312,0.3602521306170312,1.0,0.0,0.0,0.0,11
core,hidden_variable,variable_addition,True,Fixed-Frame,42,core,0.9045806330741841,0.30028023070280985,0.30028023070280985,1.0,0.0,0.0,0.0,11
core,hidden_variable,variable_addition,True,Fixed-Frame,43,core,0.9119991985107546,0.27862579518502045,0.27862579518502045,1.0,0.0,0.0,0.0,11
core,hidden_variable,variable_addition,True,Fixed-Frame,44,core,0.8987672107786671,0.3044311326214608,0.3044311326214608,1.0,0.0,0.0,0.0,11
core,hidden_variable,variable_addition,True,Fixed-Frame,45,core,0.9015069507518283,0.26571453914736726,0.26571453914736726,1.0,0.0,0.0,0.0,11
core,hidden_variable,variable_addition,True,Fixed-Frame,46,core,0.9055017759914809,0.3136552446177001,0.3136552446177001,1.0,0.0,0.0,0.0,11
core,hidden_variable,variable_addition,True,Fixed-Frame,47,core,0.8980046973779147,0.2778567280444058,0.2778567280444058,1.0,0.0,0.0,0.0,11
core,hidden_variable,variable_addition,True,Fixed-Frame,48,core,0.906836786956972,0.26328205425124357,0.26328205425124357,1.0,0.0,0.0,0.0,11
core,hidden_variable,variable_addition,True,Fixed-Frame,49,core,0.907972417990684,0.31069213567048026,0.31069213567048026,1.0,0.0,0.0,0.0,11
core,hidden_variable,variable_addition,True,Random-Edit,0,core,0.8931306007456503,0.30926613842511613,0.309101167040669,0.0,1.0,1.0,0.0,11
core,hidden_variable,variable_addition,True,Random-Edit,1,core,0.8680349416873182,0.3480862711044883,0.33951966958956387,0.0,1.0,1.0,0.0,11
core,hidden_variable,variable_addition,True,Random-Edit,2,core,0.8803871581477516,0.3563981244036378,0.3565805478420652,0.0,1.0,1.0,2.6948844667973315e-05,11
core,hidden_variable,variable_addition,True,Random-Edit,3,core,0.8804981470350326,0.3761427633566763,0.3761945760699924,0.0,1.0,1.0,7.24685490904875e-06,11
core,hidden_variable,variable_addition,True,Random-Edit,4,core,0.9095534082150007,0.2611270066998747,0.2606775328332504,0.0,1.0,1.0,0.0,11
core,hidden_variable,variable_addition,True,Random-Edit,5,core,0.8921352639587894,0.33888133715894647,0.33888133715894647,1.0,0.0,0.0,0.0,11
core,hidden_variable,variable_addition,True,Random-Edit,6,core,0.9097418898277527,0.2765951026063318,0.2737135449614189,0.0,1.0,1.0,0.0,11
core,hidden_variable,variable_addition,True,Random-Edit,7,core,0.9223959326301159,0.22369391193148494,0.22372596267590908,0.0,1.0,1.0,5.128035172385914e-06,11
core,hidden_variable,variable_addition,True,Random-Edit,8,core,0.8962154424321207,0.3183042011022657,0.3137619694515935,0.0,1.0,1.0,0.0,11
core,hidden_variable,variable_addition,True,Random-Edit,9,core,0.9037029681503377,0.31391073915077905,0.3099571495454496,0.0,1.0,1.0,0.0,11
core,hidden_variable,variable_addition,True,Random-Edit,10,core,0.8930537672535419,0.3166977184966612,0.32149483164990017,0.0,1.0,1.0,0.000722179515547261,11
core,hidden_variable,variable_addition,True,Random-Edit,11,core,0.8874080817365025,0.34757525729883015,0.3477361274431492,0.0,1.0,1.0,2.312089117889604e-05,11
core,hidden_variable,variable_addition,True,Random-Edit,12,core,0.8557450282075397,0.4244620168405372,0.41752498144028544,0.0,1.0,1.0,0.0,11
core,hidden_variable,variable_addition,True,Random-Edit,13,core,0.9052466087100683,0.34151186412064577,0.3411187978197278,0.0,1.0,1.0,0.0,11
core,hidden_variable,variable_addition,True,Random-Edit,14,core,0.8988238876533832,0.30590497336570366,0.3058646129496451,0.0,1.0,1.0,0.0,11
core,hidden_variable,variable_addition,True,Random-Edit,15,core,0.8920985050384703,0.3313556535469905,0.32967064658225076,0.0,1.0,1.0,0.0,11
core,hidden_variable,variable_addition,True,Random-Edit,16,core,0.8797205789927915,0.33341534388304966,0.33345144200943305,0.0,1.0,1.0,5.727953818868148e-06,11
core,hidden_variable,variable_addition,True,Random-Edit,17,core,0.9168839553232463,0.2812903734373775,0.28129855047583663,0.0,1.0,1.0,1.1076673809284898e-06,11
core,hidden_variable,variable_addition,True,Random-Edit,18,core,0.9001989812659132,0.29593808277036654,0.2961634325910392,0.0,1.0,1.0,3.420320893571249e-05,11
core,hidden_variable,variable_addition,True,Random-Edit,19,core,0.8650998967587975,0.33362624302937655,0.33510159034433173,0.0,1.0,1.0,0.00025788353303768385,11
core,hidden_variable,variable_addition,True,Random-Edit,20,core,0.8839076356571084,0.3518340266326806,0.35064868291602963,0.0,1.0,1.0,0.0,11
core,hidden_variable,variable_addition,True,Random-Edit,21,core,0.9077883739407365,0.31353867253248574,0.31474829771234,0.0,1.0,1.0,0.00016141560996651982,11
core,hidden_variable,variable_addition,True,Random-Edit,22,core,0.9072256533228656,0.28692910139316796,0.28979959326007404,0.0,1.0,1.0,0.00042062207170867616,11
core,hidden_variable,variable_addition,True,Random-Edit,23,core,0.8815510256208295,0.3231144040214095,0.3215881214112663,0.0,1.0,1.0,0.0,11
core,hidden_variable,variable_addition,True,Random-Edit,24,core,0.8980073236469593,0.2854251912891169,0.2856947791515069,0.0,1.0,1.0,4.324989627696452e-05,11
core,hidden_variable,variable_addition,True,Random-Edit,25,core,0.9352940290912862,0.2152154278797317,0.21293740175519468,0.0,1.0,1.0,0.0,11
core,hidden_variable,variable_addition,True,Random-Edit,26,core,0.8882474547373133,0.25459173633623633,0.2554125066778256,0.0,1.0,1.0,0.00015994928894758065,11
core,hidden_variable,variable_addition,True,Random-Edit,27,core,0.9061233030486485,0.33212360119075296,0.32671342519099916,0.0,1.0,1.0,0.0,11
core,hidden_variable,variable_addition,True,Random-Edit,28,core,0.9138814490643242,0.2918797460309107,0.2917712341152834,0.0,1.0,1.0,0.0,11
core,hidden_variable,variable_addition,True,Random-Edit,29,core,0.9209596413369405,0.2943124013595361,0.293947982184583,0.0,1.0,1.0,0.0,11
core,hidden_variable,variable_addition,True,Random-Edit,30,core,0.8929011485742767,0.35215714778324736,0.3530298463697336,0.0,1.0,1.0,0.00011845972346369305,11
core,hidden_variable,variable_addition,True,Random-Edit,31,core,0.9024903281534153,0.2762020794887475,0.27592078503211254,0.0,1.0,1.0,0.0,11
core,hidden_variable,variable_addition,True,Random-Edit,32,core,0.8871988241883186,0.3263265177723471,0.3214940577793108,0.0,1.0,1.0,0.0,11
core,hidden_variable,variable_addition,True,Random-Edit,33,core,0.906073947681766,0.27326088574187873,0.27318897031740386,0.0,1.0,1.0,0.0,11
core,hidden_variable,variable_addition,True,Random-Edit,34,core,0.882345154996975,0.38357325281738347,0.3815594303083798,0.0,1.0,1.0,0.0,11
core,hidden_variable,variable_addition,True,Random-Edit,35,core,0.862984722855867,0.3510299601285593,0.35142307749660273,0.0,1.0,1.0,6.61993183991294e-05,11
core,hidden_variable,variable_addition,True,Random-Edit,36,core,0.8772285909658168,0.34905383730874023,0.34907850318164213,0.0,1.0,1.0,3.8052248766962116e-06,11
core,hidden_variable,variable_addition,True,Random-Edit,37,core,0.9023673662655487,0.3075017930536749,0.3075611369427383,0.0,1.0,1.0,8.500971475922103e-06,11
core,hidden_variable,variable_addition,True,Random-Edit,38,core,0.9055067704306093,0.26686842045526515,0.2664805082508867,0.0,1.0,1.0,0.0,11
core,hidden_variable,variable_addition,True,Random-Edit,39,core,0.9103258206155961,0.28808576771697414,0.28941286602067373,0.0,1.0,1.0,0.00018794734714810968,11
core,hidden_variable,variable_addition,True,Random-Edit,40,core,0.9127136927429095,0.2781950017750077,0.2783341861765512,0.0,1.0,1.0,1.9928424653536947e-05,11
core,hidden_variable,variable_addition,True,Random-Edit,41,core,0.8842528770038006,0.3602350516305961,0.3602521306170312,0.0,1.0,1.0,2.4262214217141143e-06,11
core,hidden_variable,variable_addition,True,Random-Edit,42,core,0.9045704034779024,0.30031581892802756,0.30028023070280985,0.0,1.0,1.0,0.0,11
core,hidden_variable,variable_addition,True,Random-Edit,43,core,0.9065867794321028,0.29752818556023614,0.27862579518502045,0.0,1.0,1.0,0.0,11
core,hidden_variable,variable_addition,True,Random-Edit,44,core,0.8960662110294898,0.3134958089870223,0.3044311326214608,0.0,1.0,1.0,0.0,11
core,hidden_variable,variable_addition,True,Random-Edit,45,core,0.9014376149149101,0.2659220457028145,0.26571453914736726,0.0,1.0,1.0,0.0,11
core,hidden_variable,variable_addition,True,Random-Edit,46,core,0.9059949654170328,0.31184841633822946,0.3136552446177001,0.0,1.0,1.0,0.00024659471277599376,11
core,hidden_variable,variable_addition,True,Random-Edit,47,core,0.8979794881320023,0.2779332056328017,0.2778567280444058,0.0,1.0,1.0,0.0,11
core,hidden_variable,variable_addition,True,Random-Edit,48,core,0.906836786956972,0.26328205425124357,0.26328205425124357,1.0,0.0,0.0,0.0,11
core,hidden_variable,variable_addition,True,Random-Edit,49,core,0.9080428833817581,0.3104301474550438,0.31069213567048026,0.0,1.0,1.0,3.523269553706854e-05,11
core,hidden_variable,variable_addition,True,Flat-Search,0,core,0.8920139706484257,0.3128887075118678,0.309101167040669,0.0,1.0,1.0,0.0,11
core,hidden_variable,variable_addition,True,Flat-Search,1,core,0.8695133028721327,0.3436015828290718,0.33951966958956387,0.0,1.0,1.0,0.0,11
core,hidden_variable,variable_addition,True,Flat-Search,2,core,0.879964202148514,0.3578302720232127,0.3565805478420652,0.0,1.0,1.0,0.0,11
core,hidden_variable,variable_addition,True,Flat-Search,3,core,0.8795906265671805,0.3793902988590186,0.3761945760699924,0.0,1.0,1.0,0.0,11
core,hidden_variable,variable_addition,True,Flat-Search,4,core,0.9096307238570599,0.26088161389193854,0.2606775328332504,0.0,1.0,1.0,0.0,11
core,hidden_variable,variable_addition,True,Flat-Search,5,core,0.8913108946695496,0.34178710395202355,0.33888133715894647,0.0,1.0,1.0,0.0,11
core,hidden_variable,variable_addition,True,Flat-Search,6,core,0.9105053561654864,0.27402550192668673,0.2737135449614189,0.0,1.0,1.0,0.0,11
core,hidden_variable,variable_addition,True,Flat-Search,7,core,0.9219671593456342,0.22503445862804305,0.22372596267590908,0.0,1.0,1.0,0.0,11
core,hidden_variable,variable_addition,True,Flat-Search,8,core,0.8976883189226027,0.3132720880608378,0.3137619694515935,0.0,1.0,1.0,7.179935813156346e-05,11
core,hidden_variable,variable_addition,True,Flat-Search,9,core,0.9037029681503377,0.31391073915077905,0.3099571495454496,0.0,1.0,1.0,0.0,11
core,hidden_variable,variable_addition,True,Flat-Search,10,core,0.8918891506096495,0.32056451712015827,0.32149483164990017,0.0,1.0,1.0,0.00013987119360103772,11
core,hidden_variable,variable_addition,True,Flat-Search,11,core,0.8867136976329997,0.3499927100087061,0.3477361274431492,0.0,1.0,1.0,0.0,11
core,hidden_variable,variable_addition,True,Flat-Search,12,core,0.8567326145047806,0.4210701577768528,0.41752498144028544,0.0,1.0,1.0,0.0,11
core,hidden_variable,variable_addition,True,Flat-Search,13,core,0.905444616080049,0.3407236748880833,0.3411187978197278,0.0,1.0,1.0,4.963642140504154e-05,11
core,hidden_variable,variable_addition,True,Flat-Search,14,core,0.8988238876533832,0.30590497336570366,0.3058646129496451,0.0,1.0,1.0,0.0,11
core,hidden_variable,variable_addition,True,Flat-Search,15,core,0.8920985050384703,0.3313556535469905,0.32967064658225076,0.0,1.0,1.0,0.0,11
core,hidden_variable,variable_addition,True,Flat-Search,16,core,0.880255781947849,0.3317299404673987,0.33345144200943305,0.0,1.0,1.0,0.0002733294313476131,11
core,hidden_variable,variable_addition,True,Flat-Search,17,core,0.9130712657632728,0.29542215029263413,0.28129855047583663,0.0,1.0,1.0,0.0,11
core,hidden_variable,variable_addition,True,Flat-Search,18,core,0.9005879927206105,0.2946572214270912,0.2961634325910392,0.0,1.0,1.0,0.00022870893628434974,11
core,hidden_variable,variable_addition,True,Flat-Search,19,core,0.8623689519768533,0.3414581537798945,0.33510159034433173,0.0,1.0,1.0,0.0,11
core,hidden_variable,variable_addition,True,Flat-Search,20,core,0.8835681246181682,0.35299854955668497,0.35064868291602963,0.0,1.0,1.0,0.0,11
core,hidden_variable,variable_addition,True,Flat-Search,21,core,0.8997388711663902,0.34395858819499553,0.31474829771234,0.0,1.0,1.0,0.0,11
core,hidden_variable,variable_addition,True,Flat-Search,22,core,0.9062850448453033,0.2901389959673428,0.28979959326007404,0.0,1.0,1.0,0.0,11
core,hidden_variable,variable_addition,True,Flat-Search,23,core,0.8817913568063157,0.32237092399583656,0.3215881214112663,0.0,1.0,1.0,0.0,11
core,hidden_variable,variable_addition,True,Flat-Search,24,core,0.8963546824122702,0.2905848622351551,0.2856947791515069,0.0,1.0,1.0,0.0,11
core,hidden_variable,variable_addition,True,Flat-Search,25,core,0.9356915852477661,0.21380225660156035,0.21293740175519468,0.0,1.0,1.0,0.0,11
core,hidden_variable,variable_addition,True,Flat-Search,26,core,0.886675818906804,0.2586298072024426,0.2554125066778256,0.0,1.0,1.0,0.0,11
core,hidden_variable,variable_addition,True,Flat-Search,27,core,0.9065117526293602,0.3306075873866343,0.32671342519099916,0.0,1.0,1.0,0.0,11
core,hidden_variable,variable_addition,True,Flat-Search,28,core,0.9131309110297349,0.29466552661440104,0.2917712341152834,0.0,1.0,1.0,0.0,11
core,hidden_variable,variable_addition,True,Flat-Search,29,core,0.9209596413369405,0.2943124013595361,0.293947982184583,0.0,1.0,1.0,0.0,11
core,hidden_variable,variable_addition,True,Flat-Search,30,core,0.8922918731249588,0.3544023653710361,0.3530298463697336,0.0,1.0,1.0,0.0,11
core,hidden_variable,variable_addition,True,Flat-Search,31,core,0.903525507898509,0.27295678137757023,0.27592078503211254,0.0,1.0,1.0,0.00047277340563040005,11
core,hidden_variable,variable_addition,True,Flat-Search,32,core,0.889371243547943,0.3192600998119107,0.3214940577793108,0.0,1.0,1.0,0.0003439659177382759,11
core,hidden_variable,variable_addition,True,Flat-Search,33,core,0.9061664014863952,0.27296405543947,0.27318897031740386,0.0,1.0,1.0,3.5028011020232785e-05,11
core,hidden_variable,variable_addition,True,Flat-Search,34,core,0.8812490544855227,0.38762824681625835,0.3815594303083798,0.0,1.0,1.0,0.0,11
core,hidden_variable,variable_addition,True,Flat-Search,35,core,0.8613931013649055,0.355763800362809,0.35142307749660273,0.0,1.0,1.0,0.0,11
core,hidden_variable,variable_addition,True,Flat-Search,36,core,0.8762376226875256,0.35226922268876937,0.34907850318164213,0.0,1.0,1.0,0.0,11
core,hidden_variable,variable_addition,True,Flat-Search,37,core,0.9025724256590064,0.3067862261348003,0.3075611369427383,0.0,1.0,1.0,0.00011103066820478125,11
core,hidden_variable,variable_addition,True,Flat-Search,38,core,0.9051206625046558,0.2680731754353465,0.2664805082508867,0.0,1.0,1.0,0.0,11
core,hidden_variable,variable_addition,True,Flat-Search,39,core,0.9098711366863527,0.28969117085776647,0.28941286602067373,0.0,1.0,1.0,0.0,11
core,hidden_variable,variable_addition,True,Flat-Search,40,core,0.9127379963512054,0.27811013692866837,0.2783341861765512,0.0,1.0,1.0,3.208022880152317e-05,11
core,hidden_variable,variable_addition,True,Flat-Search,41,core,0.8849425366291525,0.3578095839373098,0.3602521306170312,0.0,1.0,1.0,0.0003472560340976316,11
core,hidden_variable,variable_addition,True,Flat-Search,42,core,0.9045032831605336,0.3005493469361705,0.30028023070280985,0.0,1.0,1.0,0.0,11
core,hidden_variable,variable_addition,True,Flat-Search,43,core,0.9065867794321028,0.29752818556023614,0.27862579518502045,0.0,1.0,1.0,0.0,11
core,hidden_variable,variable_addition,True,Flat-Search,44,core,0.9001201680051044,0.29991099732169857,0.3044311326214608,0.0,1.0,1.0,0.0006764786132186784,11
core,hidden_variable,variable_addition,True,Flat-Search,45,core,0.9015809519401394,0.2654931054551976,0.26571453914736726,0.0,1.0,1.0,3.7000594155567335e-05,11
core,hidden_variable,variable_addition,True,Flat-Search,46,core,0.9025829323232039,0.32438902302932576,0.3136552446177001,0.0,1.0,1.0,0.0,11
core,hidden_variable,variable_addition,True,Flat-Search,47,core,0.8964677265299411,0.2825273177459635,0.2778567280444058,0.0,1.0,1.0,0.0,11
core,hidden_variable,variable_addition,True,Flat-Search,48,core,0.9070272234180425,0.2626887102174311,0.26328205425124357,0.0,1.0,1.0,9.521823053526557e-05,11
core,hidden_variable,variable_addition,True,Flat-Search,49,core,0.9072147243692928,0.3135117894804008,0.31069213567048026,0.0,1.0,1.0,0.0,11
core,hidden_variable,variable_addition,True,MDL-Flat,0,core,0.893181518511975,0.309101167040669,0.309101167040669,1.0,0.0,0.0,0.0,11
core,hidden_variable,variable_addition,True,MDL-Flat,1,core,0.870863275083144,0.33951966958956387,0.33951966958956387,1.0,0.0,0.0,0.0,11
core,hidden_variable,variable_addition,True,MDL-Flat,2,core,0.8803332604584156,0.3565805478420652,0.3565805478420652,1.0,0.0,0.0,0.0,11
core,hidden_variable,variable_addition,True,MDL-Flat,3,core,0.8804836533252145,0.3761945760699924,0.3761945760699924,1.0,0.0,0.0,0.0,11
core,hidden_variable,variable_addition,True,MDL-Flat,4,core,0.9096950334637245,0.2606775328332504,0.2606775328332504,1.0,0.0,0.0,0.0,11
core,hidden_variable,variable_addition,True,MDL-Flat,5,core,0.8921352639587894,0.33888133715894647,0.33888133715894647,1.0,0.0,0.0,0.0,11
core,hidden_variable,variable_addition,True,MDL-Flat,6,core,0.9105981304264058,0.2737135449614189,0.2737135449614189,1.0,0.0,0.0,0.0,11
core,hidden_variable,variable_addition,True,MDL-Flat,7,core,0.9223856765597711,0.22372596267590908,0.22372596267590908,1.0,0.0,0.0,0.0,11
core,hidden_variable,variable_addition,True,MDL-Flat,8,core,0.8975447202063396,0.3137619694515935,0.3137619694515935,1.0,0.0,0.0,0.0,11
core,hidden_variable,variable_addition,True,MDL-Flat,9,core,0.9048003330521995,0.3099571495454496,0.3099571495454496,1.0,0.0,0.0,0.0,11
core,hidden_variable,variable_addition,True,MDL-Flat,10,core,0.8916094082224474,0.32149483164990017,0.32149483164990017,1.0,0.0,0.0,0.0,11
core,hidden_variable,variable_addition,True,MDL-Flat,11,core,0.8873618399541447,0.3477361274431492,0.3477361274431492,1.0,0.0,0.0,0.0,11
core,hidden_variable,variable_addition,True,MDL-Flat,12,core,0.8577672805340177,0.41752498144028544,0.41752498144028544,1.0,0.0,0.0,0.0,11
core,hidden_variable,variable_addition,True,MDL-Flat,13,core,0.9053453432372389,0.3411187978197278,0.3411187978197278,1.0,0.0,0.0,0.0,11
core,hidden_variable,variable_addition,True,MDL-Flat,14,core,0.8988358861680843,0.3058646129496451,0.3058646129496451,1.0,0.0,0.0,0.0,11
core,hidden_variable,variable_addition,True,MDL-Flat,15,core,0.8925882680148288,0.32967064658225076,0.32967064658225076,1.0,0.0,0.0,0.0,11
core,hidden_variable,variable_addition,True,MDL-Flat,16,core,0.8797091230851538,0.33345144200943305,0.33345144200943305,1.0,0.0,0.0,0.0,11
core,hidden_variable,variable_addition,True,MDL-Flat,17,core,0.9168817399884844,0.28129855047583663,0.28129855047583663,1.0,0.0,0.0,0.0,11
core,hidden_variable,variable_addition,True,MDL-Flat,18,core,0.9001305748480418,0.2961634325910392,0.2961634325910392,1.0,0.0,0.0,0.0,11
core,hidden_variable,variable_addition,True,MDL-Flat,19,core,0.8645841296927221,0.33510159034433173,0.33510159034433173,1.0,0.0,0.0,0.0,11
core,hidden_variable,variable_addition,True,MDL-Flat,20,core,0.8842534849558652,0.35064868291602963,0.35064868291602963,1.0,0.0,0.0,0.0,11
core,hidden_variable,variable_addition,True,MDL-Flat,21,core,0.9074655427208035,0.31474829771234,0.31474829771234,1.0,0.0,0.0,0.0,11
core,hidden_variable,variable_addition,True,MDL-Flat,22,core,0.9063844091794483,0.28979959326007404,0.28979959326007404,1.0,0.0,0.0,0.0,11
core,hidden_variable,variable_addition,True,MDL-Flat,23,core,0.8820445407356423,0.3215881214112663,0.3215881214112663,1.0,0.0,0.0,0.0,11
core,hidden_variable,variable_addition,True,MDL-Flat,24,core,0.8979208238544054,0.2856947791515069,0.2856947791515069,1.0,0.0,0.0,0.0,11
core,hidden_variable,variable_addition,True,MDL-Flat,25,core,0.9359350546875624,0.21293740175519468,0.21293740175519468,1.0,0.0,0.0,0.0,11
core,hidden_variable,variable_addition,True,MDL-Flat,26,core,0.8879275561594181,0.2554125066778256,0.2554125066778256,1.0,0.0,0.0,0.0,11
core,hidden_variable,variable_addition,True,MDL-Flat,27,core,0.9075110855096388,0.32671342519099916,0.32671342519099916,1.0,0.0,0.0,0.0,11
core,hidden_variable,variable_addition,True,MDL-Flat,28,core,0.9139107090393203,0.2917712341152834,0.2917712341152834,1.0,0.0,0.0,0.0,11
core,hidden_variable,variable_addition,True,MDL-Flat,29,core,0.9210497828129495,0.293947982184583,0.293947982184583,1.0,0.0,0.0,0.0,11
core,hidden_variable,variable_addition,True,MDL-Flat,30,core,0.8926642291273493,0.3530298463697336,0.3530298463697336,1.0,0.0,0.0,0.0,11
core,hidden_variable,variable_addition,True,MDL-Flat,31,core,0.9025799610872483,0.27592078503211254,0.27592078503211254,1.0,0.0,0.0,0.0,11
core,hidden_variable,variable_addition,True,MDL-Flat,32,core,0.8886833117124664,0.3214940577793108,0.3214940577793108,1.0,0.0,0.0,0.0,11
core,hidden_variable,variable_addition,True,MDL-Flat,33,core,0.9060963454643547,0.27318897031740386,0.27318897031740386,1.0,0.0,0.0,0.0,11
core,hidden_variable,variable_addition,True,MDL-Flat,34,core,0.8828905228646724,0.3815594303083798,0.3815594303083798,1.0,0.0,0.0,0.0,11
core,hidden_variable,variable_addition,True,MDL-Flat,35,core,0.8628523242190688,0.35142307749660273,0.35142307749660273,1.0,0.0,0.0,0.0,11
core,hidden_variable,variable_addition,True,MDL-Flat,36,core,0.8772209805160635,0.34907850318164213,0.34907850318164213,1.0,0.0,0.0,0.0,11
core,hidden_variable,variable_addition,True,MDL-Flat,37,core,0.9023503643225969,0.3075611369427383,0.3075611369427383,1.0,0.0,0.0,0.0,11
core,hidden_variable,variable_addition,True,MDL-Flat,38,core,0.9056311612441617,0.2664805082508867,0.2664805082508867,1.0,0.0,0.0,0.0,11
core,hidden_variable,variable_addition,True,MDL-Flat,39,core,0.9099499259212999,0.28941286602067373,0.28941286602067373,1.0,0.0,0.0,0.0,11
core,hidden_variable,variable_addition,True,MDL-Flat,40,core,0.9126738358936024,0.2783341861765512,0.2783341861765512,1.0,0.0,0.0,0.0,11
core,hidden_variable,variable_addition,True,MDL-Flat,41,core,0.8842480245609572,0.3602521306170312,0.3602521306170312,1.0,0.0,0.0,0.0,11
core,hidden_variable,variable_addition,True,MDL-Flat,42,core,0.9045806330741841,0.30028023070280985,0.30028023070280985,1.0,0.0,0.0,0.0,11
core,hidden_variable,variable_addition,True,MDL-Flat,43,core,0.9119991985107546,0.27862579518502045,0.27862579518502045,1.0,0.0,0.0,0.0,11
core,hidden_variable,variable_addition,True,MDL-Flat,44,core,0.8987672107786671,0.3044311326214608,0.3044311326214608,1.0,0.0,0.0,0.0,11
core,hidden_variable,variable_addition,True,MDL-Flat,45,core,0.9015069507518283,0.26571453914736726,0.26571453914736726,1.0,0.0,0.0,0.0,11
core,hidden_variable,variable_addition,True,MDL-Flat,46,core,0.9055017759914809,0.3136552446177001,0.3136552446177001,1.0,0.0,0.0,0.0,11
core,hidden_variable,variable_addition,True,MDL-Flat,47,core,0.8980046973779147,0.2778567280444058,0.2778567280444058,1.0,0.0,0.0,0.0,11
core,hidden_variable,variable_addition,True,MDL-Flat,48,core,0.906836786956972,0.26328205425124357,0.26328205425124357,1.0,0.0,0.0,0.0,11
core,hidden_variable,variable_addition,True,MDL-Flat,49,core,0.907972417990684,0.31069213567048026,0.31069213567048026,1.0,0.0,0.0,0.0,11
core,hidden_variable,variable_addition,True,EIC-NoMargin,0,core,0.893181518511975,0.309101167040669,0.309101167040669,1.0,0.0,0.0,0.0,11
core,hidden_variable,variable_addition,True,EIC-NoMargin,1,core,0.870863275083144,0.33951966958956387,0.33951966958956387,1.0,0.0,0.0,0.0,11
core,hidden_variable,variable_addition,True,EIC-NoMargin,2,core,0.8803332604584156,0.3565805478420652,0.3565805478420652,1.0,0.0,0.0,0.0,11
core,hidden_variable,variable_addition,True,EIC-NoMargin,3,core,0.8804836533252145,0.3761945760699924,0.3761945760699924,1.0,0.0,0.0,0.0,11
core,hidden_variable,variable_addition,True,EIC-NoMargin,4,core,0.9096950334637245,0.2606775328332504,0.2606775328332504,1.0,0.0,0.0,0.0,11
core,hidden_variable,variable_addition,True,EIC-NoMargin,5,core,0.8921352639587894,0.33888133715894647,0.33888133715894647,1.0,0.0,0.0,0.0,11
core,hidden_variable,variable_addition,True,EIC-NoMargin,6,core,0.9105981304264058,0.2737135449614189,0.2737135449614189,1.0,0.0,0.0,0.0,11
core,hidden_variable,variable_addition,True,EIC-NoMargin,7,core,0.9223856765597711,0.22372596267590908,0.22372596267590908,1.0,0.0,0.0,0.0,11
core,hidden_variable,variable_addition,True,EIC-NoMargin,8,core,0.8975447202063396,0.3137619694515935,0.3137619694515935,1.0,0.0,0.0,0.0,11
core,hidden_variable,variable_addition,True,EIC-NoMargin,9,core,0.9048003330521995,0.3099571495454496,0.3099571495454496,1.0,0.0,0.0,0.0,11
core,hidden_variable,variable_addition,True,EIC-NoMargin,10,core,0.8916094082224474,0.32149483164990017,0.32149483164990017,1.0,0.0,0.0,0.0,11
core,hidden_variable,variable_addition,True,EIC-NoMargin,11,core,0.8873618399541447,0.3477361274431492,0.3477361274431492,1.0,0.0,0.0,0.0,11
core,hidden_variable,variable_addition,True,EIC-NoMargin,12,core,0.8577672805340177,0.41752498144028544,0.41752498144028544,1.0,0.0,0.0,0.0,11
core,hidden_variable,variable_addition,True,EIC-NoMargin,13,core,0.9053453432372389,0.3411187978197278,0.3411187978197278,1.0,0.0,0.0,0.0,11
core,hidden_variable,variable_addition,True,EIC-NoMargin,14,core,0.8988358861680843,0.3058646129496451,0.3058646129496451,1.0,0.0,0.0,0.0,11
core,hidden_variable,variable_addition,True,EIC-NoMargin,15,core,0.8925882680148288,0.32967064658225076,0.32967064658225076,1.0,0.0,0.0,0.0,11
core,hidden_variable,variable_addition,True,EIC-NoMargin,16,core,0.8797091230851538,0.33345144200943305,0.33345144200943305,1.0,0.0,0.0,0.0,11
core,hidden_variable,variable_addition,True,EIC-NoMargin,17,core,0.9168817399884844,0.28129855047583663,0.28129855047583663,1.0,0.0,0.0,0.0,11
core,hidden_variable,variable_addition,True,EIC-NoMargin,18,core,0.9001305748480418,0.2961634325910392,0.2961634325910392,1.0,0.0,0.0,0.0,11
core,hidden_variable,variable_addition,True,EIC-NoMargin,19,core,0.8645841296927221,0.33510159034433173,0.33510159034433173,1.0,0.0,0.0,0.0,11
core,hidden_variable,variable_addition,True,EIC-NoMargin,20,core,0.8842534849558652,0.35064868291602963,0.35064868291602963,1.0,0.0,0.0,0.0,11
core,hidden_variable,variable_addition,True,EIC-NoMargin,21,core,0.9074655427208035,0.31474829771234,0.31474829771234,1.0,0.0,0.0,0.0,11
core,hidden_variable,variable_addition,True,EIC-NoMargin,22,core,0.9063844091794483,0.28979959326007404,0.28979959326007404,1.0,0.0,0.0,0.0,11
core,hidden_variable,variable_addition,True,EIC-NoMargin,23,core,0.8820445407356423,0.3215881214112663,0.3215881214112663,1.0,0.0,0.0,0.0,11
core,hidden_variable,variable_addition,True,EIC-NoMargin,24,core,0.8979208238544054,0.2856947791515069,0.2856947791515069,1.0,0.0,0.0,0.0,11
core,hidden_variable,variable_addition,True,EIC-NoMargin,25,core,0.9359350546875624,0.21293740175519468,0.21293740175519468,1.0,0.0,0.0,0.0,11
core,hidden_variable,variable_addition,True,EIC-NoMargin,26,core,0.8879275561594181,0.2554125066778256,0.2554125066778256,1.0,0.0,0.0,0.0,11
core,hidden_variable,variable_addition,True,EIC-NoMargin,27,core,0.9075110855096388,0.32671342519099916,0.32671342519099916,1.0,0.0,0.0,0.0,11
core,hidden_variable,variable_addition,True,EIC-NoMargin,28,core,0.9139107090393203,0.2917712341152834,0.2917712341152834,1.0,0.0,0.0,0.0,11
core,hidden_variable,variable_addition,True,EIC-NoMargin,29,core,0.9210497828129495,0.293947982184583,0.293947982184583,1.0,0.0,0.0,0.0,11
core,hidden_variable,variable_addition,True,EIC-NoMargin,30,core,0.8926642291273493,0.3530298463697336,0.3530298463697336,1.0,0.0,0.0,0.0,11
core,hidden_variable,variable_addition,True,EIC-NoMargin,31,core,0.9025799610872483,0.27592078503211254,0.27592078503211254,1.0,0.0,0.0,0.0,11
core,hidden_variable,variable_addition,True,EIC-NoMargin,32,core,0.8886833117124664,0.3214940577793108,0.3214940577793108,1.0,0.0,0.0,0.0,11
core,hidden_variable,variable_addition,True,EIC-NoMargin,33,core,0.9060963454643547,0.27318897031740386,0.27318897031740386,1.0,0.0,0.0,0.0,11
core,hidden_variable,variable_addition,True,EIC-NoMargin,34,core,0.8828905228646724,0.3815594303083798,0.3815594303083798,1.0,0.0,0.0,0.0,11
core,hidden_variable,variable_addition,True,EIC-NoMargin,35,core,0.8628523242190688,0.35142307749660273,0.35142307749660273,1.0,0.0,0.0,0.0,11
core,hidden_variable,variable_addition,True,EIC-NoMargin,36,core,0.8772209805160635,0.34907850318164213,0.34907850318164213,1.0,0.0,0.0,0.0,11
core,hidden_variable,variable_addition,True,EIC-NoMargin,37,core,0.9023503643225969,0.3075611369427383,0.3075611369427383,1.0,0.0,0.0,0.0,11
core,hidden_variable,variable_addition,True,EIC-NoMargin,38,core,0.9056311612441617,0.2664805082508867,0.2664805082508867,1.0,0.0,0.0,0.0,11
core,hidden_variable,variable_addition,True,EIC-NoMargin,39,core,0.9099499259212999,0.28941286602067373,0.28941286602067373,1.0,0.0,0.0,0.0,11
core,hidden_variable,variable_addition,True,EIC-NoMargin,40,core,0.9126738358936024,0.2783341861765512,0.2783341861765512,1.0,0.0,0.0,0.0,11
core,hidden_variable,variable_addition,True,EIC-NoMargin,41,core,0.8842480245609572,0.3602521306170312,0.3602521306170312,1.0,0.0,0.0,0.0,11
core,hidden_variable,variable_addition,True,EIC-NoMargin,42,core,0.9045806330741841,0.30028023070280985,0.30028023070280985,1.0,0.0,0.0,0.0,11
core,hidden_variable,variable_addition,True,EIC-NoMargin,43,core,0.9119991985107546,0.27862579518502045,0.27862579518502045,1.0,0.0,0.0,0.0,11
core,hidden_variable,variable_addition,True,EIC-NoMargin,44,core,0.8987672107786671,0.3044311326214608,0.3044311326214608,1.0,0.0,0.0,0.0,11
core,hidden_variable,variable_addition,True,EIC-NoMargin,45,core,0.9015069507518283,0.26571453914736726,0.26571453914736726,1.0,0.0,0.0,0.0,11
core,hidden_variable,variable_addition,True,EIC-NoMargin,46,core,0.9055017759914809,0.3136552446177001,0.3136552446177001,1.0,0.0,0.0,0.0,11
core,hidden_variable,variable_addition,True,EIC-NoMargin,47,core,0.8980046973779147,0.2778567280444058,0.2778567280444058,1.0,0.0,0.0,0.0,11
core,hidden_variable,variable_addition,True,EIC-NoMargin,48,core,0.906836786956972,0.26328205425124357,0.26328205425124357,1.0,0.0,0.0,0.0,11
core,hidden_variable,variable_addition,True,EIC-NoMargin,49,core,0.907972417990684,0.31069213567048026,0.31069213567048026,1.0,0.0,0.0,0.0,11
core,hidden_variable,variable_addition,True,EIC-NoCost,0,core,0.893181518511975,0.309101167040669,0.309101167040669,1.0,0.0,0.0,0.0,11
core,hidden_variable,variable_addition,True,EIC-NoCost,1,core,0.8695133028721327,0.3436015828290718,0.33951966958956387,0.0,1.0,1.0,0.0,11
core,hidden_variable,variable_addition,True,EIC-NoCost,2,core,0.8803332604584156,0.3565805478420652,0.3565805478420652,1.0,0.0,0.0,0.0,11
core,hidden_variable,variable_addition,True,EIC-NoCost,3,core,0.8804836533252145,0.3761945760699924,0.3761945760699924,1.0,0.0,0.0,0.0,11
core,hidden_variable,variable_addition,True,EIC-NoCost,4,core,0.9096950334637245,0.2606775328332504,0.2606775328332504,1.0,0.0,0.0,0.0,11
core,hidden_variable,variable_addition,True,EIC-NoCost,5,core,0.8921352639587894,0.33888133715894647,0.33888133715894647,1.0,0.0,0.0,0.0,11
core,hidden_variable,variable_addition,True,EIC-NoCost,6,core,0.9105981304264058,0.2737135449614189,0.2737135449614189,1.0,0.0,0.0,0.0,11
core,hidden_variable,variable_addition,True,EIC-NoCost,7,core,0.9219671593456342,0.22503445862804305,0.22372596267590908,0.0,1.0,1.0,0.0,11
core,hidden_variable,variable_addition,True,EIC-NoCost,8,core,0.8975447202063396,0.3137619694515935,0.3137619694515935,1.0,0.0,0.0,0.0,11
core,hidden_variable,variable_addition,True,EIC-NoCost,9,core,0.9048003330521995,0.3099571495454496,0.3099571495454496,1.0,0.0,0.0,0.0,11
core,hidden_variable,variable_addition,True,EIC-NoCost,10,core,0.8916094082224474,0.32149483164990017,0.32149483164990017,1.0,0.0,0.0,0.0,11
core,hidden_variable,variable_addition,True,EIC-NoCost,11,core,0.8867136976329997,0.3499927100087061,0.3477361274431492,0.0,1.0,1.0,0.0,11
core,hidden_variable,variable_addition,True,EIC-NoCost,12,core,0.8577672805340177,0.41752498144028544,0.41752498144028544,1.0,0.0,0.0,0.0,11
core,hidden_variable,variable_addition,True,EIC-NoCost,13,core,0.9053453432372389,0.3411187978197278,0.3411187978197278,1.0,0.0,0.0,0.0,11
core,hidden_variable,variable_addition,True,EIC-NoCost,14,core,0.8988358861680843,0.3058646129496451,0.3058646129496451,1.0,0.0,0.0,0.0,11
core,hidden_variable,variable_addition,True,EIC-NoCost,15,core,0.8925882680148288,0.32967064658225076,0.32967064658225076,1.0,0.0,0.0,0.0,11
core,hidden_variable,variable_addition,True,EIC-NoCost,16,core,0.8797091230851538,0.33345144200943305,0.33345144200943305,1.0,0.0,0.0,0.0,11
core,hidden_variable,variable_addition,True,EIC-NoCost,17,core,0.9168817399884844,0.28129855047583663,0.28129855047583663,1.0,0.0,0.0,0.0,11
core,hidden_variable,variable_addition,True,EIC-NoCost,18,core,0.9001305748480418,0.2961634325910392,0.2961634325910392,1.0,0.0,0.0,0.0,11
core,hidden_variable,variable_addition,True,EIC-NoCost,19,core,0.8645841296927221,0.33510159034433173,0.33510159034433173,1.0,0.0,0.0,0.0,11
core,hidden_variable,variable_addition,True,EIC-NoCost,20,core,0.8842534849558652,0.35064868291602963,0.35064868291602963,1.0,0.0,0.0,0.0,11
core,hidden_variable,variable_addition,True,EIC-NoCost,21,core,0.8997388711663902,0.34395858819499553,0.31474829771234,0.0,1.0,1.0,0.0,11
core,hidden_variable,variable_addition,True,EIC-NoCost,22,core,0.9063844091794483,0.28979959326007404,0.28979959326007404,1.0,0.0,0.0,0.0,11
core,hidden_variable,variable_addition,True,EIC-NoCost,23,core,0.8820445407356423,0.3215881214112663,0.3215881214112663,1.0,0.0,0.0,0.0,11
core,hidden_variable,variable_addition,True,EIC-NoCost,24,core,0.8963546824122702,0.2905848622351551,0.2856947791515069,0.0,1.0,1.0,0.0,11
core,hidden_variable,variable_addition,True,EIC-NoCost,25,core,0.9359350546875624,0.21293740175519468,0.21293740175519468,1.0,0.0,0.0,0.0,11
core,hidden_variable,variable_addition,True,EIC-NoCost,26,core,0.8879275561594181,0.2554125066778256,0.2554125066778256,1.0,0.0,0.0,0.0,11
core,hidden_variable,variable_addition,True,EIC-NoCost,27,core,0.9075110855096388,0.32671342519099916,0.32671342519099916,1.0,0.0,0.0,0.0,11
core,hidden_variable,variable_addition,True,EIC-NoCost,28,core,0.9139107090393203,0.2917712341152834,0.2917712341152834,1.0,0.0,0.0,0.0,11
core,hidden_variable,variable_addition,True,EIC-NoCost,29,core,0.9210497828129495,0.293947982184583,0.293947982184583,1.0,0.0,0.0,0.0,11
core,hidden_variable,variable_addition,True,EIC-NoCost,30,core,0.8926642291273493,0.3530298463697336,0.3530298463697336,1.0,0.0,0.0,0.0,11
core,hidden_variable,variable_addition,True,EIC-NoCost,31,core,0.9025799610872483,0.27592078503211254,0.27592078503211254,1.0,0.0,0.0,0.0,11
core,hidden_variable,variable_addition,True,EIC-NoCost,32,core,0.8886833117124664,0.3214940577793108,0.3214940577793108,1.0,0.0,0.0,0.0,11
core,hidden_variable,variable_addition,True,EIC-NoCost,33,core,0.9060963454643547,0.27318897031740386,0.27318897031740386,1.0,0.0,0.0,0.0,11
core,hidden_variable,variable_addition,True,EIC-NoCost,34,core,0.8812490544855227,0.38762824681625835,0.3815594303083798,0.0,1.0,1.0,0.0,11
core,hidden_variable,variable_addition,True,EIC-NoCost,35,core,0.8613931013649055,0.355763800362809,0.35142307749660273,0.0,1.0,1.0,0.0,11
core,hidden_variable,variable_addition,True,EIC-NoCost,36,core,0.8772209805160635,0.34907850318164213,0.34907850318164213,1.0,0.0,0.0,0.0,11
core,hidden_variable,variable_addition,True,EIC-NoCost,37,core,0.9023503643225969,0.3075611369427383,0.3075611369427383,1.0,0.0,0.0,0.0,11
core,hidden_variable,variable_addition,True,EIC-NoCost,38,core,0.9056311612441617,0.2664805082508867,0.2664805082508867,1.0,0.0,0.0,0.0,11
core,hidden_variable,variable_addition,True,EIC-NoCost,39,core,0.9099499259212999,0.28941286602067373,0.28941286602067373,1.0,0.0,0.0,0.0,11
core,hidden_variable,variable_addition,True,EIC-NoCost,40,core,0.9126738358936024,0.2783341861765512,0.2783341861765512,1.0,0.0,0.0,0.0,11
core,hidden_variable,variable_addition,True,EIC-NoCost,41,core,0.8849425366291525,0.3578095839373098,0.3602521306170312,0.0,1.0,1.0,0.0003472560340976316,11
core,hidden_variable,variable_addition,True,EIC-NoCost,42,core,0.9045806330741841,0.30028023070280985,0.30028023070280985,1.0,0.0,0.0,0.0,11
core,hidden_variable,variable_addition,True,EIC-NoCost,43,core,0.9119991985107546,0.27862579518502045,0.27862579518502045,1.0,0.0,0.0,0.0,11
core,hidden_variable,variable_addition,True,EIC-NoCost,44,core,0.8987672107786671,0.3044311326214608,0.3044311326214608,1.0,0.0,0.0,0.0,11
core,hidden_variable,variable_addition,True,EIC-NoCost,45,core,0.9015069507518283,0.26571453914736726,0.26571453914736726,1.0,0.0,0.0,0.0,11
core,hidden_variable,variable_addition,True,EIC-NoCost,46,core,0.9025829323232039,0.32438902302932576,0.3136552446177001,0.0,1.0,1.0,0.0,11
core,hidden_variable,variable_addition,True,EIC-NoCost,47,core,0.8980046973779147,0.2778567280444058,0.2778567280444058,1.0,0.0,0.0,0.0,11
core,hidden_variable,variable_addition,True,EIC-NoCost,48,core,0.906836786956972,0.26328205425124357,0.26328205425124357,1.0,0.0,0.0,0.0,11
core,hidden_variable,variable_addition,True,EIC-NoCost,49,core,0.907972417990684,0.31069213567048026,0.31069213567048026,1.0,0.0,0.0,0.0,11
core,hidden_variable,variable_addition,True,EIC-Greedy,0,core,0.893181518511975,0.309101167040669,0.309101167040669,1.0,0.0,0.0,0.0,11
core,hidden_variable,variable_addition,True,EIC-Greedy,1,core,0.870863275083144,0.33951966958956387,0.33951966958956387,1.0,0.0,0.0,0.0,11
core,hidden_variable,variable_addition,True,EIC-Greedy,2,core,0.8803332604584156,0.3565805478420652,0.3565805478420652,1.0,0.0,0.0,0.0,11
core,hidden_variable,variable_addition,True,EIC-Greedy,3,core,0.8804836533252145,0.3761945760699924,0.3761945760699924,1.0,0.0,0.0,0.0,11
core,hidden_variable,variable_addition,True,EIC-Greedy,4,core,0.9096950334637245,0.2606775328332504,0.2606775328332504,1.0,0.0,0.0,0.0,11
core,hidden_variable,variable_addition,True,EIC-Greedy,5,core,0.8921352639587894,0.33888133715894647,0.33888133715894647,1.0,0.0,0.0,0.0,11
core,hidden_variable,variable_addition,True,EIC-Greedy,6,core,0.9105981304264058,0.2737135449614189,0.2737135449614189,1.0,0.0,0.0,0.0,11
core,hidden_variable,variable_addition,True,EIC-Greedy,7,core,0.9223856765597711,0.22372596267590908,0.22372596267590908,1.0,0.0,0.0,0.0,11
core,hidden_variable,variable_addition,True,EIC-Greedy,8,core,0.8975447202063396,0.3137619694515935,0.3137619694515935,1.0,0.0,0.0,0.0,11
core,hidden_variable,variable_addition,True,EIC-Greedy,9,core,0.9048003330521995,0.3099571495454496,0.3099571495454496,1.0,0.0,0.0,0.0,11
core,hidden_variable,variable_addition,True,EIC-Greedy,10,core,0.8916094082224474,0.32149483164990017,0.32149483164990017,1.0,0.0,0.0,0.0,11
core,hidden_variable,variable_addition,True,EIC-Greedy,11,core,0.8873618399541447,0.3477361274431492,0.3477361274431492,1.0,0.0,0.0,0.0,11
core,hidden_variable,variable_addition,True,EIC-Greedy,12,core,0.8577672805340177,0.41752498144028544,0.41752498144028544,1.0,0.0,0.0,0.0,11
core,hidden_variable,variable_addition,True,EIC-Greedy,13,core,0.9053453432372389,0.3411187978197278,0.3411187978197278,1.0,0.0,0.0,0.0,11
core,hidden_variable,variable_addition,True,EIC-Greedy,14,core,0.8988358861680843,0.3058646129496451,0.3058646129496451,1.0,0.0,0.0,0.0,11
core,hidden_variable,variable_addition,True,EIC-Greedy,15,core,0.8925882680148288,0.32967064658225076,0.32967064658225076,1.0,0.0,0.0,0.0,11
core,hidden_variable,variable_addition,True,EIC-Greedy,16,core,0.8797091230851538,0.33345144200943305,0.33345144200943305,1.0,0.0,0.0,0.0,11
core,hidden_variable,variable_addition,True,EIC-Greedy,17,core,0.9168817399884844,0.28129855047583663,0.28129855047583663,1.0,0.0,0.0,0.0,11
core,hidden_variable,variable_addition,True,EIC-Greedy,18,core,0.9001305748480418,0.2961634325910392,0.2961634325910392,1.0,0.0,0.0,0.0,11
core,hidden_variable,variable_addition,True,EIC-Greedy,19,core,0.8645841296927221,0.33510159034433173,0.33510159034433173,1.0,0.0,0.0,0.0,11
core,hidden_variable,variable_addition,True,EIC-Greedy,20,core,0.8842534849558652,0.35064868291602963,0.35064868291602963,1.0,0.0,0.0,0.0,11
core,hidden_variable,variable_addition,True,EIC-Greedy,21,core,0.9074655427208035,0.31474829771234,0.31474829771234,1.0,0.0,0.0,0.0,11
core,hidden_variable,variable_addition,True,EIC-Greedy,22,core,0.9063844091794483,0.28979959326007404,0.28979959326007404,1.0,0.0,0.0,0.0,11
core,hidden_variable,variable_addition,True,EIC-Greedy,23,core,0.8820445407356423,0.3215881214112663,0.3215881214112663,1.0,0.0,0.0,0.0,11
core,hidden_variable,variable_addition,True,EIC-Greedy,24,core,0.8979208238544054,0.2856947791515069,0.2856947791515069,1.0,0.0,0.0,0.0,11
core,hidden_variable,variable_addition,True,EIC-Greedy,25,core,0.9359350546875624,0.21293740175519468,0.21293740175519468,1.0,0.0,0.0,0.0,11
core,hidden_variable,variable_addition,True,EIC-Greedy,26,core,0.8879275561594181,0.2554125066778256,0.2554125066778256,1.0,0.0,0.0,0.0,11
core,hidden_variable,variable_addition,True,EIC-Greedy,27,core,0.9075110855096388,0.32671342519099916,0.32671342519099916,1.0,0.0,0.0,0.0,11
core,hidden_variable,variable_addition,True,EIC-Greedy,28,core,0.9139107090393203,0.2917712341152834,0.2917712341152834,1.0,0.0,0.0,0.0,11
core,hidden_variable,variable_addition,True,EIC-Greedy,29,core,0.9210497828129495,0.293947982184583,0.293947982184583,1.0,0.0,0.0,0.0,11
core,hidden_variable,variable_addition,True,EIC-Greedy,30,core,0.8926642291273493,0.3530298463697336,0.3530298463697336,1.0,0.0,0.0,0.0,11
core,hidden_variable,variable_addition,True,EIC-Greedy,31,core,0.9025799610872483,0.27592078503211254,0.27592078503211254,1.0,0.0,0.0,0.0,11
core,hidden_variable,variable_addition,True,EIC-Greedy,32,core,0.8886833117124664,0.3214940577793108,0.3214940577793108,1.0,0.0,0.0,0.0,11
core,hidden_variable,variable_addition,True,EIC-Greedy,33,core,0.9060963454643547,0.27318897031740386,0.27318897031740386,1.0,0.0,0.0,0.0,11
core,hidden_variable,variable_addition,True,EIC-Greedy,34,core,0.8828905228646724,0.3815594303083798,0.3815594303083798,1.0,0.0,0.0,0.0,11
core,hidden_variable,variable_addition,True,EIC-Greedy,35,core,0.8628523242190688,0.35142307749660273,0.35142307749660273,1.0,0.0,0.0,0.0,11
core,hidden_variable,variable_addition,True,EIC-Greedy,36,core,0.8772209805160635,0.34907850318164213,0.34907850318164213,1.0,0.0,0.0,0.0,11
core,hidden_variable,variable_addition,True,EIC-Greedy,37,core,0.9023503643225969,0.3075611369427383,0.3075611369427383,1.0,0.0,0.0,0.0,11
core,hidden_variable,variable_addition,True,EIC-Greedy,38,core,0.9056311612441617,0.2664805082508867,0.2664805082508867,1.0,0.0,0.0,0.0,11
core,hidden_variable,variable_addition,True,EIC-Greedy,39,core,0.9099499259212999,0.28941286602067373,0.28941286602067373,1.0,0.0,0.0,0.0,11
core,hidden_variable,variable_addition,True,EIC-Greedy,40,core,0.9126738358936024,0.2783341861765512,0.2783341861765512,1.0,0.0,0.0,0.0,11
core,hidden_variable,variable_addition,True,EIC-Greedy,41,core,0.8842480245609572,0.3602521306170312,0.3602521306170312,1.0,0.0,0.0,0.0,11
core,hidden_variable,variable_addition,True,EIC-Greedy,42,core,0.9045806330741841,0.30028023070280985,0.30028023070280985,1.0,0.0,0.0,0.0,11
core,hidden_variable,variable_addition,True,EIC-Greedy,43,core,0.9119991985107546,0.27862579518502045,0.27862579518502045,1.0,0.0,0.0,0.0,11
core,hidden_variable,variable_addition,True,EIC-Greedy,44,core,0.8987672107786671,0.3044311326214608,0.3044311326214608,1.0,0.0,0.0,0.0,11
core,hidden_variable,variable_addition,True,EIC-Greedy,45,core,0.9015069507518283,0.26571453914736726,0.26571453914736726,1.0,0.0,0.0,0.0,11
core,hidden_variable,variable_addition,True,EIC-Greedy,46,core,0.9055017759914809,0.3136552446177001,0.3136552446177001,1.0,0.0,0.0,0.0,11
core,hidden_variable,variable_addition,True,EIC-Greedy,47,core,0.8980046973779147,0.2778567280444058,0.2778567280444058,1.0,0.0,0.0,0.0,11
core,hidden_variable,variable_addition,True,EIC-Greedy,48,core,0.906836786956972,0.26328205425124357,0.26328205425124357,1.0,0.0,0.0,0.0,11
core,hidden_variable,variable_addition,True,EIC-Greedy,49,core,0.907972417990684,0.31069213567048026,0.31069213567048026,1.0,0.0,0.0,0.0,11
core,hidden_variable,variable_addition,True,Oracle,0,core,0.893181518511975,0.309101167040669,0.309101167040669,1.0,0.0,0.0,0.0,11
core,hidden_variable,variable_addition,True,Oracle,1,core,0.870863275083144,0.33951966958956387,0.33951966958956387,1.0,0.0,0.0,0.0,11
core,hidden_variable,variable_addition,True,Oracle,2,core,0.8803332604584156,0.3565805478420652,0.3565805478420652,1.0,0.0,0.0,0.0,11
core,hidden_variable,variable_addition,True,Oracle,3,core,0.8804836533252145,0.3761945760699924,0.3761945760699924,1.0,0.0,0.0,0.0,11
core,hidden_variable,variable_addition,True,Oracle,4,core,0.9096950334637245,0.2606775328332504,0.2606775328332504,1.0,0.0,0.0,0.0,11
core,hidden_variable,variable_addition,True,Oracle,5,core,0.8921352639587894,0.33888133715894647,0.33888133715894647,1.0,0.0,0.0,0.0,11
core,hidden_variable,variable_addition,True,Oracle,6,core,0.9105981304264058,0.2737135449614189,0.2737135449614189,1.0,0.0,0.0,0.0,11
core,hidden_variable,variable_addition,True,Oracle,7,core,0.9223856765597711,0.22372596267590908,0.22372596267590908,1.0,0.0,0.0,0.0,11
core,hidden_variable,variable_addition,True,Oracle,8,core,0.8975447202063396,0.3137619694515935,0.3137619694515935,1.0,0.0,0.0,0.0,11
core,hidden_variable,variable_addition,True,Oracle,9,core,0.9048003330521995,0.3099571495454496,0.3099571495454496,1.0,0.0,0.0,0.0,11
core,hidden_variable,variable_addition,True,Oracle,10,core,0.8916094082224474,0.32149483164990017,0.32149483164990017,1.0,0.0,0.0,0.0,11
core,hidden_variable,variable_addition,True,Oracle,11,core,0.8873618399541447,0.3477361274431492,0.3477361274431492,1.0,0.0,0.0,0.0,11
core,hidden_variable,variable_addition,True,Oracle,12,core,0.8577672805340177,0.41752498144028544,0.41752498144028544,1.0,0.0,0.0,0.0,11
core,hidden_variable,variable_addition,True,Oracle,13,core,0.9053453432372389,0.3411187978197278,0.3411187978197278,1.0,0.0,0.0,0.0,11
core,hidden_variable,variable_addition,True,Oracle,14,core,0.8988358861680843,0.3058646129496451,0.3058646129496451,1.0,0.0,0.0,0.0,11
core,hidden_variable,variable_addition,True,Oracle,15,core,0.8925882680148288,0.32967064658225076,0.32967064658225076,1.0,0.0,0.0,0.0,11
core,hidden_variable,variable_addition,True,Oracle,16,core,0.8797091230851538,0.33345144200943305,0.33345144200943305,1.0,0.0,0.0,0.0,11
core,hidden_variable,variable_addition,True,Oracle,17,core,0.9168817399884844,0.28129855047583663,0.28129855047583663,1.0,0.0,0.0,0.0,11
core,hidden_variable,variable_addition,True,Oracle,18,core,0.9001305748480418,0.2961634325910392,0.2961634325910392,1.0,0.0,0.0,0.0,11
core,hidden_variable,variable_addition,True,Oracle,19,core,0.8645841296927221,0.33510159034433173,0.33510159034433173,1.0,0.0,0.0,0.0,11
core,hidden_variable,variable_addition,True,Oracle,20,core,0.8842534849558652,0.35064868291602963,0.35064868291602963,1.0,0.0,0.0,0.0,11
core,hidden_variable,variable_addition,True,Oracle,21,core,0.9074655427208035,0.31474829771234,0.31474829771234,1.0,0.0,0.0,0.0,11
core,hidden_variable,variable_addition,True,Oracle,22,core,0.9063844091794483,0.28979959326007404,0.28979959326007404,1.0,0.0,0.0,0.0,11
core,hidden_variable,variable_addition,True,Oracle,23,core,0.8820445407356423,0.3215881214112663,0.3215881214112663,1.0,0.0,0.0,0.0,11
core,hidden_variable,variable_addition,True,Oracle,24,core,0.8979208238544054,0.2856947791515069,0.2856947791515069,1.0,0.0,0.0,0.0,11
core,hidden_variable,variable_addition,True,Oracle,25,core,0.9359350546875624,0.21293740175519468,0.21293740175519468,1.0,0.0,0.0,0.0,11
core,hidden_variable,variable_addition,True,Oracle,26,core,0.8879275561594181,0.2554125066778256,0.2554125066778256,1.0,0.0,0.0,0.0,11
core,hidden_variable,variable_addition,True,Oracle,27,core,0.9075110855096388,0.32671342519099916,0.32671342519099916,1.0,0.0,0.0,0.0,11
core,hidden_variable,variable_addition,True,Oracle,28,core,0.9139107090393203,0.2917712341152834,0.2917712341152834,1.0,0.0,0.0,0.0,11
core,hidden_variable,variable_addition,True,Oracle,29,core,0.9210497828129495,0.293947982184583,0.293947982184583,1.0,0.0,0.0,0.0,11
core,hidden_variable,variable_addition,True,Oracle,30,core,0.8926642291273493,0.3530298463697336,0.3530298463697336,1.0,0.0,0.0,0.0,11
core,hidden_variable,variable_addition,True,Oracle,31,core,0.9025799610872483,0.27592078503211254,0.27592078503211254,1.0,0.0,0.0,0.0,11
core,hidden_variable,variable_addition,True,Oracle,32,core,0.8886833117124664,0.3214940577793108,0.3214940577793108,1.0,0.0,0.0,0.0,11
core,hidden_variable,variable_addition,True,Oracle,33,core,0.9060963454643547,0.27318897031740386,0.27318897031740386,1.0,0.0,0.0,0.0,11
core,hidden_variable,variable_addition,True,Oracle,34,core,0.8828905228646724,0.3815594303083798,0.3815594303083798,1.0,0.0,0.0,0.0,11
core,hidden_variable,variable_addition,True,Oracle,35,core,0.8628523242190688,0.35142307749660273,0.35142307749660273,1.0,0.0,0.0,0.0,11
core,hidden_variable,variable_addition,True,Oracle,36,core,0.8772209805160635,0.34907850318164213,0.34907850318164213,1.0,0.0,0.0,0.0,11
core,hidden_variable,variable_addition,True,Oracle,37,core,0.9023503643225969,0.3075611369427383,0.3075611369427383,1.0,0.0,0.0,0.0,11
core,hidden_variable,variable_addition,True,Oracle,38,core,0.9056311612441617,0.2664805082508867,0.2664805082508867,1.0,0.0,0.0,0.0,11
core,hidden_variable,variable_addition,True,Oracle,39,core,0.9099499259212999,0.28941286602067373,0.28941286602067373,1.0,0.0,0.0,0.0,11
core,hidden_variable,variable_addition,True,Oracle,40,core,0.9126738358936024,0.2783341861765512,0.2783341861765512,1.0,0.0,0.0,0.0,11
core,hidden_variable,variable_addition,True,Oracle,41,core,0.8842480245609572,0.3602521306170312,0.3602521306170312,1.0,0.0,0.0,0.0,11
core,hidden_variable,variable_addition,True,Oracle,42,core,0.9045806330741841,0.30028023070280985,0.30028023070280985,1.0,0.0,0.0,0.0,11
core,hidden_variable,variable_addition,True,Oracle,43,core,0.9119991985107546,0.27862579518502045,0.27862579518502045,1.0,0.0,0.0,0.0,11
core,hidden_variable,variable_addition,True,Oracle,44,core,0.8987672107786671,0.3044311326214608,0.3044311326214608,1.0,0.0,0.0,0.0,11
core,hidden_variable,variable_addition,True,Oracle,45,core,0.9015069507518283,0.26571453914736726,0.26571453914736726,1.0,0.0,0.0,0.0,11
core,hidden_variable,variable_addition,True,Oracle,46,core,0.9055017759914809,0.3136552446177001,0.3136552446177001,1.0,0.0,0.0,0.0,11
core,hidden_variable,variable_addition,True,Oracle,47,core,0.8980046973779147,0.2778567280444058,0.2778567280444058,1.0,0.0,0.0,0.0,11
core,hidden_variable,variable_addition,True,Oracle,48,core,0.906836786956972,0.26328205425124357,0.26328205425124357,1.0,0.0,0.0,0.0,11
core,hidden_variable,variable_addition,True,Oracle,49,core,0.907972417990684,0.31069213567048026,0.31069213567048026,1.0,0.0,0.0,0.0,11
core,ontology_split,ontology_refinement,False,Fixed-Frame,0,core,0.511813400226031,0.6469800428130333,0.6469800428130333,0.0,0.0,0.0,0.0,6
core,ontology_split,ontology_refinement,False,Fixed-Frame,1,core,0.5053143266908999,0.5665173355638222,0.5665173355638222,0.0,0.0,0.0,0.0,6
core,ontology_split,ontology_refinement,False,Fixed-Frame,2,core,0.49231443811122944,0.6288983880896458,0.6288983880896458,0.0,0.0,0.0,0.0,6
core,ontology_split,ontology_refinement,False,Fixed-Frame,3,core,0.4987204774199519,0.5995109776947928,0.5995109776947928,0.0,0.0,0.0,0.0,6
core,ontology_split,ontology_refinement,False,Fixed-Frame,4,core,0.5075452078447183,0.4539253386188434,0.4539253386188434,0.0,0.0,0.0,0.0,6
core,ontology_split,ontology_refinement,False,Fixed-Frame,5,core,0.5077846560447393,0.7017149816559035,0.7017149816559035,0.0,0.0,0.0,0.0,6
core,ontology_split,ontology_refinement,False,Fixed-Frame,6,core,0.5017312156274295,0.6310865100099633,0.6310865100099633,0.0,0.0,0.0,0.0,6
core,ontology_split,ontology_refinement,False,Fixed-Frame,7,core,0.5137032594195841,0.5457406240681347,0.5457406240681347,0.0,0.0,0.0,0.0,6
core,ontology_split,ontology_refinement,False,Fixed-Frame,8,core,0.5014803849254242,0.5718903631491057,0.5718903631491057,0.0,0.0,0.0,0.0,6
core,ontology_split,ontology_refinement,False,Fixed-Frame,9,core,0.505283212834798,0.603895536628899,0.603895536628899,0.0,0.0,0.0,0.0,6
core,ontology_split,ontology_refinement,False,Fixed-Frame,10,core,0.5020415309500862,0.6027735209994138,0.6027735209994138,0.0,0.0,0.0,0.0,6
core,ontology_split,ontology_refinement,False,Fixed-Frame,11,core,0.500701222301549,0.5992064375534574,0.5992064375534574,0.0,0.0,0.0,0.0,6
core,ontology_split,ontology_refinement,False,Fixed-Frame,12,core,0.5009329183105914,0.6091982625797077,0.6091982625797077,0.0,0.0,0.0,0.0,6
core,ontology_split,ontology_refinement,False,Fixed-Frame,13,core,0.5014531644695167,0.5995520499976369,0.5995520499976369,0.0,0.0,0.0,0.0,6
core,ontology_split,ontology_refinement,False,Fixed-Frame,14,core,0.5013596283082574,0.5550462538308119,0.5550462538308119,0.0,0.0,0.0,0.0,6
core,ontology_split,ontology_refinement,False,Fixed-Frame,15,core,0.49794414813662174,0.5385616959854372,0.5385616959854372,0.0,0.0,0.0,0.0,6
core,ontology_split,ontology_refinement,False,Fixed-Frame,16,core,0.5021633605825943,0.7400908259695168,0.7400908259695168,0.0,0.0,0.0,0.0,6
core,ontology_split,ontology_refinement,False,Fixed-Frame,17,core,0.5017286758287588,0.519361036118967,0.519361036118967,0.0,0.0,0.0,0.0,6
core,ontology_split,ontology_refinement,False,Fixed-Frame,18,core,0.5041488917461825,0.5667208536228425,0.5667208536228425,0.0,0.0,0.0,0.0,6
core,ontology_split,ontology_refinement,False,Fixed-Frame,19,core,0.503583318308269,0.5539242436476617,0.5539242436476617,0.0,0.0,0.0,0.0,6
core,ontology_split,ontology_refinement,False,Fixed-Frame,20,core,0.5047556972358423,0.6193363533302298,0.6193363533302298,0.0,0.0,0.0,0.0,6
core,ontology_split,ontology_refinement,False,Fixed-Frame,21,core,0.5024249957510915,0.5605304255089815,0.5605304255089815,0.0,0.0,0.0,0.0,6
core,ontology_split,ontology_refinement,False,Fixed-Frame,22,core,0.5003883605805449,0.5927945343635248,0.5927945343635248,0.0,0.0,0.0,0.0,6
core,ontology_split,ontology_refinement,False,Fixed-Frame,23,core,0.5009004170740611,0.5984445884231596,0.5984445884231596,0.0,0.0,0.0,0.0,6
core,ontology_split,ontology_refinement,False,Fixed-Frame,24,core,0.5003435500101802,0.5866371874901026,0.5866371874901026,0.0,0.0,0.0,0.0,6
core,ontology_split,ontology_refinement,False,Fixed-Frame,25,core,0.5017325836341947,0.5644877867633031,0.5644877867633031,0.0,0.0,0.0,0.0,6
core,ontology_split,ontology_refinement,False,Fixed-Frame,26,core,0.5071373082716129,0.5906295358297774,0.5906295358297774,0.0,0.0,0.0,0.0,6
core,ontology_split,ontology_refinement,False,Fixed-Frame,27,core,0.5026594470236809,0.6280798633536494,0.6280798633536494,0.0,0.0,0.0,0.0,6
core,ontology_split,ontology_refinement,False,Fixed-Frame,28,core,0.500457288232414,0.5783195158854879,0.5783195158854879,0.0,0.0,0.0,0.0,6
core,ontology_split,ontology_refinement,False,Fixed-Frame,29,core,0.5037230934872716,0.5834801791441309,0.5834801791441309,0.0,0.0,0.0,0.0,6
core,ontology_split,ontology_refinement,False,Fixed-Frame,30,core,0.4759971387460847,0.6697286340798853,0.6697286340798853,0.0,0.0,0.0,0.0,6
core,ontology_split,ontology_refinement,False,Fixed-Frame,31,core,0.49794648225414273,0.45945191568307525,0.45945191568307525,0.0,0.0,0.0,0.0,6
core,ontology_split,ontology_refinement,False,Fixed-Frame,32,core,0.49457601765402426,0.6846668722090844,0.6846668722090844,0.0,0.0,0.0,0.0,6
core,ontology_split,ontology_refinement,False,Fixed-Frame,33,core,0.5010113836627935,0.6085516455195914,0.6085516455195914,0.0,0.0,0.0,0.0,6
core,ontology_split,ontology_refinement,False,Fixed-Frame,34,core,0.5168700545313696,0.533402969155512,0.533402969155512,0.0,0.0,0.0,0.0,6
core,ontology_split,ontology_refinement,False,Fixed-Frame,35,core,0.4999149950681616,0.6029559986656013,0.6029559986656013,0.0,0.0,0.0,0.0,6
core,ontology_split,ontology_refinement,False,Fixed-Frame,36,core,0.49089480534253066,0.7488406734320884,0.7488406734320884,0.0,0.0,0.0,0.0,6
core,ontology_split,ontology_refinement,False,Fixed-Frame,37,core,0.5081707402072387,0.5387055967710818,0.5387055967710818,0.0,0.0,0.0,0.0,6
core,ontology_split,ontology_refinement,False,Fixed-Frame,38,core,0.4852164056910115,0.6500910346825505,0.6500910346825505,0.0,0.0,0.0,0.0,6
core,ontology_split,ontology_refinement,False,Fixed-Frame,39,core,0.4944649350236858,0.6852239541298866,0.6852239541298866,0.0,0.0,0.0,0.0,6
core,ontology_split,ontology_refinement,False,Fixed-Frame,40,core,0.5072626726292293,0.5160916901688659,0.5160916901688659,0.0,0.0,0.0,0.0,6
core,ontology_split,ontology_refinement,False,Fixed-Frame,41,core,0.4988251872589078,0.5787438000672144,0.5787438000672144,0.0,0.0,0.0,0.0,6
core,ontology_split,ontology_refinement,False,Fixed-Frame,42,core,0.48564350166260334,0.6469385239195028,0.6469385239195028,0.0,0.0,0.0,0.0,6
core,ontology_split,ontology_refinement,False,Fixed-Frame,43,core,0.5086437135974234,0.6172405043137043,0.6172405043137043,0.0,0.0,0.0,0.0,6
core,ontology_split,ontology_refinement,False,Fixed-Frame,44,core,0.5025893603528379,0.5701911762980169,0.5701911762980169,0.0,0.0,0.0,0.0,6
core,ontology_split,ontology_refinement,False,Fixed-Frame,45,core,0.4995160103782362,0.5863901432091883,0.5863901432091883,0.0,0.0,0.0,0.0,6
core,ontology_split,ontology_refinement,False,Fixed-Frame,46,core,0.5028833560485473,0.6072274550613709,0.6072274550613709,0.0,0.0,0.0,0.0,6
core,ontology_split,ontology_refinement,False,Fixed-Frame,47,core,0.4929184299212731,0.5149110691053996,0.5149110691053996,0.0,0.0,0.0,0.0,6
core,ontology_split,ontology_refinement,False,Fixed-Frame,48,core,0.49891041578650885,0.5441678926951925,0.5441678926951925,0.0,0.0,0.0,0.0,6
core,ontology_split,ontology_refinement,False,Fixed-Frame,49,core,0.5004024756328939,0.6125521222414193,0.6125521222414193,0.0,0.0,0.0,0.0,6
core,ontology_split,ontology_refinement,False,Random-Edit,0,core,0.5926940477417867,0.4661298051827725,0.6469800428130333,0.0,1.0,1.0,0.04044032375787787,6
core,ontology_split,ontology_refinement,False,Random-Edit,1,core,0.5756858910647397,0.42652782640983194,0.5665173355638222,0.0,1.0,1.0,0.03518578218691987,6
core,ontology_split,ontology_refinement,False,Random-Edit,2,core,0.5868302183357804,0.42938248268609336,0.6288983880896458,0.0,1.0,1.0,0.04725789011227549,6
core,ontology_split,ontology_refinement,False,Random-Edit,3,core,0.5921153121827744,0.41087099759997575,0.5995109776947928,0.0,1.0,1.0,0.04669741738141123,6
core,ontology_split,ontology_refinement,False,Random-Edit,4,core,0.6857163202036696,0.21442239045919154,0.4539253386188434,0.0,1.0,1.0,0.08908555617947561,6
core,ontology_split,ontology_refinement,False,Random-Edit,5,core,0.5993578697325641,0.48389995157780397,0.7017149816559035,0.0,1.0,1.0,0.04578660684391239,6
core,ontology_split,ontology_refinement,False,Random-Edit,6,core,0.5731147514657898,0.4733320357249445,0.6310865100099633,0.0,1.0,1.0,0.03569176791918016,6
core,ontology_split,ontology_refinement,False,Random-Edit,7,core,0.6755531740358843,0.2768734018759336,0.5457406240681347,0.0,1.0,1.0,0.08092495730815014,6
core,ontology_split,ontology_refinement,False,Random-Edit,8,core,0.5014803849254242,0.5718903631491057,0.5718903631491057,0.0,0.0,0.0,0.0,6
core,ontology_split,ontology_refinement,False,Random-Edit,9,core,0.505283212834798,0.603895536628899,0.603895536628899,0.0,0.0,0.0,0.0,6
core,ontology_split,ontology_refinement,False,Random-Edit,10,core,0.590606025127574,0.421254217496266,0.6027735209994138,0.0,1.0,1.0,0.0442822470887439,6
core,ontology_split,ontology_refinement,False,Random-Edit,11,core,0.500701222301549,0.5992064375534574,0.5992064375534574,0.0,0.0,0.0,0.0,6
core,ontology_split,ontology_refinement,False,Random-Edit,12,core,0.5689389253504047,0.4632895050941572,0.6091982625797077,0.0,1.0,1.0,0.03400300351990665,6
core,ontology_split,ontology_refinement,False,Random-Edit,13,core,0.6300803160733046,0.354048561040771,0.5995520499976369,0.0,1.0,1.0,0.06431357580189395,6
core,ontology_split,ontology_refinement,False,Random-Edit,14,core,0.5013596283082574,0.5550462538308119,0.5550462538308119,0.0,0.0,0.0,0.0,6
core,ontology_split,ontology_refinement,False,Random-Edit,15,core,0.6574980751908996,0.27824834640497076,0.5385616959854372,0.0,1.0,1.0,0.07977696352713895,6
core,ontology_split,ontology_refinement,False,Random-Edit,16,core,0.5021633605825943,0.7400908259695168,0.7400908259695168,0.0,0.0,0.0,0.0,6
core,ontology_split,ontology_refinement,False,Random-Edit,17,core,0.6165742828219404,0.3252132459761984,0.519361036118967,0.0,1.0,1.0,0.05742280349659079,6
core,ontology_split,ontology_refinement,False,Random-Edit,18,core,0.5041488917461825,0.5667208536228425,0.5667208536228425,0.0,0.0,0.0,0.0,6
core,ontology_split,ontology_refinement,False,Random-Edit,19,core,0.5346657611986033,0.4890553073139071,0.5539242436476617,0.0,1.0,1.0,0.015541221445167175,6
core,ontology_split,ontology_refinement,False,Random-Edit,20,core,0.618230896271394,0.3897969056080836,0.6193363533302298,0.0,1.0,1.0,0.05673759951777585,6
core,ontology_split,ontology_refinement,False,Random-Edit,21,core,0.6143821271860483,0.3552470289497639,0.5605304255089815,0.0,1.0,1.0,0.055978565717478446,6
core,ontology_split,ontology_refinement,False,Random-Edit,22,core,0.5352619109355469,0.5154906233500827,0.5927945343635248,0.0,1.0,1.0,0.017436775177500974,6
core,ontology_split,ontology_refinement,False,Random-Edit,23,core,0.5009004170740611,0.5984445884231596,0.5984445884231596,0.0,0.0,0.0,0.0,6
core,ontology_split,ontology_refinement,False,Random-Edit,24,core,0.5334653335396867,0.5137408676440296,0.5866371874901026,0.0,1.0,1.0,0.016560891764753283,6
core,ontology_split,ontology_refinement,False,Random-Edit,25,core,0.5822059137179939,0.4078965612605431,0.5644877867633031,0.0,1.0,1.0,0.0402366650418996,6
core,ontology_split,ontology_refinement,False,Random-Edit,26,core,0.5071373082716129,0.5906295358297774,0.5906295358297774,0.0,0.0,0.0,0.0,6
core,ontology_split,ontology_refinement,False,Random-Edit,27,core,0.8808250822257666,0.08588751433220346,0.6280798633536494,1.0,1.0,1.0,0.18908281760104284,6
core,ontology_split,ontology_refinement,False,Random-Edit,28,core,0.553550769334174,0.467279641085649,0.5783195158854879,0.0,1.0,1.0,0.02654674055088002,6
core,ontology_split,ontology_refinement,False,Random-Edit,29,core,0.873929388319544,0.08543413349611641,0.5834801791441309,1.0,1.0,1.0,0.1851031474161362,6
core,ontology_split,ontology_refinement,False,Random-Edit,30,core,0.8580505999486835,0.10064453861122839,0.6697286340798853,1.0,1.0,1.0,0.1910267306012994,6
core,ontology_split,ontology_refinement,False,Random-Edit,31,core,0.5397588278592124,0.38856030730478874,0.45945191568307525,0.0,1.0,1.0,0.020906172802534817,6
core,ontology_split,ontology_refinement,False,Random-Edit,32,core,0.5319599200118545,0.5894685726067045,0.6846668722090844,0.0,1.0,1.0,0.018691951178915145,6
core,ontology_split,ontology_refinement,False,Random-Edit,33,core,0.6383514832765461,0.3461634521214366,0.6085516455195914,0.0,1.0,1.0,0.0686700498068763,6
core,ontology_split,ontology_refinement,False,Random-Edit,34,core,0.8792631872603546,0.07835986152955213,0.533402969155512,1.0,1.0,1.0,0.1811965663644925,6
core,ontology_split,ontology_refinement,False,Random-Edit,35,core,0.6047841089968596,0.393887300488034,0.6029559986656013,0.0,1.0,1.0,0.05243455696434901,6
core,ontology_split,ontology_refinement,False,Random-Edit,36,core,0.5373748434953011,0.62161608898761,0.7488406734320884,0.0,1.0,1.0,0.023240019076385204,6
core,ontology_split,ontology_refinement,False,Random-Edit,37,core,0.6315666528367723,0.32470316473558986,0.5387055967710818,0.0,1.0,1.0,0.061697956314766766,6
core,ontology_split,ontology_refinement,False,Random-Edit,38,core,0.4852164056910115,0.6500910346825505,0.6500910346825505,0.0,0.0,0.0,0.0,6
core,ontology_split,ontology_refinement,False,Random-Edit,39,core,0.4944649350236858,0.6852239541298866,0.6852239541298866,0.0,0.0,0.0,0.0,6
core,ontology_split,ontology_refinement,False,Random-Edit,40,core,0.5072626726292293,0.5160916901688659,0.5160916901688659,0.0,0.0,0.0,0.0,6
core,ontology_split,ontology_refinement,False,Random-Edit,41,core,0.5416140885261544,0.48751366940606633,0.5787438000672144,0.0,1.0,1.0,0.02139445063362333,6
core,ontology_split,ontology_refinement,False,Random-Edit,42,core,0.8692990601123054,0.0918387290053929,0.6469385239195028,1.0,1.0,1.0,0.19182777922485103,6
core,ontology_split,ontology_refinement,False,Random-Edit,43,core,0.8786432829469256,0.08825164475086011,0.6172405043137043,1.0,1.0,1.0,0.1849997846747511,6
core,ontology_split,ontology_refinement,False,Random-Edit,44,core,0.5443794554689884,0.48219231458613865,0.5701911762980169,0.0,1.0,1.0,0.020895047558075253,6
core,ontology_split,ontology_refinement,False,Random-Edit,45,core,0.5708020317326457,0.4400662194268312,0.5863901432091883,0.0,1.0,1.0,0.03564301067720474,6
core,ontology_split,ontology_refinement,False,Random-Edit,46,core,0.5414757288044749,0.5201680726812234,0.6072274550613709,0.0,1.0,1.0,0.01929618637796382,6
core,ontology_split,ontology_refinement,False,Random-Edit,47,core,0.5945647398830333,0.3413122092113719,0.5149110691053996,0.0,1.0,1.0,0.05082315498088008,6
core,ontology_split,ontology_refinement,False,Random-Edit,48,core,0.6451894737954783,0.2979540763065312,0.5441678926951925,0.0,1.0,1.0,0.07313952900448473,6
core,ontology_split,ontology_refinement,False,Random-Edit,49,core,0.5421837557380011,0.5180681787005178,0.6125521222414193,0.0,1.0,1.0,0.020890640052553644,6
core,ontology_split,ontology_refinement,False,Flat-Search,0,core,0.8625369597053401,0.10809980580100423,0.6469800428130333,1.0,1.0,1.0,0.17536177973965456,6
core,ontology_split,ontology_refinement,False,Flat-Search,1,core,0.8463365333946954,0.10506861823931593,0.5665173355638222,1.0,1.0,1.0,0.17051110335189773,6
core,ontology_split,ontology_refinement,False,Flat-Search,2,core,0.8650483292246508,0.09514065467850276,0.6288983880896458,1.0,1.0,1.0,0.18636694555671068,6
core,ontology_split,ontology_refinement,False,Flat-Search,3,core,0.8652496497389301,0.09288869195498249,0.5995109776947928,1.0,1.0,1.0,0.18326458615948912,6
core,ontology_split,ontology_refinement,False,Flat-Search,4,core,0.8455745098016983,0.08543973563884137,0.4539253386188434,1.0,1.0,1.0,0.16901465097849,6
core,ontology_split,ontology_refinement,False,Flat-Search,5,core,0.9095600622069377,0.07198036534058372,0.7017149816559035,1.0,1.0,1.0,0.2008877030810992,6
core,ontology_split,ontology_refinement,False,Flat-Search,6,core,0.870310761998388,0.09469475463814653,0.6310865100099633,1.0,1.0,1.0,0.18428977318547923,6
core,ontology_split,ontology_refinement,False,Flat-Search,7,core,0.8589848908606199,0.0946405746835792,0.5457406240681347,1.0,1.0,1.0,0.17264081572051793,6
core,ontology_split,ontology_refinement,False,Flat-Search,8,core,0.8800714545086156,0.07839513453327329,0.5718903631491057,1.0,1.0,1.0,0.18929553479159567,6
core,ontology_split,ontology_refinement,False,Flat-Search,9,core,0.8682418763398989,0.09360018670725911,0.603895536628899,1.0,1.0,1.0,0.18147933175255043,6
core,ontology_split,ontology_refinement,False,Flat-Search,10,core,0.8725979506982039,0.08872845379020336,0.6027735209994138,1.0,1.0,1.0,0.18527820987405885,6
core,ontology_split,ontology_refinement,False,Flat-Search,11,core,0.8701476925079907,0.08967085648319924,0.5992064375534574,1.0,1.0,1.0,0.18472323510322086,6
core,ontology_split,ontology_refinement,False,Flat-Search,12,core,0.8800133819898102,0.08337250280626401,0.6091982625797077,1.0,1.0,1.0,0.18954023183960939,6
core,ontology_split,ontology_refinement,False,Flat-Search,13,core,0.8769300834355779,0.08463270888622411,0.5995520499976369,1.0,1.0,1.0,0.18773845948303058,6
core,ontology_split,ontology_refinement,False,Flat-Search,14,core,0.8816532360883973,0.07491170452608929,0.5550462538308119,1.0,1.0,1.0,0.19014680389006994,6
core,ontology_split,ontology_refinement,False,Flat-Search,15,core,0.8602343428711969,0.08678561697935748,0.5385616959854372,1.0,1.0,1.0,0.1811450973672876,6
core,ontology_split,ontology_refinement,False,Flat-Search,16,core,0.8772183820230336,0.10448857704932976,0.7400908259695168,1.0,1.0,1.0,0.18752751072021967,6
core,ontology_split,ontology_refinement,False,Flat-Search,17,core,0.8655491513552924,0.08123519118799123,0.519361036118967,1.0,1.0,1.0,0.1819102377632668,6
core,ontology_split,ontology_refinement,False,Flat-Search,18,core,0.8727812352068023,0.08398901663611935,0.5667208536228425,1.0,1.0,1.0,0.1843161717303099,6
core,ontology_split,ontology_refinement,False,Flat-Search,19,core,0.8605179840234468,0.09108221971906852,0.5539242436476617,1.0,1.0,1.0,0.17846733285758892,6
core,ontology_split,ontology_refinement,False,Flat-Search,20,core,0.8885796659315157,0.07915099880673575,0.6193363533302298,1.0,1.0,1.0,0.19191198434783668,6
core,ontology_split,ontology_refinement,False,Flat-Search,21,core,0.8893132794447961,0.07044539620485005,0.5605304255089815,1.0,1.0,1.0,0.19344414184685232,6
core,ontology_split,ontology_refinement,False,Flat-Search,22,core,0.8765939687483351,0.0835827680261054,0.5927945343635248,1.0,1.0,1.0,0.18810280408389507,6
core,ontology_split,ontology_refinement,False,Flat-Search,23,core,0.8739864449344488,0.08659657139966814,0.5984445884231596,1.0,1.0,1.0,0.18654301393019385,6
core,ontology_split,ontology_refinement,False,Flat-Search,24,core,0.8413320401777236,0.11078684806263157,0.5866371874901026,1.0,1.0,1.0,0.1704942450837717,6
core,ontology_split,ontology_refinement,False,Flat-Search,25,core,0.8609443909223178,0.09180741913684992,0.5644877867633031,1.0,1.0,1.0,0.17960590364406154,6
core,ontology_split,ontology_refinement,False,Flat-Search,26,core,0.8537166689108353,0.10413479295737622,0.5906295358297774,1.0,1.0,1.0,0.17328968031961123,6
core,ontology_split,ontology_refinement,False,Flat-Search,27,core,0.8808250822257666,0.08588751433220346,0.6280798633536494,1.0,1.0,1.0,0.18908281760104284,6
core,ontology_split,ontology_refinement,False,Flat-Search,28,core,0.8727866768875471,0.08444748672396214,0.5783195158854879,1.0,1.0,1.0,0.18616469432756655,6
core,ontology_split,ontology_refinement,False,Flat-Search,29,core,0.873929388319544,0.08543413349611641,0.5834801791441309,1.0,1.0,1.0,0.1851031474161362,6
core,ontology_split,ontology_refinement,False,Flat-Search,30,core,0.8580505999486835,0.10064453861122839,0.6697286340798853,1.0,1.0,1.0,0.1910267306012994,6
core,ontology_split,ontology_refinement,False,Flat-Search,31,core,0.8229560757521854,0.09803408333189675,0.45945191568307525,1.0,1.0,1.0,0.16250479674902135,6
core,ontology_split,ontology_refinement,False,Flat-Search,32,core,0.877723163587204,0.09333470455698265,0.6846668722090844,1.0,1.0,1.0,0.1915735729665899,6
core,ontology_split,ontology_refinement,False,Flat-Search,33,core,0.8767061880399832,0.08592936552176503,0.6085516455195914,1.0,1.0,1.0,0.18784740218859486,6
core,ontology_split,ontology_refinement,False,Flat-Search,34,core,0.8792631872603546,0.07835986152955213,0.533402969155512,1.0,1.0,1.0,0.1811965663644925,6
core,ontology_split,ontology_refinement,False,Flat-Search,35,core,0.8929783022899831,0.07223852687734716,0.6029559986656013,1.0,1.0,1.0,0.19653165361091074,6
core,ontology_split,ontology_refinement,False,Flat-Search,36,core,0.8758335929272167,0.10236532011155156,0.7488406734320884,1.0,1.0,1.0,0.19246939379234304,6
core,ontology_split,ontology_refinement,False,Flat-Search,37,core,0.8553954608440142,0.09409396405939116,0.5387055967710818,1.0,1.0,1.0,0.17361236031838773,6
core,ontology_split,ontology_refinement,False,Flat-Search,38,core,0.8667104049196495,0.09423390612746077,0.6500910346825505,1.0,1.0,1.0,0.19074699961431898,6
core,ontology_split,ontology_refinement,False,Flat-Search,39,core,0.8660647175631144,0.10364811368318008,0.6852239541298866,1.0,1.0,1.0,0.1857998912697143,6
core,ontology_split,ontology_refinement,False,Flat-Search,40,core,0.8300401145437547,0.10879067125375441,0.5160916901688659,1.0,1.0,1.0,0.1613887209572627,6
core,ontology_split,ontology_refinement,False,Flat-Search,41,core,0.8803014829998806,0.0783254367671944,0.5787438000672144,1.0,1.0,1.0,0.19073814787048643,6
core,ontology_split,ontology_refinement,False,Flat-Search,42,core,0.8692990601123054,0.0918387290053929,0.6469385239195028,1.0,1.0,1.0,0.19182777922485103,6
core,ontology_split,ontology_refinement,False,Flat-Search,43,core,0.8786432829469256,0.08825164475086011,0.6172405043137043,1.0,1.0,1.0,0.1849997846747511,6
core,ontology_split,ontology_refinement,False,Flat-Search,44,core,0.874970906294089,0.0823258423014356,0.5701911762980169,1.0,1.0,1.0,0.18619077297062558,6
core,ontology_split,ontology_refinement,False,Flat-Search,45,core,0.8872883776660326,0.0743446623268101,0.5863901432091883,1.0,1.0,1.0,0.19388618364389823,6
core,ontology_split,ontology_refinement,False,Flat-Search,46,core,0.8824245628948356,0.0818463602615709,0.6072274550613709,1.0,1.0,1.0,0.18977060342314417,6
core,ontology_split,ontology_refinement,False,Flat-Search,47,core,0.8472764837926855,0.09022153667177597,0.5149110691053996,1.0,1.0,1.0,0.1771790269357062,6
core,ontology_split,ontology_refinement,False,Flat-Search,48,core,0.865994457191784,0.08383932227859651,0.5441678926951925,1.0,1.0,1.0,0.1835420207026376,6
core,ontology_split,ontology_refinement,False,Flat-Search,49,core,0.8650303954229279,0.09572972875246251,0.6125521222414193,1.0,1.0,1.0,0.18231395989501703,6
core,ontology_split,ontology_refinement,False,MDL-Flat,0,core,0.8625369597053401,0.10809980580100423,0.6469800428130333,1.0,1.0,1.0,0.17536177973965456,6
core,ontology_split,ontology_refinement,False,MDL-Flat,1,core,0.8463365333946954,0.10506861823931593,0.5665173355638222,1.0,1.0,1.0,0.17051110335189773,6
core,ontology_split,ontology_refinement,False,MDL-Flat,2,core,0.8650483292246508,0.09514065467850276,0.6288983880896458,1.0,1.0,1.0,0.18636694555671068,6
core,ontology_split,ontology_refinement,False,MDL-Flat,3,core,0.8652496497389301,0.09288869195498249,0.5995109776947928,1.0,1.0,1.0,0.18326458615948912,6
core,ontology_split,ontology_refinement,False,MDL-Flat,4,core,0.8455745098016983,0.08543973563884137,0.4539253386188434,1.0,1.0,1.0,0.16901465097849,6
core,ontology_split,ontology_refinement,False,MDL-Flat,5,core,0.9095600622069377,0.07198036534058372,0.7017149816559035,1.0,1.0,1.0,0.2008877030810992,6
core,ontology_split,ontology_refinement,False,MDL-Flat,6,core,0.870310761998388,0.09469475463814653,0.6310865100099633,1.0,1.0,1.0,0.18428977318547923,6
core,ontology_split,ontology_refinement,False,MDL-Flat,7,core,0.8589848908606199,0.0946405746835792,0.5457406240681347,1.0,1.0,1.0,0.17264081572051793,6
core,ontology_split,ontology_refinement,False,MDL-Flat,8,core,0.8800714545086156,0.07839513453327329,0.5718903631491057,1.0,1.0,1.0,0.18929553479159567,6
core,ontology_split,ontology_refinement,False,MDL-Flat,9,core,0.8682418763398989,0.09360018670725911,0.603895536628899,1.0,1.0,1.0,0.18147933175255043,6
core,ontology_split,ontology_refinement,False,MDL-Flat,10,core,0.8725979506982039,0.08872845379020336,0.6027735209994138,1.0,1.0,1.0,0.18527820987405885,6
core,ontology_split,ontology_refinement,False,MDL-Flat,11,core,0.8701476925079907,0.08967085648319924,0.5992064375534574,1.0,1.0,1.0,0.18472323510322086,6
core,ontology_split,ontology_refinement,False,MDL-Flat,12,core,0.8800133819898102,0.08337250280626401,0.6091982625797077,1.0,1.0,1.0,0.18954023183960939,6
core,ontology_split,ontology_refinement,False,MDL-Flat,13,core,0.8769300834355779,0.08463270888622411,0.5995520499976369,1.0,1.0,1.0,0.18773845948303058,6
core,ontology_split,ontology_refinement,False,MDL-Flat,14,core,0.8816532360883973,0.07491170452608929,0.5550462538308119,1.0,1.0,1.0,0.19014680389006994,6
core,ontology_split,ontology_refinement,False,MDL-Flat,15,core,0.8602343428711969,0.08678561697935748,0.5385616959854372,1.0,1.0,1.0,0.1811450973672876,6
core,ontology_split,ontology_refinement,False,MDL-Flat,16,core,0.8772183820230336,0.10448857704932976,0.7400908259695168,1.0,1.0,1.0,0.18752751072021967,6
core,ontology_split,ontology_refinement,False,MDL-Flat,17,core,0.8655491513552924,0.08123519118799123,0.519361036118967,1.0,1.0,1.0,0.1819102377632668,6
core,ontology_split,ontology_refinement,False,MDL-Flat,18,core,0.8727812352068023,0.08398901663611935,0.5667208536228425,1.0,1.0,1.0,0.1843161717303099,6
core,ontology_split,ontology_refinement,False,MDL-Flat,19,core,0.8605179840234468,0.09108221971906852,0.5539242436476617,1.0,1.0,1.0,0.17846733285758892,6
core,ontology_split,ontology_refinement,False,MDL-Flat,20,core,0.8885796659315157,0.07915099880673575,0.6193363533302298,1.0,1.0,1.0,0.19191198434783668,6
core,ontology_split,ontology_refinement,False,MDL-Flat,21,core,0.8893132794447961,0.07044539620485005,0.5605304255089815,1.0,1.0,1.0,0.19344414184685232,6
core,ontology_split,ontology_refinement,False,MDL-Flat,22,core,0.8765939687483351,0.0835827680261054,0.5927945343635248,1.0,1.0,1.0,0.18810280408389507,6
core,ontology_split,ontology_refinement,False,MDL-Flat,23,core,0.8739864449344488,0.08659657139966814,0.5984445884231596,1.0,1.0,1.0,0.18654301393019385,6
core,ontology_split,ontology_refinement,False,MDL-Flat,24,core,0.8413320401777236,0.11078684806263157,0.5866371874901026,1.0,1.0,1.0,0.1704942450837717,6
core,ontology_split,ontology_refinement,False,MDL-Flat,25,core,0.8609443909223178,0.09180741913684992,0.5644877867633031,1.0,1.0,1.0,0.17960590364406154,6
core,ontology_split,ontology_refinement,False,MDL-Flat,26,core,0.8537166689108353,0.10413479295737622,0.5906295358297774,1.0,1.0,1.0,0.17328968031961123,6
core,ontology_split,ontology_refinement,False,MDL-Flat,27,core,0.8808250822257666,0.08588751433220346,0.6280798633536494,1.0,1.0,1.0,0.18908281760104284,6
core,ontology_split,ontology_refinement,False,MDL-Flat,28,core,0.8727866768875471,0.08444748672396214,0.5783195158854879,1.0,1.0,1.0,0.18616469432756655,6
core,ontology_split,ontology_refinement,False,MDL-Flat,29,core,0.873929388319544,0.08543413349611641,0.5834801791441309,1.0,1.0,1.0,0.1851031474161362,6
core,ontology_split,ontology_refinement,False,MDL-Flat,30,core,0.8580505999486835,0.10064453861122839,0.6697286340798853,1.0,1.0,1.0,0.1910267306012994,6
core,ontology_split,ontology_refinement,False,MDL-Flat,31,core,0.8229560757521854,0.09803408333189675,0.45945191568307525,1.0,1.0,1.0,0.16250479674902135,6
core,ontology_split,ontology_refinement,False,MDL-Flat,32,core,0.877723163587204,0.09333470455698265,0.6846668722090844,1.0,1.0,1.0,0.1915735729665899,6
core,ontology_split,ontology_refinement,False,MDL-Flat,33,core,0.8767061880399832,0.08592936552176503,0.6085516455195914,1.0,1.0,1.0,0.18784740218859486,6
core,ontology_split,ontology_refinement,False,MDL-Flat,34,core,0.8792631872603546,0.07835986152955213,0.533402969155512,1.0,1.0,1.0,0.1811965663644925,6
core,ontology_split,ontology_refinement,False,MDL-Flat,35,core,0.8929783022899831,0.07223852687734716,0.6029559986656013,1.0,1.0,1.0,0.19653165361091074,6
core,ontology_split,ontology_refinement,False,MDL-Flat,36,core,0.8758335929272167,0.10236532011155156,0.7488406734320884,1.0,1.0,1.0,0.19246939379234304,6
core,ontology_split,ontology_refinement,False,MDL-Flat,37,core,0.8553954608440142,0.09409396405939116,0.5387055967710818,1.0,1.0,1.0,0.17361236031838773,6
core,ontology_split,ontology_refinement,False,MDL-Flat,38,core,0.8667104049196495,0.09423390612746077,0.6500910346825505,1.0,1.0,1.0,0.19074699961431898,6
core,ontology_split,ontology_refinement,False,MDL-Flat,39,core,0.8660647175631144,0.10364811368318008,0.6852239541298866,1.0,1.0,1.0,0.1857998912697143,6
core,ontology_split,ontology_refinement,False,MDL-Flat,40,core,0.8300401145437547,0.10879067125375441,0.5160916901688659,1.0,1.0,1.0,0.1613887209572627,6
core,ontology_split,ontology_refinement,False,MDL-Flat,41,core,0.8803014829998806,0.0783254367671944,0.5787438000672144,1.0,1.0,1.0,0.19073814787048643,6
core,ontology_split,ontology_refinement,False,MDL-Flat,42,core,0.8692990601123054,0.0918387290053929,0.6469385239195028,1.0,1.0,1.0,0.19182777922485103,6
core,ontology_split,ontology_refinement,False,MDL-Flat,43,core,0.8786432829469256,0.08825164475086011,0.6172405043137043,1.0,1.0,1.0,0.1849997846747511,6
core,ontology_split,ontology_refinement,False,MDL-Flat,44,core,0.874970906294089,0.0823258423014356,0.5701911762980169,1.0,1.0,1.0,0.18619077297062558,6
core,ontology_split,ontology_refinement,False,MDL-Flat,45,core,0.8872883776660326,0.0743446623268101,0.5863901432091883,1.0,1.0,1.0,0.19388618364389823,6
core,ontology_split,ontology_refinement,False,MDL-Flat,46,core,0.8824245628948356,0.0818463602615709,0.6072274550613709,1.0,1.0,1.0,0.18977060342314417,6
core,ontology_split,ontology_refinement,False,MDL-Flat,47,core,0.8472764837926855,0.09022153667177597,0.5149110691053996,1.0,1.0,1.0,0.1771790269357062,6
core,ontology_split,ontology_refinement,False,MDL-Flat,48,core,0.865994457191784,0.08383932227859651,0.5441678926951925,1.0,1.0,1.0,0.1835420207026376,6
core,ontology_split,ontology_refinement,False,MDL-Flat,49,core,0.8650303954229279,0.09572972875246251,0.6125521222414193,1.0,1.0,1.0,0.18231395989501703,6
core,ontology_split,ontology_refinement,False,EIC-NoMargin,0,core,0.8625369597053401,0.10809980580100423,0.6469800428130333,1.0,1.0,1.0,0.17536177973965456,6
core,ontology_split,ontology_refinement,False,EIC-NoMargin,1,core,0.8463365333946954,0.10506861823931593,0.5665173355638222,1.0,1.0,1.0,0.17051110335189773,6
core,ontology_split,ontology_refinement,False,EIC-NoMargin,2,core,0.8650483292246508,0.09514065467850276,0.6288983880896458,1.0,1.0,1.0,0.18636694555671068,6
core,ontology_split,ontology_refinement,False,EIC-NoMargin,3,core,0.8652496497389301,0.09288869195498249,0.5995109776947928,1.0,1.0,1.0,0.18326458615948912,6
core,ontology_split,ontology_refinement,False,EIC-NoMargin,4,core,0.8455745098016983,0.08543973563884137,0.4539253386188434,1.0,1.0,1.0,0.16901465097849,6
core,ontology_split,ontology_refinement,False,EIC-NoMargin,5,core,0.9095600622069377,0.07198036534058372,0.7017149816559035,1.0,1.0,1.0,0.2008877030810992,6
core,ontology_split,ontology_refinement,False,EIC-NoMargin,6,core,0.870310761998388,0.09469475463814653,0.6310865100099633,1.0,1.0,1.0,0.18428977318547923,6
core,ontology_split,ontology_refinement,False,EIC-NoMargin,7,core,0.8589848908606199,0.0946405746835792,0.5457406240681347,1.0,1.0,1.0,0.17264081572051793,6
core,ontology_split,ontology_refinement,False,EIC-NoMargin,8,core,0.8800714545086156,0.07839513453327329,0.5718903631491057,1.0,1.0,1.0,0.18929553479159567,6
core,ontology_split,ontology_refinement,False,EIC-NoMargin,9,core,0.8682418763398989,0.09360018670725911,0.603895536628899,1.0,1.0,1.0,0.18147933175255043,6
core,ontology_split,ontology_refinement,False,EIC-NoMargin,10,core,0.8725979506982039,0.08872845379020336,0.6027735209994138,1.0,1.0,1.0,0.18527820987405885,6
core,ontology_split,ontology_refinement,False,EIC-NoMargin,11,core,0.8701476925079907,0.08967085648319924,0.5992064375534574,1.0,1.0,1.0,0.18472323510322086,6
core,ontology_split,ontology_refinement,False,EIC-NoMargin,12,core,0.8800133819898102,0.08337250280626401,0.6091982625797077,1.0,1.0,1.0,0.18954023183960939,6
core,ontology_split,ontology_refinement,False,EIC-NoMargin,13,core,0.8769300834355779,0.08463270888622411,0.5995520499976369,1.0,1.0,1.0,0.18773845948303058,6
core,ontology_split,ontology_refinement,False,EIC-NoMargin,14,core,0.8816532360883973,0.07491170452608929,0.5550462538308119,1.0,1.0,1.0,0.19014680389006994,6
core,ontology_split,ontology_refinement,False,EIC-NoMargin,15,core,0.8602343428711969,0.08678561697935748,0.5385616959854372,1.0,1.0,1.0,0.1811450973672876,6
core,ontology_split,ontology_refinement,False,EIC-NoMargin,16,core,0.8772183820230336,0.10448857704932976,0.7400908259695168,1.0,1.0,1.0,0.18752751072021967,6
core,ontology_split,ontology_refinement,False,EIC-NoMargin,17,core,0.8655491513552924,0.08123519118799123,0.519361036118967,1.0,1.0,1.0,0.1819102377632668,6
core,ontology_split,ontology_refinement,False,EIC-NoMargin,18,core,0.8727812352068023,0.08398901663611935,0.5667208536228425,1.0,1.0,1.0,0.1843161717303099,6
core,ontology_split,ontology_refinement,False,EIC-NoMargin,19,core,0.8605179840234468,0.09108221971906852,0.5539242436476617,1.0,1.0,1.0,0.17846733285758892,6
core,ontology_split,ontology_refinement,False,EIC-NoMargin,20,core,0.8885796659315157,0.07915099880673575,0.6193363533302298,1.0,1.0,1.0,0.19191198434783668,6
core,ontology_split,ontology_refinement,False,EIC-NoMargin,21,core,0.8893132794447961,0.07044539620485005,0.5605304255089815,1.0,1.0,1.0,0.19344414184685232,6
core,ontology_split,ontology_refinement,False,EIC-NoMargin,22,core,0.8765939687483351,0.0835827680261054,0.5927945343635248,1.0,1.0,1.0,0.18810280408389507,6
core,ontology_split,ontology_refinement,False,EIC-NoMargin,23,core,0.8739864449344488,0.08659657139966814,0.5984445884231596,1.0,1.0,1.0,0.18654301393019385,6
core,ontology_split,ontology_refinement,False,EIC-NoMargin,24,core,0.8413320401777236,0.11078684806263157,0.5866371874901026,1.0,1.0,1.0,0.1704942450837717,6
core,ontology_split,ontology_refinement,False,EIC-NoMargin,25,core,0.8609443909223178,0.09180741913684992,0.5644877867633031,1.0,1.0,1.0,0.17960590364406154,6
core,ontology_split,ontology_refinement,False,EIC-NoMargin,26,core,0.8537166689108353,0.10413479295737622,0.5906295358297774,1.0,1.0,1.0,0.17328968031961123,6
core,ontology_split,ontology_refinement,False,EIC-NoMargin,27,core,0.8808250822257666,0.08588751433220346,0.6280798633536494,1.0,1.0,1.0,0.18908281760104284,6
core,ontology_split,ontology_refinement,False,EIC-NoMargin,28,core,0.8727866768875471,0.08444748672396214,0.5783195158854879,1.0,1.0,1.0,0.18616469432756655,6
core,ontology_split,ontology_refinement,False,EIC-NoMargin,29,core,0.873929388319544,0.08543413349611641,0.5834801791441309,1.0,1.0,1.0,0.1851031474161362,6
core,ontology_split,ontology_refinement,False,EIC-NoMargin,30,core,0.8580505999486835,0.10064453861122839,0.6697286340798853,1.0,1.0,1.0,0.1910267306012994,6
core,ontology_split,ontology_refinement,False,EIC-NoMargin,31,core,0.8229560757521854,0.09803408333189675,0.45945191568307525,1.0,1.0,1.0,0.16250479674902135,6
core,ontology_split,ontology_refinement,False,EIC-NoMargin,32,core,0.877723163587204,0.09333470455698265,0.6846668722090844,1.0,1.0,1.0,0.1915735729665899,6
core,ontology_split,ontology_refinement,False,EIC-NoMargin,33,core,0.8767061880399832,0.08592936552176503,0.6085516455195914,1.0,1.0,1.0,0.18784740218859486,6
core,ontology_split,ontology_refinement,False,EIC-NoMargin,34,core,0.8792631872603546,0.07835986152955213,0.533402969155512,1.0,1.0,1.0,0.1811965663644925,6
core,ontology_split,ontology_refinement,False,EIC-NoMargin,35,core,0.8929783022899831,0.07223852687734716,0.6029559986656013,1.0,1.0,1.0,0.19653165361091074,6
core,ontology_split,ontology_refinement,False,EIC-NoMargin,36,core,0.8758335929272167,0.10236532011155156,0.7488406734320884,1.0,1.0,1.0,0.19246939379234304,6
core,ontology_split,ontology_refinement,False,EIC-NoMargin,37,core,0.8553954608440142,0.09409396405939116,0.5387055967710818,1.0,1.0,1.0,0.17361236031838773,6
core,ontology_split,ontology_refinement,False,EIC-NoMargin,38,core,0.8667104049196495,0.09423390612746077,0.6500910346825505,1.0,1.0,1.0,0.19074699961431898,6
core,ontology_split,ontology_refinement,False,EIC-NoMargin,39,core,0.8660647175631144,0.10364811368318008,0.6852239541298866,1.0,1.0,1.0,0.1857998912697143,6
core,ontology_split,ontology_refinement,False,EIC-NoMargin,40,core,0.8300401145437547,0.10879067125375441,0.5160916901688659,1.0,1.0,1.0,0.1613887209572627,6
core,ontology_split,ontology_refinement,False,EIC-NoMargin,41,core,0.8803014829998806,0.0783254367671944,0.5787438000672144,1.0,1.0,1.0,0.19073814787048643,6
core,ontology_split,ontology_refinement,False,EIC-NoMargin,42,core,0.8692990601123054,0.0918387290053929,0.6469385239195028,1.0,1.0,1.0,0.19182777922485103,6
core,ontology_split,ontology_refinement,False,EIC-NoMargin,43,core,0.8786432829469256,0.08825164475086011,0.6172405043137043,1.0,1.0,1.0,0.1849997846747511,6
core,ontology_split,ontology_refinement,False,EIC-NoMargin,44,core,0.874970906294089,0.0823258423014356,0.5701911762980169,1.0,1.0,1.0,0.18619077297062558,6
core,ontology_split,ontology_refinement,False,EIC-NoMargin,45,core,0.8872883776660326,0.0743446623268101,0.5863901432091883,1.0,1.0,1.0,0.19388618364389823,6
core,ontology_split,ontology_refinement,False,EIC-NoMargin,46,core,0.8824245628948356,0.0818463602615709,0.6072274550613709,1.0,1.0,1.0,0.18977060342314417,6
core,ontology_split,ontology_refinement,False,EIC-NoMargin,47,core,0.8472764837926855,0.09022153667177597,0.5149110691053996,1.0,1.0,1.0,0.1771790269357062,6
core,ontology_split,ontology_refinement,False,EIC-NoMargin,48,core,0.865994457191784,0.08383932227859651,0.5441678926951925,1.0,1.0,1.0,0.1835420207026376,6
core,ontology_split,ontology_refinement,False,EIC-NoMargin,49,core,0.8650303954229279,0.09572972875246251,0.6125521222414193,1.0,1.0,1.0,0.18231395989501703,6
core,ontology_split,ontology_refinement,False,EIC-NoCost,0,core,0.8625369597053401,0.10809980580100423,0.6469800428130333,1.0,1.0,1.0,0.17536177973965456,6
core,ontology_split,ontology_refinement,False,EIC-NoCost,1,core,0.8463365333946954,0.10506861823931593,0.5665173355638222,1.0,1.0,1.0,0.17051110335189773,6
core,ontology_split,ontology_refinement,False,EIC-NoCost,2,core,0.8650483292246508,0.09514065467850276,0.6288983880896458,1.0,1.0,1.0,0.18636694555671068,6
core,ontology_split,ontology_refinement,False,EIC-NoCost,3,core,0.8652496497389301,0.09288869195498249,0.5995109776947928,1.0,1.0,1.0,0.18326458615948912,6
core,ontology_split,ontology_refinement,False,EIC-NoCost,4,core,0.8455745098016983,0.08543973563884137,0.4539253386188434,1.0,1.0,1.0,0.16901465097849,6
core,ontology_split,ontology_refinement,False,EIC-NoCost,5,core,0.9095600622069377,0.07198036534058372,0.7017149816559035,1.0,1.0,1.0,0.2008877030810992,6
core,ontology_split,ontology_refinement,False,EIC-NoCost,6,core,0.870310761998388,0.09469475463814653,0.6310865100099633,1.0,1.0,1.0,0.18428977318547923,6
core,ontology_split,ontology_refinement,False,EIC-NoCost,7,core,0.8589848908606199,0.0946405746835792,0.5457406240681347,1.0,1.0,1.0,0.17264081572051793,6
core,ontology_split,ontology_refinement,False,EIC-NoCost,8,core,0.8800714545086156,0.07839513453327329,0.5718903631491057,1.0,1.0,1.0,0.18929553479159567,6
core,ontology_split,ontology_refinement,False,EIC-NoCost,9,core,0.8682418763398989,0.09360018670725911,0.603895536628899,1.0,1.0,1.0,0.18147933175255043,6
core,ontology_split,ontology_refinement,False,EIC-NoCost,10,core,0.8725979506982039,0.08872845379020336,0.6027735209994138,1.0,1.0,1.0,0.18527820987405885,6
core,ontology_split,ontology_refinement,False,EIC-NoCost,11,core,0.8701476925079907,0.08967085648319924,0.5992064375534574,1.0,1.0,1.0,0.18472323510322086,6
core,ontology_split,ontology_refinement,False,EIC-NoCost,12,core,0.8800133819898102,0.08337250280626401,0.6091982625797077,1.0,1.0,1.0,0.18954023183960939,6
core,ontology_split,ontology_refinement,False,EIC-NoCost,13,core,0.8769300834355779,0.08463270888622411,0.5995520499976369,1.0,1.0,1.0,0.18773845948303058,6
core,ontology_split,ontology_refinement,False,EIC-NoCost,14,core,0.8816532360883973,0.07491170452608929,0.5550462538308119,1.0,1.0,1.0,0.19014680389006994,6
core,ontology_split,ontology_refinement,False,EIC-NoCost,15,core,0.8602343428711969,0.08678561697935748,0.5385616959854372,1.0,1.0,1.0,0.1811450973672876,6
core,ontology_split,ontology_refinement,False,EIC-NoCost,16,core,0.8772183820230336,0.10448857704932976,0.7400908259695168,1.0,1.0,1.0,0.18752751072021967,6
core,ontology_split,ontology_refinement,False,EIC-NoCost,17,core,0.8655491513552924,0.08123519118799123,0.519361036118967,1.0,1.0,1.0,0.1819102377632668,6
core,ontology_split,ontology_refinement,False,EIC-NoCost,18,core,0.8727812352068023,0.08398901663611935,0.5667208536228425,1.0,1.0,1.0,0.1843161717303099,6
core,ontology_split,ontology_refinement,False,EIC-NoCost,19,core,0.8605179840234468,0.09108221971906852,0.5539242436476617,1.0,1.0,1.0,0.17846733285758892,6
core,ontology_split,ontology_refinement,False,EIC-NoCost,20,core,0.8885796659315157,0.07915099880673575,0.6193363533302298,1.0,1.0,1.0,0.19191198434783668,6
core,ontology_split,ontology_refinement,False,EIC-NoCost,21,core,0.8893132794447961,0.07044539620485005,0.5605304255089815,1.0,1.0,1.0,0.19344414184685232,6
core,ontology_split,ontology_refinement,False,EIC-NoCost,22,core,0.8765939687483351,0.0835827680261054,0.5927945343635248,1.0,1.0,1.0,0.18810280408389507,6
core,ontology_split,ontology_refinement,False,EIC-NoCost,23,core,0.8739864449344488,0.08659657139966814,0.5984445884231596,1.0,1.0,1.0,0.18654301393019385,6
core,ontology_split,ontology_refinement,False,EIC-NoCost,24,core,0.8413320401777236,0.11078684806263157,0.5866371874901026,1.0,1.0,1.0,0.1704942450837717,6
core,ontology_split,ontology_refinement,False,EIC-NoCost,25,core,0.8609443909223178,0.09180741913684992,0.5644877867633031,1.0,1.0,1.0,0.17960590364406154,6
core,ontology_split,ontology_refinement,False,EIC-NoCost,26,core,0.8537166689108353,0.10413479295737622,0.5906295358297774,1.0,1.0,1.0,0.17328968031961123,6
core,ontology_split,ontology_refinement,False,EIC-NoCost,27,core,0.8808250822257666,0.08588751433220346,0.6280798633536494,1.0,1.0,1.0,0.18908281760104284,6
core,ontology_split,ontology_refinement,False,EIC-NoCost,28,core,0.8727866768875471,0.08444748672396214,0.5783195158854879,1.0,1.0,1.0,0.18616469432756655,6
core,ontology_split,ontology_refinement,False,EIC-NoCost,29,core,0.873929388319544,0.08543413349611641,0.5834801791441309,1.0,1.0,1.0,0.1851031474161362,6
core,ontology_split,ontology_refinement,False,EIC-NoCost,30,core,0.8580505999486835,0.10064453861122839,0.6697286340798853,1.0,1.0,1.0,0.1910267306012994,6
core,ontology_split,ontology_refinement,False,EIC-NoCost,31,core,0.8229560757521854,0.09803408333189675,0.45945191568307525,1.0,1.0,1.0,0.16250479674902135,6
core,ontology_split,ontology_refinement,False,EIC-NoCost,32,core,0.877723163587204,0.09333470455698265,0.6846668722090844,1.0,1.0,1.0,0.1915735729665899,6
core,ontology_split,ontology_refinement,False,EIC-NoCost,33,core,0.8767061880399832,0.08592936552176503,0.6085516455195914,1.0,1.0,1.0,0.18784740218859486,6
core,ontology_split,ontology_refinement,False,EIC-NoCost,34,core,0.8792631872603546,0.07835986152955213,0.533402969155512,1.0,1.0,1.0,0.1811965663644925,6
core,ontology_split,ontology_refinement,False,EIC-NoCost,35,core,0.8929783022899831,0.07223852687734716,0.6029559986656013,1.0,1.0,1.0,0.19653165361091074,6
core,ontology_split,ontology_refinement,False,EIC-NoCost,36,core,0.8758335929272167,0.10236532011155156,0.7488406734320884,1.0,1.0,1.0,0.19246939379234304,6
core,ontology_split,ontology_refinement,False,EIC-NoCost,37,core,0.8553954608440142,0.09409396405939116,0.5387055967710818,1.0,1.0,1.0,0.17361236031838773,6
core,ontology_split,ontology_refinement,False,EIC-NoCost,38,core,0.8667104049196495,0.09423390612746077,0.6500910346825505,1.0,1.0,1.0,0.19074699961431898,6
core,ontology_split,ontology_refinement,False,EIC-NoCost,39,core,0.8660647175631144,0.10364811368318008,0.6852239541298866,1.0,1.0,1.0,0.1857998912697143,6
core,ontology_split,ontology_refinement,False,EIC-NoCost,40,core,0.8300401145437547,0.10879067125375441,0.5160916901688659,1.0,1.0,1.0,0.1613887209572627,6
core,ontology_split,ontology_refinement,False,EIC-NoCost,41,core,0.8803014829998806,0.0783254367671944,0.5787438000672144,1.0,1.0,1.0,0.19073814787048643,6
core,ontology_split,ontology_refinement,False,EIC-NoCost,42,core,0.8692990601123054,0.0918387290053929,0.6469385239195028,1.0,1.0,1.0,0.19182777922485103,6
core,ontology_split,ontology_refinement,False,EIC-NoCost,43,core,0.8786432829469256,0.08825164475086011,0.6172405043137043,1.0,1.0,1.0,0.1849997846747511,6
core,ontology_split,ontology_refinement,False,EIC-NoCost,44,core,0.874970906294089,0.0823258423014356,0.5701911762980169,1.0,1.0,1.0,0.18619077297062558,6
core,ontology_split,ontology_refinement,False,EIC-NoCost,45,core,0.8872883776660326,0.0743446623268101,0.5863901432091883,1.0,1.0,1.0,0.19388618364389823,6
core,ontology_split,ontology_refinement,False,EIC-NoCost,46,core,0.8824245628948356,0.0818463602615709,0.6072274550613709,1.0,1.0,1.0,0.18977060342314417,6
core,ontology_split,ontology_refinement,False,EIC-NoCost,47,core,0.8472764837926855,0.09022153667177597,0.5149110691053996,1.0,1.0,1.0,0.1771790269357062,6
core,ontology_split,ontology_refinement,False,EIC-NoCost,48,core,0.865994457191784,0.08383932227859651,0.5441678926951925,1.0,1.0,1.0,0.1835420207026376,6
core,ontology_split,ontology_refinement,False,EIC-NoCost,49,core,0.8650303954229279,0.09572972875246251,0.6125521222414193,1.0,1.0,1.0,0.18231395989501703,6
core,ontology_split,ontology_refinement,False,EIC-Greedy,0,core,0.8625369597053401,0.10809980580100423,0.6469800428130333,1.0,1.0,1.0,0.17536177973965456,6
core,ontology_split,ontology_refinement,False,EIC-Greedy,1,core,0.8463365333946954,0.10506861823931593,0.5665173355638222,1.0,1.0,1.0,0.17051110335189773,6
core,ontology_split,ontology_refinement,False,EIC-Greedy,2,core,0.8650483292246508,0.09514065467850276,0.6288983880896458,1.0,1.0,1.0,0.18636694555671068,6
core,ontology_split,ontology_refinement,False,EIC-Greedy,3,core,0.8652496497389301,0.09288869195498249,0.5995109776947928,1.0,1.0,1.0,0.18326458615948912,6
core,ontology_split,ontology_refinement,False,EIC-Greedy,4,core,0.8455745098016983,0.08543973563884137,0.4539253386188434,1.0,1.0,1.0,0.16901465097849,6
core,ontology_split,ontology_refinement,False,EIC-Greedy,5,core,0.9095600622069377,0.07198036534058372,0.7017149816559035,1.0,1.0,1.0,0.2008877030810992,6
core,ontology_split,ontology_refinement,False,EIC-Greedy,6,core,0.870310761998388,0.09469475463814653,0.6310865100099633,1.0,1.0,1.0,0.18428977318547923,6
core,ontology_split,ontology_refinement,False,EIC-Greedy,7,core,0.8589848908606199,0.0946405746835792,0.5457406240681347,1.0,1.0,1.0,0.17264081572051793,6
core,ontology_split,ontology_refinement,False,EIC-Greedy,8,core,0.8800714545086156,0.07839513453327329,0.5718903631491057,1.0,1.0,1.0,0.18929553479159567,6
core,ontology_split,ontology_refinement,False,EIC-Greedy,9,core,0.8682418763398989,0.09360018670725911,0.603895536628899,1.0,1.0,1.0,0.18147933175255043,6
core,ontology_split,ontology_refinement,False,EIC-Greedy,10,core,0.8725979506982039,0.08872845379020336,0.6027735209994138,1.0,1.0,1.0,0.18527820987405885,6
core,ontology_split,ontology_refinement,False,EIC-Greedy,11,core,0.8701476925079907,0.08967085648319924,0.5992064375534574,1.0,1.0,1.0,0.18472323510322086,6
core,ontology_split,ontology_refinement,False,EIC-Greedy,12,core,0.8800133819898102,0.08337250280626401,0.6091982625797077,1.0,1.0,1.0,0.18954023183960939,6
core,ontology_split,ontology_refinement,False,EIC-Greedy,13,core,0.8769300834355779,0.08463270888622411,0.5995520499976369,1.0,1.0,1.0,0.18773845948303058,6
core,ontology_split,ontology_refinement,False,EIC-Greedy,14,core,0.8816532360883973,0.07491170452608929,0.5550462538308119,1.0,1.0,1.0,0.19014680389006994,6
core,ontology_split,ontology_refinement,False,EIC-Greedy,15,core,0.8602343428711969,0.08678561697935748,0.5385616959854372,1.0,1.0,1.0,0.1811450973672876,6
core,ontology_split,ontology_refinement,False,EIC-Greedy,16,core,0.8772183820230336,0.10448857704932976,0.7400908259695168,1.0,1.0,1.0,0.18752751072021967,6
core,ontology_split,ontology_refinement,False,EIC-Greedy,17,core,0.8655491513552924,0.08123519118799123,0.519361036118967,1.0,1.0,1.0,0.1819102377632668,6
core,ontology_split,ontology_refinement,False,EIC-Greedy,18,core,0.8727812352068023,0.08398901663611935,0.5667208536228425,1.0,1.0,1.0,0.1843161717303099,6
core,ontology_split,ontology_refinement,False,EIC-Greedy,19,core,0.8605179840234468,0.09108221971906852,0.5539242436476617,1.0,1.0,1.0,0.17846733285758892,6
core,ontology_split,ontology_refinement,False,EIC-Greedy,20,core,0.8885796659315157,0.07915099880673575,0.6193363533302298,1.0,1.0,1.0,0.19191198434783668,6
core,ontology_split,ontology_refinement,False,EIC-Greedy,21,core,0.8893132794447961,0.07044539620485005,0.5605304255089815,1.0,1.0,1.0,0.19344414184685232,6
core,ontology_split,ontology_refinement,False,EIC-Greedy,22,core,0.8765939687483351,0.0835827680261054,0.5927945343635248,1.0,1.0,1.0,0.18810280408389507,6
core,ontology_split,ontology_refinement,False,EIC-Greedy,23,core,0.8739864449344488,0.08659657139966814,0.5984445884231596,1.0,1.0,1.0,0.18654301393019385,6
core,ontology_split,ontology_refinement,False,EIC-Greedy,24,core,0.8413320401777236,0.11078684806263157,0.5866371874901026,1.0,1.0,1.0,0.1704942450837717,6
core,ontology_split,ontology_refinement,False,EIC-Greedy,25,core,0.8609443909223178,0.09180741913684992,0.5644877867633031,1.0,1.0,1.0,0.17960590364406154,6
core,ontology_split,ontology_refinement,False,EIC-Greedy,26,core,0.8537166689108353,0.10413479295737622,0.5906295358297774,1.0,1.0,1.0,0.17328968031961123,6
core,ontology_split,ontology_refinement,False,EIC-Greedy,27,core,0.8808250822257666,0.08588751433220346,0.6280798633536494,1.0,1.0,1.0,0.18908281760104284,6
core,ontology_split,ontology_refinement,False,EIC-Greedy,28,core,0.8727866768875471,0.08444748672396214,0.5783195158854879,1.0,1.0,1.0,0.18616469432756655,6
core,ontology_split,ontology_refinement,False,EIC-Greedy,29,core,0.873929388319544,0.08543413349611641,0.5834801791441309,1.0,1.0,1.0,0.1851031474161362,6
core,ontology_split,ontology_refinement,False,EIC-Greedy,30,core,0.8580505999486835,0.10064453861122839,0.6697286340798853,1.0,1.0,1.0,0.1910267306012994,6
core,ontology_split,ontology_refinement,False,EIC-Greedy,31,core,0.8229560757521854,0.09803408333189675,0.45945191568307525,1.0,1.0,1.0,0.16250479674902135,6
core,ontology_split,ontology_refinement,False,EIC-Greedy,32,core,0.877723163587204,0.09333470455698265,0.6846668722090844,1.0,1.0,1.0,0.1915735729665899,6
core,ontology_split,ontology_refinement,False,EIC-Greedy,33,core,0.8767061880399832,0.08592936552176503,0.6085516455195914,1.0,1.0,1.0,0.18784740218859486,6
core,ontology_split,ontology_refinement,False,EIC-Greedy,34,core,0.8792631872603546,0.07835986152955213,0.533402969155512,1.0,1.0,1.0,0.1811965663644925,6
core,ontology_split,ontology_refinement,False,EIC-Greedy,35,core,0.8929783022899831,0.07223852687734716,0.6029559986656013,1.0,1.0,1.0,0.19653165361091074,6
core,ontology_split,ontology_refinement,False,EIC-Greedy,36,core,0.8758335929272167,0.10236532011155156,0.7488406734320884,1.0,1.0,1.0,0.19246939379234304,6
core,ontology_split,ontology_refinement,False,EIC-Greedy,37,core,0.8553954608440142,0.09409396405939116,0.5387055967710818,1.0,1.0,1.0,0.17361236031838773,6
core,ontology_split,ontology_refinement,False,EIC-Greedy,38,core,0.8667104049196495,0.09423390612746077,0.6500910346825505,1.0,1.0,1.0,0.19074699961431898,6
core,ontology_split,ontology_refinement,False,EIC-Greedy,39,core,0.8660647175631144,0.10364811368318008,0.6852239541298866,1.0,1.0,1.0,0.1857998912697143,6
core,ontology_split,ontology_refinement,False,EIC-Greedy,40,core,0.8300401145437547,0.10879067125375441,0.5160916901688659,1.0,1.0,1.0,0.1613887209572627,6
core,ontology_split,ontology_refinement,False,EIC-Greedy,41,core,0.8803014829998806,0.0783254367671944,0.5787438000672144,1.0,1.0,1.0,0.19073814787048643,6
core,ontology_split,ontology_refinement,False,EIC-Greedy,42,core,0.8692990601123054,0.0918387290053929,0.6469385239195028,1.0,1.0,1.0,0.19182777922485103,6
core,ontology_split,ontology_refinement,False,EIC-Greedy,43,core,0.8786432829469256,0.08825164475086011,0.6172405043137043,1.0,1.0,1.0,0.1849997846747511,6
core,ontology_split,ontology_refinement,False,EIC-Greedy,44,core,0.874970906294089,0.0823258423014356,0.5701911762980169,1.0,1.0,1.0,0.18619077297062558,6
core,ontology_split,ontology_refinement,False,EIC-Greedy,45,core,0.8872883776660326,0.0743446623268101,0.5863901432091883,1.0,1.0,1.0,0.19388618364389823,6
core,ontology_split,ontology_refinement,False,EIC-Greedy,46,core,0.8824245628948356,0.0818463602615709,0.6072274550613709,1.0,1.0,1.0,0.18977060342314417,6
core,ontology_split,ontology_refinement,False,EIC-Greedy,47,core,0.8472764837926855,0.09022153667177597,0.5149110691053996,1.0,1.0,1.0,0.1771790269357062,6
core,ontology_split,ontology_refinement,False,EIC-Greedy,48,core,0.865994457191784,0.08383932227859651,0.5441678926951925,1.0,1.0,1.0,0.1835420207026376,6
core,ontology_split,ontology_refinement,False,EIC-Greedy,49,core,0.8650303954229279,0.09572972875246251,0.6125521222414193,1.0,1.0,1.0,0.18231395989501703,6
core,ontology_split,ontology_refinement,False,Oracle,0,core,0.8625369597053401,0.10809980580100423,0.6469800428130333,1.0,1.0,1.0,0.17536177973965456,6
core,ontology_split,ontology_refinement,False,Oracle,1,core,0.8463365333946954,0.10506861823931593,0.5665173355638222,1.0,1.0,1.0,0.17051110335189773,6
core,ontology_split,ontology_refinement,False,Oracle,2,core,0.8650483292246508,0.09514065467850276,0.6288983880896458,1.0,1.0,1.0,0.18636694555671068,6
core,ontology_split,ontology_refinement,False,Oracle,3,core,0.8652496497389301,0.09288869195498249,0.5995109776947928,1.0,1.0,1.0,0.18326458615948912,6
core,ontology_split,ontology_refinement,False,Oracle,4,core,0.8455745098016983,0.08543973563884137,0.4539253386188434,1.0,1.0,1.0,0.16901465097849,6
core,ontology_split,ontology_refinement,False,Oracle,5,core,0.9095600622069377,0.07198036534058372,0.7017149816559035,1.0,1.0,1.0,0.2008877030810992,6
core,ontology_split,ontology_refinement,False,Oracle,6,core,0.870310761998388,0.09469475463814653,0.6310865100099633,1.0,1.0,1.0,0.18428977318547923,6
core,ontology_split,ontology_refinement,False,Oracle,7,core,0.8589848908606199,0.0946405746835792,0.5457406240681347,1.0,1.0,1.0,0.17264081572051793,6
core,ontology_split,ontology_refinement,False,Oracle,8,core,0.8800714545086156,0.07839513453327329,0.5718903631491057,1.0,1.0,1.0,0.18929553479159567,6
core,ontology_split,ontology_refinement,False,Oracle,9,core,0.8682418763398989,0.09360018670725911,0.603895536628899,1.0,1.0,1.0,0.18147933175255043,6
core,ontology_split,ontology_refinement,False,Oracle,10,core,0.8725979506982039,0.08872845379020336,0.6027735209994138,1.0,1.0,1.0,0.18527820987405885,6
core,ontology_split,ontology_refinement,False,Oracle,11,core,0.8701476925079907,0.08967085648319924,0.5992064375534574,1.0,1.0,1.0,0.18472323510322086,6
core,ontology_split,ontology_refinement,False,Oracle,12,core,0.8800133819898102,0.08337250280626401,0.6091982625797077,1.0,1.0,1.0,0.18954023183960939,6
core,ontology_split,ontology_refinement,False,Oracle,13,core,0.8769300834355779,0.08463270888622411,0.5995520499976369,1.0,1.0,1.0,0.18773845948303058,6
core,ontology_split,ontology_refinement,False,Oracle,14,core,0.8816532360883973,0.07491170452608929,0.5550462538308119,1.0,1.0,1.0,0.19014680389006994,6
core,ontology_split,ontology_refinement,False,Oracle,15,core,0.8602343428711969,0.08678561697935748,0.5385616959854372,1.0,1.0,1.0,0.1811450973672876,6
core,ontology_split,ontology_refinement,False,Oracle,16,core,0.8772183820230336,0.10448857704932976,0.7400908259695168,1.0,1.0,1.0,0.18752751072021967,6
core,ontology_split,ontology_refinement,False,Oracle,17,core,0.8655491513552924,0.08123519118799123,0.519361036118967,1.0,1.0,1.0,0.1819102377632668,6
core,ontology_split,ontology_refinement,False,Oracle,18,core,0.8727812352068023,0.08398901663611935,0.5667208536228425,1.0,1.0,1.0,0.1843161717303099,6
core,ontology_split,ontology_refinement,False,Oracle,19,core,0.8605179840234468,0.09108221971906852,0.5539242436476617,1.0,1.0,1.0,0.17846733285758892,6
core,ontology_split,ontology_refinement,False,Oracle,20,core,0.8885796659315157,0.07915099880673575,0.6193363533302298,1.0,1.0,1.0,0.19191198434783668,6
core,ontology_split,ontology_refinement,False,Oracle,21,core,0.8893132794447961,0.07044539620485005,0.5605304255089815,1.0,1.0,1.0,0.19344414184685232,6
core,ontology_split,ontology_refinement,False,Oracle,22,core,0.8765939687483351,0.0835827680261054,0.5927945343635248,1.0,1.0,1.0,0.18810280408389507,6
core,ontology_split,ontology_refinement,False,Oracle,23,core,0.8739864449344488,0.08659657139966814,0.5984445884231596,1.0,1.0,1.0,0.18654301393019385,6
core,ontology_split,ontology_refinement,False,Oracle,24,core,0.8413320401777236,0.11078684806263157,0.5866371874901026,1.0,1.0,1.0,0.1704942450837717,6
core,ontology_split,ontology_refinement,False,Oracle,25,core,0.8609443909223178,0.09180741913684992,0.5644877867633031,1.0,1.0,1.0,0.17960590364406154,6
core,ontology_split,ontology_refinement,False,Oracle,26,core,0.8537166689108353,0.10413479295737622,0.5906295358297774,1.0,1.0,1.0,0.17328968031961123,6
core,ontology_split,ontology_refinement,False,Oracle,27,core,0.8808250822257666,0.08588751433220346,0.6280798633536494,1.0,1.0,1.0,0.18908281760104284,6
core,ontology_split,ontology_refinement,False,Oracle,28,core,0.8727866768875471,0.08444748672396214,0.5783195158854879,1.0,1.0,1.0,0.18616469432756655,6
core,ontology_split,ontology_refinement,False,Oracle,29,core,0.873929388319544,0.08543413349611641,0.5834801791441309,1.0,1.0,1.0,0.1851031474161362,6
core,ontology_split,ontology_refinement,False,Oracle,30,core,0.8580505999486835,0.10064453861122839,0.6697286340798853,1.0,1.0,1.0,0.1910267306012994,6
core,ontology_split,ontology_refinement,False,Oracle,31,core,0.8229560757521854,0.09803408333189675,0.45945191568307525,1.0,1.0,1.0,0.16250479674902135,6
core,ontology_split,ontology_refinement,False,Oracle,32,core,0.877723163587204,0.09333470455698265,0.6846668722090844,1.0,1.0,1.0,0.1915735729665899,6
core,ontology_split,ontology_refinement,False,Oracle,33,core,0.8767061880399832,0.08592936552176503,0.6085516455195914,1.0,1.0,1.0,0.18784740218859486,6
core,ontology_split,ontology_refinement,False,Oracle,34,core,0.8792631872603546,0.07835986152955213,0.533402969155512,1.0,1.0,1.0,0.1811965663644925,6
core,ontology_split,ontology_refinement,False,Oracle,35,core,0.8929783022899831,0.07223852687734716,0.6029559986656013,1.0,1.0,1.0,0.19653165361091074,6
core,ontology_split,ontology_refinement,False,Oracle,36,core,0.8758335929272167,0.10236532011155156,0.7488406734320884,1.0,1.0,1.0,0.19246939379234304,6
core,ontology_split,ontology_refinement,False,Oracle,37,core,0.8553954608440142,0.09409396405939116,0.5387055967710818,1.0,1.0,1.0,0.17361236031838773,6
core,ontology_split,ontology_refinement,False,Oracle,38,core,0.8667104049196495,0.09423390612746077,0.6500910346825505,1.0,1.0,1.0,0.19074699961431898,6
core,ontology_split,ontology_refinement,False,Oracle,39,core,0.8660647175631144,0.10364811368318008,0.6852239541298866,1.0,1.0,1.0,0.1857998912697143,6
core,ontology_split,ontology_refinement,False,Oracle,40,core,0.8300401145437547,0.10879067125375441,0.5160916901688659,1.0,1.0,1.0,0.1613887209572627,6
core,ontology_split,ontology_refinement,False,Oracle,41,core,0.8803014829998806,0.0783254367671944,0.5787438000672144,1.0,1.0,1.0,0.19073814787048643,6
core,ontology_split,ontology_refinement,False,Oracle,42,core,0.8692990601123054,0.0918387290053929,0.6469385239195028,1.0,1.0,1.0,0.19182777922485103,6
core,ontology_split,ontology_refinement,False,Oracle,43,core,0.8786432829469256,0.08825164475086011,0.6172405043137043,1.0,1.0,1.0,0.1849997846747511,6
core,ontology_split,ontology_refinement,False,Oracle,44,core,0.874970906294089,0.0823258423014356,0.5701911762980169,1.0,1.0,1.0,0.18619077297062558,6
core,ontology_split,ontology_refinement,False,Oracle,45,core,0.8872883776660326,0.0743446623268101,0.5863901432091883,1.0,1.0,1.0,0.19388618364389823,6
core,ontology_split,ontology_refinement,False,Oracle,46,core,0.8824245628948356,0.0818463602615709,0.6072274550613709,1.0,1.0,1.0,0.18977060342314417,6
core,ontology_split,ontology_refinement,False,Oracle,47,core,0.8472764837926855,0.09022153667177597,0.5149110691053996,1.0,1.0,1.0,0.1771790269357062,6
core,ontology_split,ontology_refinement,False,Oracle,48,core,0.865994457191784,0.08383932227859651,0.5441678926951925,1.0,1.0,1.0,0.1835420207026376,6
core,ontology_split,ontology_refinement,False,Oracle,49,core,0.8650303954229279,0.09572972875246251,0.6125521222414193,1.0,1.0,1.0,0.18231395989501703,6
core,ontology_split,ontology_refinement,True,Fixed-Frame,0,core,0.49834935683925646,0.09992060891176957,0.09992060891176957,1.0,0.0,0.0,0.0,6
core,ontology_split,ontology_refinement,True,Fixed-Frame,1,core,0.4971541404893699,0.10349015846609176,0.10349015846609176,1.0,0.0,0.0,0.0,6
core,ontology_split,ontology_refinement,True,Fixed-Frame,2,core,0.49883195241948664,0.09474632753872107,0.09474632753872107,1.0,0.0,0.0,0.0,6
core,ontology_split,ontology_refinement,True,Fixed-Frame,3,core,0.4978887696875476,0.09284931894806613,0.09284931894806613,1.0,0.0,0.0,0.0,6
core,ontology_split,ontology_refinement,True,Fixed-Frame,4,core,0.4991495336917505,0.08685719517399963,0.08685719517399963,1.0,0.0,0.0,0.0,6
core,ontology_split,ontology_refinement,True,Fixed-Frame,5,core,0.4999626500375651,0.07277213755028435,0.07277213755028435,1.0,0.0,0.0,0.0,6
core,ontology_split,ontology_refinement,True,Fixed-Frame,6,core,0.4995149635368713,0.09506636667745012,0.09506636667745012,1.0,0.0,0.0,0.0,6
core,ontology_split,ontology_refinement,True,Fixed-Frame,7,core,0.4972537376977209,0.0953088397190808,0.0953088397190808,1.0,0.0,0.0,0.0,6
core,ontology_split,ontology_refinement,True,Fixed-Frame,8,core,0.4995481329269276,0.07872608591257513,0.07872608591257513,1.0,0.0,0.0,0.0,6
core,ontology_split,ontology_refinement,True,Fixed-Frame,9,core,0.4970507449959253,0.09435839998206527,0.09435839998206527,1.0,0.0,0.0,0.0,6
core,ontology_split,ontology_refinement,True,Fixed-Frame,10,core,0.49832909805846864,0.08805352097993244,0.08805352097993244,1.0,0.0,0.0,0.0,6
core,ontology_split,ontology_refinement,True,Fixed-Frame,11,core,0.4998731389493312,0.08952358195631493,0.08952358195631493,1.0,0.0,0.0,0.0,6
core,ontology_split,ontology_refinement,True,Fixed-Frame,12,core,0.4898688253961417,0.0805790656771419,0.0805790656771419,1.0,0.0,0.0,0.0,6
core,ontology_split,ontology_refinement,True,Fixed-Frame,13,core,0.4983787015777208,0.084789870181221,0.084789870181221,1.0,0.0,0.0,0.0,6
core,ontology_split,ontology_refinement,True,Fixed-Frame,14,core,0.49710617546637015,0.07584445859343864,0.07584445859343864,1.0,0.0,0.0,0.0,6
core,ontology_split,ontology_refinement,True,Fixed-Frame,15,core,0.49561283180011856,0.0870552807288613,0.0870552807288613,1.0,0.0,0.0,0.0,6
core,ontology_split,ontology_refinement,True,Fixed-Frame,16,core,0.5007325834146449,0.10384495607096633,0.10384495607096633,1.0,0.0,0.0,0.0,6
core,ontology_split,ontology_refinement,True,Fixed-Frame,17,core,0.49526464003626314,0.08030998673194442,0.08030998673194442,1.0,0.0,0.0,0.0,6
core,ontology_split,ontology_refinement,True,Fixed-Frame,18,core,0.49963899064712947,0.08406583258053535,0.08406583258053535,1.0,0.0,0.0,0.0,6
core,ontology_split,ontology_refinement,True,Fixed-Frame,19,core,0.49898071795335813,0.089310577237077,0.089310577237077,1.0,0.0,0.0,0.0,6
core,ontology_split,ontology_refinement,True,Fixed-Frame,20,core,0.4987896587986785,0.07930810946512748,0.07930810946512748,1.0,0.0,0.0,0.0,6
core,ontology_split,ontology_refinement,True,Fixed-Frame,21,core,0.4929917533483287,0.07049170590334401,0.07049170590334401,1.0,0.0,0.0,0.0,6
core,ontology_split,ontology_refinement,True,Fixed-Frame,22,core,0.4998815829897622,0.08323383133038997,0.08323383133038997,1.0,0.0,0.0,0.0,6
core,ontology_split,ontology_refinement,True,Fixed-Frame,23,core,0.49519768119250746,0.08587711686585182,0.08587711686585182,1.0,0.0,0.0,0.0,6
core,ontology_split,ontology_refinement,True,Fixed-Frame,24,core,0.4930347691431834,0.11026109408310607,0.11026109408310607,1.0,0.0,0.0,0.0,6
core,ontology_split,ontology_refinement,True,Fixed-Frame,25,core,0.4980528906884237,0.09144673780005601,0.09144673780005601,1.0,0.0,0.0,0.0,6
core,ontology_split,ontology_refinement,True,Fixed-Frame,26,core,0.4958359108800135,0.1040661181899184,0.1040661181899184,1.0,0.0,0.0,0.0,6
core,ontology_split,ontology_refinement,True,Fixed-Frame,27,core,0.4822181514943271,0.08666729125415655,0.08666729125415655,1.0,0.0,0.0,0.0,6
core,ontology_split,ontology_refinement,True,Fixed-Frame,28,core,0.4943918571979538,0.08435607560157783,0.08435607560157783,1.0,0.0,0.0,0.0,6
core,ontology_split,ontology_refinement,True,Fixed-Frame,29,core,0.49972805519661606,0.0845471474575421,0.0845471474575421,1.0,0.0,0.0,0.0,6
core,ontology_split,ontology_refinement,True,Fixed-Frame,30,core,0.49261853296414115,0.10068597386226764,0.10068597386226764,1.0,0.0,0.0,0.0,6
core,ontology_split,ontology_refinement,True,Fixed-Frame,31,core,0.49224538932945294,0.09864056628785711,0.09864056628785711,1.0,0.0,0.0,0.0,6
core,ontology_split,ontology_refinement,True,Fixed-Frame,32,core,0.4903590249994364,0.09339127582159897,0.09339127582159897,1.0,0.0,0.0,0.0,6
core,ontology_split,ontology_refinement,True,Fixed-Frame,33,core,0.49964064778348827,0.08658348329821935,0.08658348329821935,1.0,0.0,0.0,0.0,6
core,ontology_split,ontology_refinement,True,Fixed-Frame,34,core,0.4855336756679085,0.07770060290642643,0.07770060290642643,1.0,0.0,0.0,0.0,6
core,ontology_split,ontology_refinement,True,Fixed-Frame,35,core,0.49632729154340366,0.07060832108421475,0.07060832108421475,1.0,0.0,0.0,0.0,6
core,ontology_split,ontology_refinement,True,Fixed-Frame,36,core,0.48771223297115557,0.10241574500858103,0.10241574500858103,1.0,0.0,0.0,0.0,6
core,ontology_split,ontology_refinement,True,Fixed-Frame,37,core,0.5021749050884805,0.0952328774426318,0.0952328774426318,1.0,0.0,0.0,0.0,6
core,ontology_split,ontology_refinement,True,Fixed-Frame,38,core,0.49635784217254314,0.0942369638182919,0.0942369638182919,1.0,0.0,0.0,0.0,6
core,ontology_split,ontology_refinement,True,Fixed-Frame,39,core,0.4955126255528497,0.10235482118713805,0.10235482118713805,1.0,0.0,0.0,0.0,6
core,ontology_split,ontology_refinement,True,Fixed-Frame,40,core,0.4886400899878469,0.10871360002968761,0.10871360002968761,1.0,0.0,0.0,0.0,6
core,ontology_split,ontology_refinement,True,Fixed-Frame,41,core,0.5011696430866092,0.0780264162234313,0.0780264162234313,1.0,0.0,0.0,0.0,6
core,ontology_split,ontology_refinement,True,Fixed-Frame,42,core,0.49783061854937993,0.09236209666128296,0.09236209666128296,1.0,0.0,0.0,0.0,6
core,ontology_split,ontology_refinement,True,Fixed-Frame,43,core,0.5004050252421391,0.08856000932190233,0.08856000932190233,1.0,0.0,0.0,0.0,6
core,ontology_split,ontology_refinement,True,Fixed-Frame,44,core,0.494520882388055,0.08165046718118694,0.08165046718118694,1.0,0.0,0.0,0.0,6
core,ontology_split,ontology_refinement,True,Fixed-Frame,45,core,0.49809253181239505,0.07408915034398784,0.07408915034398784,1.0,0.0,0.0,0.0,6
core,ontology_split,ontology_refinement,True,Fixed-Frame,46,core,0.4981318416129109,0.08168748022982517,0.08168748022982517,1.0,0.0,0.0,0.0,6
core,ontology_split,ontology_refinement,True,Fixed-Frame,47,core,0.4994146777495444,0.09053755103701892,0.09053755103701892,1.0,0.0,0.0,0.0,6
core,ontology_split,ontology_refinement,True,Fixed-Frame,48,core,0.4925063446166554,0.08376429102194494,0.08376429102194494,1.0,0.0,0.0,0.0,6
core,ontology_split,ontology_refinement,True,Fixed-Frame,49,core,0.49253082636936146,0.09549260792232564,0.09549260792232564,1.0,0.0,0.0,0.0,6
core,ontology_split,ontology_refinement,True,Random-Edit,0,core,0.4779155289061796,0.10843693512076298,0.09992060891176957,0.0,1.0,1.0,0.0,6
core,ontology_split,ontology_refinement,True,Random-Edit,1,core,0.4967281294191814,0.10366666724221887,0.10349015846609176,0.0,1.0,1.0,0.0,6
core,ontology_split,ontology_refinement,True,Random-Edit,2,core,0.4956828486682092,0.09594738030605716,0.09474632753872107,0.0,1.0,1.0,0.0,6
core,ontology_split,ontology_refinement,True,Random-Edit,3,core,0.4979868602730406,0.09281289489830767,0.09284931894806613,0.0,1.0,1.0,4.904529274651903e-05,6
core,ontology_split,ontology_refinement,True,Random-Edit,4,core,0.499491456568951,0.08673848230160275,0.08685719517399963,0.0,1.0,1.0,0.00017096143860023671,6
core,ontology_split,ontology_refinement,True,Random-Edit,5,core,0.5013236847102878,0.0723770315247638,0.07277213755028435,0.0,1.0,1.0,0.0006805173363613193,6
core,ontology_split,ontology_refinement,True,Random-Edit,6,core,0.49733607015038167,0.09589855539003334,0.09506636667745012,0.0,1.0,1.0,0.0,6
core,ontology_split,ontology_refinement,True,Random-Edit,7,core,0.4986307444631074,0.09478530998408902,0.0953088397190808,0.0,1.0,1.0,0.0006885033826932452,6
core,ontology_split,ontology_refinement,True,Random-Edit,8,core,0.4995481329269276,0.07872608591257513,0.07872608591257513,1.0,0.0,0.0,0.0,6
core,ontology_split,ontology_refinement,True,Random-Edit,9,core,0.4970507449959253,0.09435839998206527,0.09435839998206527,1.0,0.0,0.0,0.0,6
core,ontology_split,ontology_refinement,True,Random-Edit,10,core,0.49628082120364836,0.08877793855871999,0.08805352097993244,0.0,1.0,1.0,0.0,6
core,ontology_split,ontology_refinement,True,Random-Edit,11,core,0.4998731389493312,0.08952358195631493,0.08952358195631493,1.0,0.0,0.0,0.0,6
core,ontology_split,ontology_refinement,True,Random-Edit,12,core,0.48756724038217025,0.08132471197567748,0.0805790656771419,0.0,1.0,1.0,0.0,6
core,ontology_split,ontology_refinement,True,Random-Edit,13,core,0.5006502942915831,0.08402292558191997,0.084789870181221,0.0,1.0,1.0,0.0011357963569311735,6
core,ontology_split,ontology_refinement,True,Random-Edit,14,core,0.49710617546637015,0.07584445859343864,0.07584445859343864,1.0,0.0,0.0,0.0,6
core,ontology_split,ontology_refinement,True,Random-Edit,15,core,0.4964598125354815,0.08676082465009963,0.0870552807288613,0.0,1.0,1.0,0.0004234903676814672,6
core,ontology_split,ontology_refinement,True,Random-Edit,16,core,0.5007325834146449,0.10384495607096633,0.10384495607096633,1.0,0.0,0.0,0.0,6
core,ontology_split,ontology_refinement,True,Random-Edit,17,core,0.4925809182657604,0.08117688019567534,0.08030998673194442,0.0,1.0,1.0,0.0,6
core,ontology_split,ontology_refinement,True,Random-Edit,18,core,0.49963899064712947,0.08406583258053535,0.08406583258053535,1.0,0.0,0.0,0.0,6
core,ontology_split,ontology_refinement,True,Random-Edit,19,core,0.4893492472108021,0.09281908257171231,0.089310577237077,0.0,1.0,1.0,0.0,6
core,ontology_split,ontology_refinement,True,Random-Edit,20,core,0.5004930302942269,0.07876958068758658,0.07930810946512748,0.0,1.0,1.0,0.0008516857477741946,6
core,ontology_split,ontology_refinement,True,Random-Edit,21,core,0.49363626463341154,0.07031017671491695,0.07049170590334401,0.0,1.0,1.0,0.00032225564254143024,6
core,ontology_split,ontology_refinement,True,Random-Edit,22,core,0.4990103462760749,0.08352440325916881,0.08323383133038997,0.0,1.0,1.0,0.0,6
core,ontology_split,ontology_refinement,True,Random-Edit,23,core,0.49519768119250746,0.08587711686585182,0.08587711686585182,1.0,0.0,0.0,0.0,6
core,ontology_split,ontology_refinement,True,Random-Edit,24,core,0.4900282404253193,0.11159550126165409,0.11026109408310607,0.0,1.0,1.0,0.0,6
core,ontology_split,ontology_refinement,True,Random-Edit,25,core,0.49733769545354806,0.09170872706387789,0.09144673780005601,0.0,1.0,1.0,0.0,6
core,ontology_split,ontology_refinement,True,Random-Edit,26,core,0.4958359108800135,0.1040661181899184,0.1040661181899184,1.0,0.0,0.0,0.0,6
core,ontology_split,ontology_refinement,True,Random-Edit,27,core,0.48447516154230186,0.08588751433220343,0.08666729125415655,0.0,1.0,1.0,0.0011285050239873695,6
core,ontology_split,ontology_refinement,True,Random-Edit,28,core,0.4950040865772788,0.08414972407322269,0.08435607560157783,0.0,1.0,1.0,0.00030611468966249,6
core,ontology_split,ontology_refinement,True,Random-Edit,29,core,0.49711899361679546,0.0854341334961164,0.0845471474575421,0.0,1.0,1.0,0.0,6
core,ontology_split,ontology_refinement,True,Random-Edit,30,core,0.4927214144047711,0.10064453861122839,0.10068597386226764,0.0,1.0,1.0,5.1440720314960275e-05,6
core,ontology_split,ontology_refinement,True,Random-Edit,31,core,0.4917506407793775,0.09883601880899409,0.09864056628785711,0.0,1.0,1.0,0.0,6
core,ontology_split,ontology_refinement,True,Random-Edit,32,core,0.4903693718835949,0.09338740923073308,0.09339127582159897,0.0,1.0,1.0,5.173442079259294e-06,6
core,ontology_split,ontology_refinement,True,Random-Edit,33,core,0.4986316918471714,0.0869336262222934,0.08658348329821935,0.0,1.0,1.0,0.0,6
core,ontology_split,ontology_refinement,True,Random-Edit,34,core,0.48342351194903554,0.07835986152955216,0.07770060290642643,0.0,1.0,1.0,0.0,6
core,ontology_split,ontology_refinement,True,Random-Edit,35,core,0.4961962223970869,0.07064535114994709,0.07060832108421475,0.0,1.0,1.0,0.0,6
core,ontology_split,ontology_refinement,True,Random-Edit,36,core,0.4902486706268129,0.10138141169999217,0.10241574500858103,0.0,1.0,1.0,0.0012682188278286544,6
core,ontology_split,ontology_refinement,True,Random-Edit,37,core,0.5028179209307797,0.09498824105993539,0.0952328774426318,0.0,1.0,1.0,0.0003215079211495997,6
core,ontology_split,ontology_refinement,True,Random-Edit,38,core,0.49635784217254314,0.0942369638182919,0.0942369638182919,1.0,0.0,0.0,0.0,6
core,ontology_split,ontology_refinement,True,Random-Edit,39,core,0.4955126255528497,0.10235482118713805,0.10235482118713805,1.0,0.0,0.0,0.0,6
core,ontology_split,ontology_refinement,True,Random-Edit,40,core,0.4886400899878469,0.10871360002968761,0.10871360002968761,1.0,0.0,0.0,0.0,6
core,ontology_split,ontology_refinement,True,Random-Edit,41,core,0.5027522427385194,0.07753403006688796,0.0780264162234313,0.0,1.0,1.0,0.0007912998259551052,6
core,ontology_split,ontology_refinement,True,Random-Edit,42,core,0.49925125348284555,0.09183872900539289,0.09236209666128296,0.0,1.0,1.0,0.0007103174667328072,6
core,ontology_split,ontology_refinement,True,Random-Edit,43,core,0.5012770377083835,0.08825164475086013,0.08856000932190233,0.0,1.0,1.0,0.000436006233122177,6
core,ontology_split,ontology_refinement,True,Random-Edit,44,core,0.49234908403201505,0.08236299499365508,0.08165046718118694,0.0,1.0,1.0,0.0,6
core,ontology_split,ontology_refinement,True,Random-Edit,45,core,0.4989257531330221,0.07384262849914357,0.07408915034398784,0.0,1.0,1.0,0.00041661066031353777,6
core,ontology_split,ontology_refinement,True,Random-Edit,46,core,0.49381964097839787,0.08310881525201824,0.08168748022982517,0.0,1.0,1.0,0.0,6
core,ontology_split,ontology_refinement,True,Random-Edit,47,core,0.49807782613036583,0.09102299223418335,0.09053755103701892,0.0,1.0,1.0,0.0,6
core,ontology_split,ontology_refinement,True,Random-Edit,48,core,0.4921433746605526,0.08388602374470752,0.08376429102194494,0.0,1.0,1.0,0.0,6
core,ontology_split,ontology_refinement,True,Random-Edit,49,core,0.4925938044158184,0.0954685498776037,0.09549260792232564,0.0,1.0,1.0,3.148902322847036e-05,6
core,ontology_split,ontology_refinement,True,Flat-Search,0,core,0.49834935683925646,0.09992060891176957,0.09992060891176957,1.0,0.0,0.0,0.0,6
core,ontology_split,ontology_refinement,True,Flat-Search,1,core,0.4967281294191814,0.10366666724221887,0.10349015846609176,0.0,1.0,1.0,0.0,6
core,ontology_split,ontology_refinement,True,Flat-Search,2,core,0.4977936424989032,0.09514065467850277,0.09474632753872107,0.0,1.0,1.0,0.0,6
core,ontology_split,ontology_refinement,True,Flat-Search,3,core,0.49785850669370857,0.09286055942515734,0.09284931894806613,0.0,1.0,1.0,0.0,6
core,ontology_split,ontology_refinement,True,Flat-Search,4,core,0.4992717521320686,0.08681474324194875,0.08685719517399963,0.0,1.0,1.0,6.110922015903353e-05,6
core,ontology_split,ontology_refinement,True,Flat-Search,5,core,0.5013023982125058,0.07238319444372042,0.07277213755028435,0.0,1.0,1.0,0.0006698740874703235,6
core,ontology_split,ontology_refinement,True,Flat-Search,6,core,0.49733607015038167,0.09589855539003334,0.09506636667745012,0.0,1.0,1.0,0.0,6
core,ontology_split,ontology_refinement,True,Flat-Search,7,core,0.4986307444631074,0.09478530998408902,0.0953088397190808,0.0,1.0,1.0,0.0006885033826932452,6
core,ontology_split,ontology_refinement,True,Flat-Search,8,core,0.4984671767085604,0.0790672221728866,0.07872608591257513,0.0,1.0,1.0,0.0,6
core,ontology_split,ontology_refinement,True,Flat-Search,9,core,0.49906769178453364,0.09360018670725911,0.09435839998206527,0.0,1.0,1.0,0.0010084733943041824,6
core,ontology_split,ontology_refinement,True,Flat-Search,10,core,0.49835078891578743,0.08804588140170183,0.08805352097993244,0.0,1.0,1.0,1.0845428659395084e-05,6
core,ontology_split,ontology_refinement,True,Flat-Search,11,core,0.4996185292751109,0.08961480270549117,0.08952358195631493,0.0,1.0,1.0,0.0,6
core,ontology_split,ontology_refinement,True,Flat-Search,12,core,0.4827652125495742,0.08290332016938787,0.0805790656771419,0.0,1.0,1.0,0.0,6
core,ontology_split,ontology_refinement,True,Flat-Search,13,core,0.5055995764718577,0.08237579316361288,0.084789870181221,0.0,1.0,1.0,0.0036104374470684597,6
core,ontology_split,ontology_refinement,True,Flat-Search,14,core,0.5009574161621145,0.0746850209278811,0.07584445859343864,0.0,1.0,1.0,0.0019256203478721923,6
core,ontology_split,ontology_refinement,True,Flat-Search,15,core,0.4964598125354815,0.08676082465009963,0.0870552807288613,0.0,1.0,1.0,0.0004234903676814672,6
core,ontology_split,ontology_refinement,True,Flat-Search,16,core,0.5013709154867777,0.10358014282077216,0.10384495607096633,0.0,1.0,1.0,0.0003191660360664095,6
core,ontology_split,ontology_refinement,True,Flat-Search,17,core,0.4957543387953993,0.08015281722057337,0.08030998673194442,0.0,1.0,1.0,0.0002448493795680906,6
core,ontology_split,ontology_refinement,True,Flat-Search,18,core,0.4950938727117782,0.08560822067299913,0.08406583258053535,0.0,1.0,1.0,0.0,6
core,ontology_split,ontology_refinement,True,Flat-Search,19,core,0.49628412286484164,0.0902791534827252,0.089310577237077,0.0,1.0,1.0,0.0,6
core,ontology_split,ontology_refinement,True,Flat-Search,20,core,0.4929076967017533,0.08119633643443448,0.07930810946512748,0.0,1.0,1.0,0.0,6
core,ontology_split,ontology_refinement,True,Flat-Search,21,core,0.4929917533483287,0.07049170590334401,0.07049170590334401,1.0,0.0,0.0,0.0,6
core,ontology_split,ontology_refinement,True,Flat-Search,22,core,0.4989273081541909,0.0835521508235191,0.08323383133038997,0.0,1.0,1.0,0.0,6
core,ontology_split,ontology_refinement,True,Flat-Search,23,core,0.49725704641661705,0.08517257218085139,0.08587711686585182,0.0,1.0,1.0,0.0010296826120547997,6
core,ontology_split,ontology_refinement,True,Flat-Search,24,core,0.49252689323531945,0.1104853643939152,0.11026109408310607,0.0,1.0,1.0,0.0,6
core,ontology_split,ontology_refinement,True,Flat-Search,25,core,0.4979671357907977,0.09147811170027807,0.09144673780005601,0.0,1.0,1.0,0.0,6
core,ontology_split,ontology_refinement,True,Flat-Search,26,core,0.4956709984998073,0.1041347929573762,0.1040661181899184,0.0,1.0,1.0,0.0,6
core,ontology_split,ontology_refinement,True,Flat-Search,27,core,0.4822181514943271,0.08666729125415655,0.08666729125415655,1.0,0.0,0.0,0.0,6
core,ontology_split,ontology_refinement,True,Flat-Search,28,core,0.4942335008778774,0.08440953271802944,0.08435607560157783,0.0,1.0,1.0,0.0,6
core,ontology_split,ontology_refinement,True,Flat-Search,29,core,0.5001968807821613,0.08438874455448182,0.0845471474575421,0.0,1.0,1.0,0.00023441279277261473,6
core,ontology_split,ontology_refinement,True,Flat-Search,30,core,0.49264785265974137,0.10067416366265033,0.10068597386226764,0.0,1.0,1.0,1.4659847800108095e-05,6
core,ontology_split,ontology_refinement,True,Flat-Search,31,core,0.4917506407793775,0.09883601880899409,0.09864056628785711,0.0,1.0,1.0,0.0,6
core,ontology_split,ontology_refinement,True,Flat-Search,32,core,0.4903693718835949,0.09338740923073308,0.09339127582159897,0.0,1.0,1.0,5.173442079259294e-06,6
core,ontology_split,ontology_refinement,True,Flat-Search,33,core,0.5015365043112868,0.08592936552176503,0.08658348329821935,0.0,1.0,1.0,0.0009479282638992781,6
core,ontology_split,ontology_refinement,True,Flat-Search,34,core,0.48396904108054367,0.07818887598718016,0.07770060290642643,0.0,1.0,1.0,0.0,6
core,ontology_split,ontology_refinement,True,Flat-Search,35,core,0.4961962223970869,0.07064535114994709,0.07060832108421475,0.0,1.0,1.0,0.0,6
core,ontology_split,ontology_refinement,True,Flat-Search,36,core,0.48771223297115557,0.10241574500858103,0.10241574500858103,1.0,0.0,0.0,0.0,6
core,ontology_split,ontology_refinement,True,Flat-Search,37,core,0.5008394559750239,0.09574295818849558,0.0952328774426318,0.0,1.0,1.0,0.0,6
core,ontology_split,ontology_refinement,True,Flat-Search,38,core,0.4956063195855809,0.0945206932653091,0.0942369638182919,0.0,1.0,1.0,0.0,6
core,ontology_split,ontology_refinement,True,Flat-Search,39,core,0.49602653852620626,0.10214461636697962,0.10235482118713805,0.0,1.0,1.0,0.00025695648667828364,6
core,ontology_split,ontology_refinement,True,Flat-Search,40,core,0.4937814560299059,0.1064999908379282,0.10871360002968761,0.0,1.0,1.0,0.0025706830210295017,6
core,ontology_split,ontology_refinement,True,Flat-Search,41,core,0.5011696430866092,0.0780264162234313,0.0780264162234313,1.0,0.0,0.0,0.0,6
core,ontology_split,ontology_refinement,True,Flat-Search,42,core,0.4980475561936199,0.09228198280072067,0.09236209666128296,0.0,1.0,1.0,0.00010846882211998365,6
core,ontology_split,ontology_refinement,True,Flat-Search,43,core,0.5004050252421391,0.08856000932190233,0.08856000932190233,1.0,0.0,0.0,0.0,6
core,ontology_split,ontology_refinement,True,Flat-Search,44,core,0.4927653215501684,0.08222594846382211,0.08165046718118694,0.0,1.0,1.0,0.0,6
core,ontology_split,ontology_refinement,True,Flat-Search,45,core,0.49723185666815645,0.0743446623268101,0.07408915034398784,0.0,1.0,1.0,0.0,6
core,ontology_split,ontology_refinement,True,Flat-Search,46,core,0.49764607904361524,0.0818463602615709,0.08168748022982517,0.0,1.0,1.0,0.0,6
core,ontology_split,ontology_refinement,True,Flat-Search,47,core,0.499509213966718,0.09050332115926381,0.09053755103701892,0.0,1.0,1.0,4.726810858679542e-05,6
core,ontology_split,ontology_refinement,True,Flat-Search,48,core,0.49186164794437753,0.08398063298587256,0.08376429102194494,0.0,1.0,1.0,0.0,6
core,ontology_split,ontology_refinement,True,Flat-Search,49,core,0.4925938044158184,0.0954685498776037,0.09549260792232564,0.0,1.0,1.0,3.148902322847036e-05,6
core,ontology_split,ontology_refinement,True,MDL-Flat,0,core,0.49834935683925646,0.09992060891176957,0.09992060891176957,1.0,0.0,0.0,0.0,6
core,ontology_split,ontology_refinement,True,MDL-Flat,1,core,0.4971541404893699,0.10349015846609176,0.10349015846609176,1.0,0.0,0.0,0.0,6
core,ontology_split,ontology_refinement,True,MDL-Flat,2,core,0.49883195241948664,0.09474632753872107,0.09474632753872107,1.0,0.0,0.0,0.0,6
core,ontology_split,ontology_refinement,True,MDL-Flat,3,core,0.4978887696875476,0.09284931894806613,0.09284931894806613,1.0,0.0,0.0,0.0,6
core,ontology_split,ontology_refinement,True,MDL-Flat,4,core,0.4991495336917505,0.08685719517399963,0.08685719517399963,1.0,0.0,0.0,0.0,6
core,ontology_split,ontology_refinement,True,MDL-Flat,5,core,0.4999626500375651,0.07277213755028435,0.07277213755028435,1.0,0.0,0.0,0.0,6
core,ontology_split,ontology_refinement,True,MDL-Flat,6,core,0.4995149635368713,0.09506636667745012,0.09506636667745012,1.0,0.0,0.0,0.0,6
core,ontology_split,ontology_refinement,True,MDL-Flat,7,core,0.4972537376977209,0.0953088397190808,0.0953088397190808,1.0,0.0,0.0,0.0,6
core,ontology_split,ontology_refinement,True,MDL-Flat,8,core,0.4995481329269276,0.07872608591257513,0.07872608591257513,1.0,0.0,0.0,0.0,6
core,ontology_split,ontology_refinement,True,MDL-Flat,9,core,0.4970507449959253,0.09435839998206527,0.09435839998206527,1.0,0.0,0.0,0.0,6
core,ontology_split,ontology_refinement,True,MDL-Flat,10,core,0.49832909805846864,0.08805352097993244,0.08805352097993244,1.0,0.0,0.0,0.0,6
core,ontology_split,ontology_refinement,True,MDL-Flat,11,core,0.4998731389493312,0.08952358195631493,0.08952358195631493,1.0,0.0,0.0,0.0,6
core,ontology_split,ontology_refinement,True,MDL-Flat,12,core,0.4898688253961417,0.0805790656771419,0.0805790656771419,1.0,0.0,0.0,0.0,6
core,ontology_split,ontology_refinement,True,MDL-Flat,13,core,0.4983787015777208,0.084789870181221,0.084789870181221,1.0,0.0,0.0,0.0,6
core,ontology_split,ontology_refinement,True,MDL-Flat,14,core,0.49710617546637015,0.07584445859343864,0.07584445859343864,1.0,0.0,0.0,0.0,6
core,ontology_split,ontology_refinement,True,MDL-Flat,15,core,0.49561283180011856,0.0870552807288613,0.0870552807288613,1.0,0.0,0.0,0.0,6
core,ontology_split,ontology_refinement,True,MDL-Flat,16,core,0.5007325834146449,0.10384495607096633,0.10384495607096633,1.0,0.0,0.0,0.0,6
core,ontology_split,ontology_refinement,True,MDL-Flat,17,core,0.49526464003626314,0.08030998673194442,0.08030998673194442,1.0,0.0,0.0,0.0,6
core,ontology_split,ontology_refinement,True,MDL-Flat,18,core,0.49963899064712947,0.08406583258053535,0.08406583258053535,1.0,0.0,0.0,0.0,6
core,ontology_split,ontology_refinement,True,MDL-Flat,19,core,0.49898071795335813,0.089310577237077,0.089310577237077,1.0,0.0,0.0,0.0,6
core,ontology_split,ontology_refinement,True,MDL-Flat,20,core,0.4987896587986785,0.07930810946512748,0.07930810946512748,1.0,0.0,0.0,0.0,6
core,ontology_split,ontology_refinement,True,MDL-Flat,21,core,0.4929917533483287,0.07049170590334401,0.07049170590334401,1.0,0.0,0.0,0.0,6
core,ontology_split,ontology_refinement,True,MDL-Flat,22,core,0.4998815829897622,0.08323383133038997,0.08323383133038997,1.0,0.0,0.0,0.0,6
core,ontology_split,ontology_refinement,True,MDL-Flat,23,core,0.49519768119250746,0.08587711686585182,0.08587711686585182,1.0,0.0,0.0,0.0,6
core,ontology_split,ontology_refinement,True,MDL-Flat,24,core,0.4930347691431834,0.11026109408310607,0.11026109408310607,1.0,0.0,0.0,0.0,6
core,ontology_split,ontology_refinement,True,MDL-Flat,25,core,0.4980528906884237,0.09144673780005601,0.09144673780005601,1.0,0.0,0.0,0.0,6
core,ontology_split,ontology_refinement,True,MDL-Flat,26,core,0.4958359108800135,0.1040661181899184,0.1040661181899184,1.0,0.0,0.0,0.0,6
core,ontology_split,ontology_refinement,True,MDL-Flat,27,core,0.4822181514943271,0.08666729125415655,0.08666729125415655,1.0,0.0,0.0,0.0,6
core,ontology_split,ontology_refinement,True,MDL-Flat,28,core,0.4943918571979538,0.08435607560157783,0.08435607560157783,1.0,0.0,0.0,0.0,6
core,ontology_split,ontology_refinement,True,MDL-Flat,29,core,0.49972805519661606,0.0845471474575421,0.0845471474575421,1.0,0.0,0.0,0.0,6
core,ontology_split,ontology_refinement,True,MDL-Flat,30,core,0.49261853296414115,0.10068597386226764,0.10068597386226764,1.0,0.0,0.0,0.0,6
core,ontology_split,ontology_refinement,True,MDL-Flat,31,core,0.49224538932945294,0.09864056628785711,0.09864056628785711,1.0,0.0,0.0,0.0,6
core,ontology_split,ontology_refinement,True,MDL-Flat,32,core,0.4903590249994364,0.09339127582159897,0.09339127582159897,1.0,0.0,0.0,0.0,6
core,ontology_split,ontology_refinement,True,MDL-Flat,33,core,0.49964064778348827,0.08658348329821935,0.08658348329821935,1.0,0.0,0.0,0.0,6
core,ontology_split,ontology_refinement,True,MDL-Flat,34,core,0.4855336756679085,0.07770060290642643,0.07770060290642643,1.0,0.0,0.0,0.0,6
core,ontology_split,ontology_refinement,True,MDL-Flat,35,core,0.49632729154340366,0.07060832108421475,0.07060832108421475,1.0,0.0,0.0,0.0,6
core,ontology_split,ontology_refinement,True,MDL-Flat,36,core,0.48771223297115557,0.10241574500858103,0.10241574500858103,1.0,0.0,0.0,0.0,6
core,ontology_split,ontology_refinement,True,MDL-Flat,37,core,0.5021749050884805,0.0952328774426318,0.0952328774426318,1.0,0.0,0.0,0.0,6
core,ontology_split,ontology_refinement,True,MDL-Flat,38,core,0.49635784217254314,0.0942369638182919,0.0942369638182919,1.0,0.0,0.0,0.0,6
core,ontology_split,ontology_refinement,True,MDL-Flat,39,core,0.4955126255528497,0.10235482118713805,0.10235482118713805,1.0,0.0,0.0,0.0,6
core,ontology_split,ontology_refinement,True,MDL-Flat,40,core,0.4886400899878469,0.10871360002968761,0.10871360002968761,1.0,0.0,0.0,0.0,6
core,ontology_split,ontology_refinement,True,MDL-Flat,41,core,0.5011696430866092,0.0780264162234313,0.0780264162234313,1.0,0.0,0.0,0.0,6
core,ontology_split,ontology_refinement,True,MDL-Flat,42,core,0.49783061854937993,0.09236209666128296,0.09236209666128296,1.0,0.0,0.0,0.0,6
core,ontology_split,ontology_refinement,True,MDL-Flat,43,core,0.5004050252421391,0.08856000932190233,0.08856000932190233,1.0,0.0,0.0,0.0,6
core,ontology_split,ontology_refinement,True,MDL-Flat,44,core,0.494520882388055,0.08165046718118694,0.08165046718118694,1.0,0.0,0.0,0.0,6
core,ontology_split,ontology_refinement,True,MDL-Flat,45,core,0.49809253181239505,0.07408915034398784,0.07408915034398784,1.0,0.0,0.0,0.0,6
core,ontology_split,ontology_refinement,True,MDL-Flat,46,core,0.4981318416129109,0.08168748022982517,0.08168748022982517,1.0,0.0,0.0,0.0,6
core,ontology_split,ontology_refinement,True,MDL-Flat,47,core,0.4994146777495444,0.09053755103701892,0.09053755103701892,1.0,0.0,0.0,0.0,6
core,ontology_split,ontology_refinement,True,MDL-Flat,48,core,0.4925063446166554,0.08376429102194494,0.08376429102194494,1.0,0.0,0.0,0.0,6
core,ontology_split,ontology_refinement,True,MDL-Flat,49,core,0.49253082636936146,0.09549260792232564,0.09549260792232564,1.0,0.0,0.0,0.0,6
core,ontology_split,ontology_refinement,True,EIC-NoMargin,0,core,0.49834935683925646,0.09992060891176957,0.09992060891176957,1.0,0.0,0.0,0.0,6
core,ontology_split,ontology_refinement,True,EIC-NoMargin,1,core,0.4971541404893699,0.10349015846609176,0.10349015846609176,1.0,0.0,0.0,0.0,6
core,ontology_split,ontology_refinement,True,EIC-NoMargin,2,core,0.49883195241948664,0.09474632753872107,0.09474632753872107,1.0,0.0,0.0,0.0,6
core,ontology_split,ontology_refinement,True,EIC-NoMargin,3,core,0.4978887696875476,0.09284931894806613,0.09284931894806613,1.0,0.0,0.0,0.0,6
core,ontology_split,ontology_refinement,True,EIC-NoMargin,4,core,0.4991495336917505,0.08685719517399963,0.08685719517399963,1.0,0.0,0.0,0.0,6
core,ontology_split,ontology_refinement,True,EIC-NoMargin,5,core,0.4999626500375651,0.07277213755028435,0.07277213755028435,1.0,0.0,0.0,0.0,6
core,ontology_split,ontology_refinement,True,EIC-NoMargin,6,core,0.4995149635368713,0.09506636667745012,0.09506636667745012,1.0,0.0,0.0,0.0,6
core,ontology_split,ontology_refinement,True,EIC-NoMargin,7,core,0.4972537376977209,0.0953088397190808,0.0953088397190808,1.0,0.0,0.0,0.0,6
core,ontology_split,ontology_refinement,True,EIC-NoMargin,8,core,0.4995481329269276,0.07872608591257513,0.07872608591257513,1.0,0.0,0.0,0.0,6
core,ontology_split,ontology_refinement,True,EIC-NoMargin,9,core,0.4970507449959253,0.09435839998206527,0.09435839998206527,1.0,0.0,0.0,0.0,6
core,ontology_split,ontology_refinement,True,EIC-NoMargin,10,core,0.49832909805846864,0.08805352097993244,0.08805352097993244,1.0,0.0,0.0,0.0,6
core,ontology_split,ontology_refinement,True,EIC-NoMargin,11,core,0.4998731389493312,0.08952358195631493,0.08952358195631493,1.0,0.0,0.0,0.0,6
core,ontology_split,ontology_refinement,True,EIC-NoMargin,12,core,0.4898688253961417,0.0805790656771419,0.0805790656771419,1.0,0.0,0.0,0.0,6
core,ontology_split,ontology_refinement,True,EIC-NoMargin,13,core,0.4983787015777208,0.084789870181221,0.084789870181221,1.0,0.0,0.0,0.0,6
core,ontology_split,ontology_refinement,True,EIC-NoMargin,14,core,0.49710617546637015,0.07584445859343864,0.07584445859343864,1.0,0.0,0.0,0.0,6
core,ontology_split,ontology_refinement,True,EIC-NoMargin,15,core,0.49561283180011856,0.0870552807288613,0.0870552807288613,1.0,0.0,0.0,0.0,6
core,ontology_split,ontology_refinement,True,EIC-NoMargin,16,core,0.5007325834146449,0.10384495607096633,0.10384495607096633,1.0,0.0,0.0,0.0,6
core,ontology_split,ontology_refinement,True,EIC-NoMargin,17,core,0.49526464003626314,0.08030998673194442,0.08030998673194442,1.0,0.0,0.0,0.0,6
core,ontology_split,ontology_refinement,True,EIC-NoMargin,18,core,0.49963899064712947,0.08406583258053535,0.08406583258053535,1.0,0.0,0.0,0.0,6
core,ontology_split,ontology_refinement,True,EIC-NoMargin,19,core,0.49898071795335813,0.089310577237077,0.089310577237077,1.0,0.0,0.0,0.0,6
core,ontology_split,ontology_refinement,True,EIC-NoMargin,20,core,0.4987896587986785,0.07930810946512748,0.07930810946512748,1.0,0.0,0.0,0.0,6
core,ontology_split,ontology_refinement,True,EIC-NoMargin,21,core,0.4929917533483287,0.07049170590334401,0.07049170590334401,1.0,0.0,0.0,0.0,6
core,ontology_split,ontology_refinement,True,EIC-NoMargin,22,core,0.4998815829897622,0.08323383133038997,0.08323383133038997,1.0,0.0,0.0,0.0,6
core,ontology_split,ontology_refinement,True,EIC-NoMargin,23,core,0.49519768119250746,0.08587711686585182,0.08587711686585182,1.0,0.0,0.0,0.0,6
core,ontology_split,ontology_refinement,True,EIC-NoMargin,24,core,0.4930347691431834,0.11026109408310607,0.11026109408310607,1.0,0.0,0.0,0.0,6
core,ontology_split,ontology_refinement,True,EIC-NoMargin,25,core,0.4980528906884237,0.09144673780005601,0.09144673780005601,1.0,0.0,0.0,0.0,6
core,ontology_split,ontology_refinement,True,EIC-NoMargin,26,core,0.4958359108800135,0.1040661181899184,0.1040661181899184,1.0,0.0,0.0,0.0,6
core,ontology_split,ontology_refinement,True,EIC-NoMargin,27,core,0.4822181514943271,0.08666729125415655,0.08666729125415655,1.0,0.0,0.0,0.0,6
core,ontology_split,ontology_refinement,True,EIC-NoMargin,28,core,0.4943918571979538,0.08435607560157783,0.08435607560157783,1.0,0.0,0.0,0.0,6
core,ontology_split,ontology_refinement,True,EIC-NoMargin,29,core,0.49972805519661606,0.0845471474575421,0.0845471474575421,1.0,0.0,0.0,0.0,6
core,ontology_split,ontology_refinement,True,EIC-NoMargin,30,core,0.49261853296414115,0.10068597386226764,0.10068597386226764,1.0,0.0,0.0,0.0,6
core,ontology_split,ontology_refinement,True,EIC-NoMargin,31,core,0.49224538932945294,0.09864056628785711,0.09864056628785711,1.0,0.0,0.0,0.0,6
core,ontology_split,ontology_refinement,True,EIC-NoMargin,32,core,0.4903590249994364,0.09339127582159897,0.09339127582159897,1.0,0.0,0.0,0.0,6
core,ontology_split,ontology_refinement,True,EIC-NoMargin,33,core,0.49964064778348827,0.08658348329821935,0.08658348329821935,1.0,0.0,0.0,0.0,6
core,ontology_split,ontology_refinement,True,EIC-NoMargin,34,core,0.4855336756679085,0.07770060290642643,0.07770060290642643,1.0,0.0,0.0,0.0,6
core,ontology_split,ontology_refinement,True,EIC-NoMargin,35,core,0.49632729154340366,0.07060832108421475,0.07060832108421475,1.0,0.0,0.0,0.0,6
core,ontology_split,ontology_refinement,True,EIC-NoMargin,36,core,0.48771223297115557,0.10241574500858103,0.10241574500858103,1.0,0.0,0.0,0.0,6
core,ontology_split,ontology_refinement,True,EIC-NoMargin,37,core,0.5021749050884805,0.0952328774426318,0.0952328774426318,1.0,0.0,0.0,0.0,6
core,ontology_split,ontology_refinement,True,EIC-NoMargin,38,core,0.49635784217254314,0.0942369638182919,0.0942369638182919,1.0,0.0,0.0,0.0,6
core,ontology_split,ontology_refinement,True,EIC-NoMargin,39,core,0.4955126255528497,0.10235482118713805,0.10235482118713805,1.0,0.0,0.0,0.0,6
core,ontology_split,ontology_refinement,True,EIC-NoMargin,40,core,0.4886400899878469,0.10871360002968761,0.10871360002968761,1.0,0.0,0.0,0.0,6
core,ontology_split,ontology_refinement,True,EIC-NoMargin,41,core,0.5011696430866092,0.0780264162234313,0.0780264162234313,1.0,0.0,0.0,0.0,6
core,ontology_split,ontology_refinement,True,EIC-NoMargin,42,core,0.49783061854937993,0.09236209666128296,0.09236209666128296,1.0,0.0,0.0,0.0,6
core,ontology_split,ontology_refinement,True,EIC-NoMargin,43,core,0.5004050252421391,0.08856000932190233,0.08856000932190233,1.0,0.0,0.0,0.0,6
core,ontology_split,ontology_refinement,True,EIC-NoMargin,44,core,0.494520882388055,0.08165046718118694,0.08165046718118694,1.0,0.0,0.0,0.0,6
core,ontology_split,ontology_refinement,True,EIC-NoMargin,45,core,0.49809253181239505,0.07408915034398784,0.07408915034398784,1.0,0.0,0.0,0.0,6
core,ontology_split,ontology_refinement,True,EIC-NoMargin,46,core,0.4981318416129109,0.08168748022982517,0.08168748022982517,1.0,0.0,0.0,0.0,6
core,ontology_split,ontology_refinement,True,EIC-NoMargin,47,core,0.4994146777495444,0.09053755103701892,0.09053755103701892,1.0,0.0,0.0,0.0,6
core,ontology_split,ontology_refinement,True,EIC-NoMargin,48,core,0.4925063446166554,0.08376429102194494,0.08376429102194494,1.0,0.0,0.0,0.0,6
core,ontology_split,ontology_refinement,True,EIC-NoMargin,49,core,0.49253082636936146,0.09549260792232564,0.09549260792232564,1.0,0.0,0.0,0.0,6
core,ontology_split,ontology_refinement,True,EIC-NoCost,0,core,0.49834935683925646,0.09992060891176957,0.09992060891176957,1.0,0.0,0.0,0.0,6
core,ontology_split,ontology_refinement,True,EIC-NoCost,1,core,0.4971541404893699,0.10349015846609176,0.10349015846609176,1.0,0.0,0.0,0.0,6
core,ontology_split,ontology_refinement,True,EIC-NoCost,2,core,0.49883195241948664,0.09474632753872107,0.09474632753872107,1.0,0.0,0.0,0.0,6
core,ontology_split,ontology_refinement,True,EIC-NoCost,3,core,0.4978887696875476,0.09284931894806613,0.09284931894806613,1.0,0.0,0.0,0.0,6
core,ontology_split,ontology_refinement,True,EIC-NoCost,4,core,0.4991495336917505,0.08685719517399963,0.08685719517399963,1.0,0.0,0.0,0.0,6
core,ontology_split,ontology_refinement,True,EIC-NoCost,5,core,0.4999626500375651,0.07277213755028435,0.07277213755028435,1.0,0.0,0.0,0.0,6
core,ontology_split,ontology_refinement,True,EIC-NoCost,6,core,0.4995149635368713,0.09506636667745012,0.09506636667745012,1.0,0.0,0.0,0.0,6
core,ontology_split,ontology_refinement,True,EIC-NoCost,7,core,0.4972537376977209,0.0953088397190808,0.0953088397190808,1.0,0.0,0.0,0.0,6
core,ontology_split,ontology_refinement,True,EIC-NoCost,8,core,0.4995481329269276,0.07872608591257513,0.07872608591257513,1.0,0.0,0.0,0.0,6
core,ontology_split,ontology_refinement,True,EIC-NoCost,9,core,0.4970507449959253,0.09435839998206527,0.09435839998206527,1.0,0.0,0.0,0.0,6
core,ontology_split,ontology_refinement,True,EIC-NoCost,10,core,0.49832909805846864,0.08805352097993244,0.08805352097993244,1.0,0.0,0.0,0.0,6
core,ontology_split,ontology_refinement,True,EIC-NoCost,11,core,0.4998731389493312,0.08952358195631493,0.08952358195631493,1.0,0.0,0.0,0.0,6
core,ontology_split,ontology_refinement,True,EIC-NoCost,12,core,0.4898688253961417,0.0805790656771419,0.0805790656771419,1.0,0.0,0.0,0.0,6
core,ontology_split,ontology_refinement,True,EIC-NoCost,13,core,0.5055995764718577,0.08237579316361288,0.084789870181221,0.0,1.0,1.0,0.0036104374470684597,6
core,ontology_split,ontology_refinement,True,EIC-NoCost,14,core,0.49710617546637015,0.07584445859343864,0.07584445859343864,1.0,0.0,0.0,0.0,6
core,ontology_split,ontology_refinement,True,EIC-NoCost,15,core,0.49561283180011856,0.0870552807288613,0.0870552807288613,1.0,0.0,0.0,0.0,6
core,ontology_split,ontology_refinement,True,EIC-NoCost,16,core,0.5007325834146449,0.10384495607096633,0.10384495607096633,1.0,0.0,0.0,0.0,6
core,ontology_split,ontology_refinement,True,EIC-NoCost,17,core,0.49526464003626314,0.08030998673194442,0.08030998673194442,1.0,0.0,0.0,0.0,6
core,ontology_split,ontology_refinement,True,EIC-NoCost,18,core,0.49963899064712947,0.08406583258053535,0.08406583258053535,1.0,0.0,0.0,0.0,6
core,ontology_split,ontology_refinement,True,EIC-NoCost,19,core,0.49898071795335813,0.089310577237077,0.089310577237077,1.0,0.0,0.0,0.0,6
core,ontology_split,ontology_refinement,True,EIC-NoCost,20,core,0.4987896587986785,0.07930810946512748,0.07930810946512748,1.0,0.0,0.0,0.0,6
core,ontology_split,ontology_refinement,True,EIC-NoCost,21,core,0.4929917533483287,0.07049170590334401,0.07049170590334401,1.0,0.0,0.0,0.0,6
core,ontology_split,ontology_refinement,True,EIC-NoCost,22,core,0.4998815829897622,0.08323383133038997,0.08323383133038997,1.0,0.0,0.0,0.0,6
core,ontology_split,ontology_refinement,True,EIC-NoCost,23,core,0.49725704641661705,0.08517257218085139,0.08587711686585182,0.0,1.0,1.0,0.0010296826120547997,6
core,ontology_split,ontology_refinement,True,EIC-NoCost,24,core,0.4930347691431834,0.11026109408310607,0.11026109408310607,1.0,0.0,0.0,0.0,6
core,ontology_split,ontology_refinement,True,EIC-NoCost,25,core,0.4980528906884237,0.09144673780005601,0.09144673780005601,1.0,0.0,0.0,0.0,6
core,ontology_split,ontology_refinement,True,EIC-NoCost,26,core,0.4958359108800135,0.1040661181899184,0.1040661181899184,1.0,0.0,0.0,0.0,6
core,ontology_split,ontology_refinement,True,EIC-NoCost,27,core,0.4822181514943271,0.08666729125415655,0.08666729125415655,1.0,0.0,0.0,0.0,6
core,ontology_split,ontology_refinement,True,EIC-NoCost,28,core,0.4943918571979538,0.08435607560157783,0.08435607560157783,1.0,0.0,0.0,0.0,6
core,ontology_split,ontology_refinement,True,EIC-NoCost,29,core,0.49972805519661606,0.0845471474575421,0.0845471474575421,1.0,0.0,0.0,0.0,6
core,ontology_split,ontology_refinement,True,EIC-NoCost,30,core,0.49261853296414115,0.10068597386226764,0.10068597386226764,1.0,0.0,0.0,0.0,6
core,ontology_split,ontology_refinement,True,EIC-NoCost,31,core,0.49224538932945294,0.09864056628785711,0.09864056628785711,1.0,0.0,0.0,0.0,6
core,ontology_split,ontology_refinement,True,EIC-NoCost,32,core,0.4903590249994364,0.09339127582159897,0.09339127582159897,1.0,0.0,0.0,0.0,6
core,ontology_split,ontology_refinement,True,EIC-NoCost,33,core,0.49964064778348827,0.08658348329821935,0.08658348329821935,1.0,0.0,0.0,0.0,6
core,ontology_split,ontology_refinement,True,EIC-NoCost,34,core,0.4855336756679085,0.07770060290642643,0.07770060290642643,1.0,0.0,0.0,0.0,6
core,ontology_split,ontology_refinement,True,EIC-NoCost,35,core,0.49632729154340366,0.07060832108421475,0.07060832108421475,1.0,0.0,0.0,0.0,6
core,ontology_split,ontology_refinement,True,EIC-NoCost,36,core,0.48771223297115557,0.10241574500858103,0.10241574500858103,1.0,0.0,0.0,0.0,6
core,ontology_split,ontology_refinement,True,EIC-NoCost,37,core,0.5021749050884805,0.0952328774426318,0.0952328774426318,1.0,0.0,0.0,0.0,6
core,ontology_split,ontology_refinement,True,EIC-NoCost,38,core,0.49635784217254314,0.0942369638182919,0.0942369638182919,1.0,0.0,0.0,0.0,6
core,ontology_split,ontology_refinement,True,EIC-NoCost,39,core,0.4955126255528497,0.10235482118713805,0.10235482118713805,1.0,0.0,0.0,0.0,6
core,ontology_split,ontology_refinement,True,EIC-NoCost,40,core,0.4886400899878469,0.10871360002968761,0.10871360002968761,1.0,0.0,0.0,0.0,6
core,ontology_split,ontology_refinement,True,EIC-NoCost,41,core,0.5011696430866092,0.0780264162234313,0.0780264162234313,1.0,0.0,0.0,0.0,6
core,ontology_split,ontology_refinement,True,EIC-NoCost,42,core,0.49783061854937993,0.09236209666128296,0.09236209666128296,1.0,0.0,0.0,0.0,6
core,ontology_split,ontology_refinement,True,EIC-NoCost,43,core,0.5004050252421391,0.08856000932190233,0.08856000932190233,1.0,0.0,0.0,0.0,6
core,ontology_split,ontology_refinement,True,EIC-NoCost,44,core,0.4927653215501684,0.08222594846382211,0.08165046718118694,0.0,1.0,1.0,0.0,6
core,ontology_split,ontology_refinement,True,EIC-NoCost,45,core,0.49809253181239505,0.07408915034398784,0.07408915034398784,1.0,0.0,0.0,0.0,6
core,ontology_split,ontology_refinement,True,EIC-NoCost,46,core,0.4981318416129109,0.08168748022982517,0.08168748022982517,1.0,0.0,0.0,0.0,6
core,ontology_split,ontology_refinement,True,EIC-NoCost,47,core,0.4994146777495444,0.09053755103701892,0.09053755103701892,1.0,0.0,0.0,0.0,6
core,ontology_split,ontology_refinement,True,EIC-NoCost,48,core,0.4925063446166554,0.08376429102194494,0.08376429102194494,1.0,0.0,0.0,0.0,6
core,ontology_split,ontology_refinement,True,EIC-NoCost,49,core,0.49253082636936146,0.09549260792232564,0.09549260792232564,1.0,0.0,0.0,0.0,6
core,ontology_split,ontology_refinement,True,EIC-Greedy,0,core,0.49834935683925646,0.09992060891176957,0.09992060891176957,1.0,0.0,0.0,0.0,6
core,ontology_split,ontology_refinement,True,EIC-Greedy,1,core,0.4971541404893699,0.10349015846609176,0.10349015846609176,1.0,0.0,0.0,0.0,6
core,ontology_split,ontology_refinement,True,EIC-Greedy,2,core,0.49883195241948664,0.09474632753872107,0.09474632753872107,1.0,0.0,0.0,0.0,6
core,ontology_split,ontology_refinement,True,EIC-Greedy,3,core,0.4978887696875476,0.09284931894806613,0.09284931894806613,1.0,0.0,0.0,0.0,6
core,ontology_split,ontology_refinement,True,EIC-Greedy,4,core,0.4991495336917505,0.08685719517399963,0.08685719517399963,1.0,0.0,0.0,0.0,6
core,ontology_split,ontology_refinement,True,EIC-Greedy,5,core,0.4999626500375651,0.07277213755028435,0.07277213755028435,1.0,0.0,0.0,0.0,6
core,ontology_split,ontology_refinement,True,EIC-Greedy,6,core,0.4995149635368713,0.09506636667745012,0.09506636667745012,1.0,0.0,0.0,0.0,6
core,ontology_split,ontology_refinement,True,EIC-Greedy,7,core,0.4972537376977209,0.0953088397190808,0.0953088397190808,1.0,0.0,0.0,0.0,6
core,ontology_split,ontology_refinement,True,EIC-Greedy,8,core,0.4995481329269276,0.07872608591257513,0.07872608591257513,1.0,0.0,0.0,0.0,6
core,ontology_split,ontology_refinement,True,EIC-Greedy,9,core,0.4970507449959253,0.09435839998206527,0.09435839998206527,1.0,0.0,0.0,0.0,6
core,ontology_split,ontology_refinement,True,EIC-Greedy,10,core,0.49832909805846864,0.08805352097993244,0.08805352097993244,1.0,0.0,0.0,0.0,6
core,ontology_split,ontology_refinement,True,EIC-Greedy,11,core,0.4998731389493312,0.08952358195631493,0.08952358195631493,1.0,0.0,0.0,0.0,6
core,ontology_split,ontology_refinement,True,EIC-Greedy,12,core,0.4898688253961417,0.0805790656771419,0.0805790656771419,1.0,0.0,0.0,0.0,6
core,ontology_split,ontology_refinement,True,EIC-Greedy,13,core,0.4983787015777208,0.084789870181221,0.084789870181221,1.0,0.0,0.0,0.0,6
core,ontology_split,ontology_refinement,True,EIC-Greedy,14,core,0.49710617546637015,0.07584445859343864,0.07584445859343864,1.0,0.0,0.0,0.0,6
core,ontology_split,ontology_refinement,True,EIC-Greedy,15,core,0.49561283180011856,0.0870552807288613,0.0870552807288613,1.0,0.0,0.0,0.0,6
core,ontology_split,ontology_refinement,True,EIC-Greedy,16,core,0.5007325834146449,0.10384495607096633,0.10384495607096633,1.0,0.0,0.0,0.0,6
core,ontology_split,ontology_refinement,True,EIC-Greedy,17,core,0.49526464003626314,0.08030998673194442,0.08030998673194442,1.0,0.0,0.0,0.0,6
core,ontology_split,ontology_refinement,True,EIC-Greedy,18,core,0.49963899064712947,0.08406583258053535,0.08406583258053535,1.0,0.0,0.0,0.0,6
core,ontology_split,ontology_refinement,True,EIC-Greedy,19,core,0.49898071795335813,0.089310577237077,0.089310577237077,1.0,0.0,0.0,0.0,6
core,ontology_split,ontology_refinement,True,EIC-Greedy,20,core,0.4987896587986785,0.07930810946512748,0.07930810946512748,1.0,0.0,0.0,0.0,6
core,ontology_split,ontology_refinement,True,EIC-Greedy,21,core,0.4929917533483287,0.07049170590334401,0.07049170590334401,1.0,0.0,0.0,0.0,6
core,ontology_split,ontology_refinement,True,EIC-Greedy,22,core,0.4998815829897622,0.08323383133038997,0.08323383133038997,1.0,0.0,0.0,0.0,6
core,ontology_split,ontology_refinement,True,EIC-Greedy,23,core,0.49519768119250746,0.08587711686585182,0.08587711686585182,1.0,0.0,0.0,0.0,6
core,ontology_split,ontology_refinement,True,EIC-Greedy,24,core,0.4930347691431834,0.11026109408310607,0.11026109408310607,1.0,0.0,0.0,0.0,6
core,ontology_split,ontology_refinement,True,EIC-Greedy,25,core,0.4980528906884237,0.09144673780005601,0.09144673780005601,1.0,0.0,0.0,0.0,6
core,ontology_split,ontology_refinement,True,EIC-Greedy,26,core,0.4958359108800135,0.1040661181899184,0.1040661181899184,1.0,0.0,0.0,0.0,6
core,ontology_split,ontology_refinement,True,EIC-Greedy,27,core,0.4822181514943271,0.08666729125415655,0.08666729125415655,1.0,0.0,0.0,0.0,6
core,ontology_split,ontology_refinement,True,EIC-Greedy,28,core,0.4943918571979538,0.08435607560157783,0.08435607560157783,1.0,0.0,0.0,0.0,6
core,ontology_split,ontology_refinement,True,EIC-Greedy,29,core,0.49972805519661606,0.0845471474575421,0.0845471474575421,1.0,0.0,0.0,0.0,6
core,ontology_split,ontology_refinement,True,EIC-Greedy,30,core,0.49261853296414115,0.10068597386226764,0.10068597386226764,1.0,0.0,0.0,0.0,6
core,ontology_split,ontology_refinement,True,EIC-Greedy,31,core,0.49224538932945294,0.09864056628785711,0.09864056628785711,1.0,0.0,0.0,0.0,6
core,ontology_split,ontology_refinement,True,EIC-Greedy,32,core,0.4903590249994364,0.09339127582159897,0.09339127582159897,1.0,0.0,0.0,0.0,6
core,ontology_split,ontology_refinement,True,EIC-Greedy,33,core,0.49964064778348827,0.08658348329821935,0.08658348329821935,1.0,0.0,0.0,0.0,6
core,ontology_split,ontology_refinement,True,EIC-Greedy,34,core,0.4855336756679085,0.07770060290642643,0.07770060290642643,1.0,0.0,0.0,0.0,6
core,ontology_split,ontology_refinement,True,EIC-Greedy,35,core,0.49632729154340366,0.07060832108421475,0.07060832108421475,1.0,0.0,0.0,0.0,6
core,ontology_split,ontology_refinement,True,EIC-Greedy,36,core,0.48771223297115557,0.10241574500858103,0.10241574500858103,1.0,0.0,0.0,0.0,6
core,ontology_split,ontology_refinement,True,EIC-Greedy,37,core,0.5021749050884805,0.0952328774426318,0.0952328774426318,1.0,0.0,0.0,0.0,6
core,ontology_split,ontology_refinement,True,EIC-Greedy,38,core,0.49635784217254314,0.0942369638182919,0.0942369638182919,1.0,0.0,0.0,0.0,6
core,ontology_split,ontology_refinement,True,EIC-Greedy,39,core,0.4955126255528497,0.10235482118713805,0.10235482118713805,1.0,0.0,0.0,0.0,6
core,ontology_split,ontology_refinement,True,EIC-Greedy,40,core,0.4886400899878469,0.10871360002968761,0.10871360002968761,1.0,0.0,0.0,0.0,6
core,ontology_split,ontology_refinement,True,EIC-Greedy,41,core,0.5011696430866092,0.0780264162234313,0.0780264162234313,1.0,0.0,0.0,0.0,6
core,ontology_split,ontology_refinement,True,EIC-Greedy,42,core,0.49783061854937993,0.09236209666128296,0.09236209666128296,1.0,0.0,0.0,0.0,6
core,ontology_split,ontology_refinement,True,EIC-Greedy,43,core,0.5004050252421391,0.08856000932190233,0.08856000932190233,1.0,0.0,0.0,0.0,6
core,ontology_split,ontology_refinement,True,EIC-Greedy,44,core,0.494520882388055,0.08165046718118694,0.08165046718118694,1.0,0.0,0.0,0.0,6
core,ontology_split,ontology_refinement,True,EIC-Greedy,45,core,0.49809253181239505,0.07408915034398784,0.07408915034398784,1.0,0.0,0.0,0.0,6
core,ontology_split,ontology_refinement,True,EIC-Greedy,46,core,0.4981318416129109,0.08168748022982517,0.08168748022982517,1.0,0.0,0.0,0.0,6
core,ontology_split,ontology_refinement,True,EIC-Greedy,47,core,0.4994146777495444,0.09053755103701892,0.09053755103701892,1.0,0.0,0.0,0.0,6
core,ontology_split,ontology_refinement,True,EIC-Greedy,48,core,0.4925063446166554,0.08376429102194494,0.08376429102194494,1.0,0.0,0.0,0.0,6
core,ontology_split,ontology_refinement,True,EIC-Greedy,49,core,0.49253082636936146,0.09549260792232564,0.09549260792232564,1.0,0.0,0.0,0.0,6
core,ontology_split,ontology_refinement,True,Oracle,0,core,0.49834935683925646,0.09992060891176957,0.09992060891176957,1.0,0.0,0.0,0.0,6
core,ontology_split,ontology_refinement,True,Oracle,1,core,0.4971541404893699,0.10349015846609176,0.10349015846609176,1.0,0.0,0.0,0.0,6
core,ontology_split,ontology_refinement,True,Oracle,2,core,0.49883195241948664,0.09474632753872107,0.09474632753872107,1.0,0.0,0.0,0.0,6
core,ontology_split,ontology_refinement,True,Oracle,3,core,0.4978887696875476,0.09284931894806613,0.09284931894806613,1.0,0.0,0.0,0.0,6
core,ontology_split,ontology_refinement,True,Oracle,4,core,0.4991495336917505,0.08685719517399963,0.08685719517399963,1.0,0.0,0.0,0.0,6
core,ontology_split,ontology_refinement,True,Oracle,5,core,0.4999626500375651,0.07277213755028435,0.07277213755028435,1.0,0.0,0.0,0.0,6
core,ontology_split,ontology_refinement,True,Oracle,6,core,0.4995149635368713,0.09506636667745012,0.09506636667745012,1.0,0.0,0.0,0.0,6
core,ontology_split,ontology_refinement,True,Oracle,7,core,0.4972537376977209,0.0953088397190808,0.0953088397190808,1.0,0.0,0.0,0.0,6
core,ontology_split,ontology_refinement,True,Oracle,8,core,0.4995481329269276,0.07872608591257513,0.07872608591257513,1.0,0.0,0.0,0.0,6
core,ontology_split,ontology_refinement,True,Oracle,9,core,0.4970507449959253,0.09435839998206527,0.09435839998206527,1.0,0.0,0.0,0.0,6
core,ontology_split,ontology_refinement,True,Oracle,10,core,0.49832909805846864,0.08805352097993244,0.08805352097993244,1.0,0.0,0.0,0.0,6
core,ontology_split,ontology_refinement,True,Oracle,11,core,0.4998731389493312,0.08952358195631493,0.08952358195631493,1.0,0.0,0.0,0.0,6
core,ontology_split,ontology_refinement,True,Oracle,12,core,0.4898688253961417,0.0805790656771419,0.0805790656771419,1.0,0.0,0.0,0.0,6
core,ontology_split,ontology_refinement,True,Oracle,13,core,0.4983787015777208,0.084789870181221,0.084789870181221,1.0,0.0,0.0,0.0,6
core,ontology_split,ontology_refinement,True,Oracle,14,core,0.49710617546637015,0.07584445859343864,0.07584445859343864,1.0,0.0,0.0,0.0,6
core,ontology_split,ontology_refinement,True,Oracle,15,core,0.49561283180011856,0.0870552807288613,0.0870552807288613,1.0,0.0,0.0,0.0,6
core,ontology_split,ontology_refinement,True,Oracle,16,core,0.5007325834146449,0.10384495607096633,0.10384495607096633,1.0,0.0,0.0,0.0,6
core,ontology_split,ontology_refinement,True,Oracle,17,core,0.49526464003626314,0.08030998673194442,0.08030998673194442,1.0,0.0,0.0,0.0,6
core,ontology_split,ontology_refinement,True,Oracle,18,core,0.49963899064712947,0.08406583258053535,0.08406583258053535,1.0,0.0,0.0,0.0,6
core,ontology_split,ontology_refinement,True,Oracle,19,core,0.49898071795335813,0.089310577237077,0.089310577237077,1.0,0.0,0.0,0.0,6
core,ontology_split,ontology_refinement,True,Oracle,20,core,0.4987896587986785,0.07930810946512748,0.07930810946512748,1.0,0.0,0.0,0.0,6
core,ontology_split,ontology_refinement,True,Oracle,21,core,0.4929917533483287,0.07049170590334401,0.07049170590334401,1.0,0.0,0.0,0.0,6
core,ontology_split,ontology_refinement,True,Oracle,22,core,0.4998815829897622,0.08323383133038997,0.08323383133038997,1.0,0.0,0.0,0.0,6
core,ontology_split,ontology_refinement,True,Oracle,23,core,0.49519768119250746,0.08587711686585182,0.08587711686585182,1.0,0.0,0.0,0.0,6
core,ontology_split,ontology_refinement,True,Oracle,24,core,0.4930347691431834,0.11026109408310607,0.11026109408310607,1.0,0.0,0.0,0.0,6
core,ontology_split,ontology_refinement,True,Oracle,25,core,0.4980528906884237,0.09144673780005601,0.09144673780005601,1.0,0.0,0.0,0.0,6
core,ontology_split,ontology_refinement,True,Oracle,26,core,0.4958359108800135,0.1040661181899184,0.1040661181899184,1.0,0.0,0.0,0.0,6
core,ontology_split,ontology_refinement,True,Oracle,27,core,0.4822181514943271,0.08666729125415655,0.08666729125415655,1.0,0.0,0.0,0.0,6
core,ontology_split,ontology_refinement,True,Oracle,28,core,0.4943918571979538,0.08435607560157783,0.08435607560157783,1.0,0.0,0.0,0.0,6
core,ontology_split,ontology_refinement,True,Oracle,29,core,0.49972805519661606,0.0845471474575421,0.0845471474575421,1.0,0.0,0.0,0.0,6
core,ontology_split,ontology_refinement,True,Oracle,30,core,0.49261853296414115,0.10068597386226764,0.10068597386226764,1.0,0.0,0.0,0.0,6
core,ontology_split,ontology_refinement,True,Oracle,31,core,0.49224538932945294,0.09864056628785711,0.09864056628785711,1.0,0.0,0.0,0.0,6
core,ontology_split,ontology_refinement,True,Oracle,32,core,0.4903590249994364,0.09339127582159897,0.09339127582159897,1.0,0.0,0.0,0.0,6
core,ontology_split,ontology_refinement,True,Oracle,33,core,0.49964064778348827,0.08658348329821935,0.08658348329821935,1.0,0.0,0.0,0.0,6
core,ontology_split,ontology_refinement,True,Oracle,34,core,0.4855336756679085,0.07770060290642643,0.07770060290642643,1.0,0.0,0.0,0.0,6
core,ontology_split,ontology_refinement,True,Oracle,35,core,0.49632729154340366,0.07060832108421475,0.07060832108421475,1.0,0.0,0.0,0.0,6
core,ontology_split,ontology_refinement,True,Oracle,36,core,0.48771223297115557,0.10241574500858103,0.10241574500858103,1.0,0.0,0.0,0.0,6
core,ontology_split,ontology_refinement,True,Oracle,37,core,0.5021749050884805,0.0952328774426318,0.0952328774426318,1.0,0.0,0.0,0.0,6
core,ontology_split,ontology_refinement,True,Oracle,38,core,0.49635784217254314,0.0942369638182919,0.0942369638182919,1.0,0.0,0.0,0.0,6
core,ontology_split,ontology_refinement,True,Oracle,39,core,0.4955126255528497,0.10235482118713805,0.10235482118713805,1.0,0.0,0.0,0.0,6
core,ontology_split,ontology_refinement,True,Oracle,40,core,0.4886400899878469,0.10871360002968761,0.10871360002968761,1.0,0.0,0.0,0.0,6
core,ontology_split,ontology_refinement,True,Oracle,41,core,0.5011696430866092,0.0780264162234313,0.0780264162234313,1.0,0.0,0.0,0.0,6
core,ontology_split,ontology_refinement,True,Oracle,42,core,0.49783061854937993,0.09236209666128296,0.09236209666128296,1.0,0.0,0.0,0.0,6
core,ontology_split,ontology_refinement,True,Oracle,43,core,0.5004050252421391,0.08856000932190233,0.08856000932190233,1.0,0.0,0.0,0.0,6
core,ontology_split,ontology_refinement,True,Oracle,44,core,0.494520882388055,0.08165046718118694,0.08165046718118694,1.0,0.0,0.0,0.0,6
core,ontology_split,ontology_refinement,True,Oracle,45,core,0.49809253181239505,0.07408915034398784,0.07408915034398784,1.0,0.0,0.0,0.0,6
core,ontology_split,ontology_refinement,True,Oracle,46,core,0.4981318416129109,0.08168748022982517,0.08168748022982517,1.0,0.0,0.0,0.0,6
core,ontology_split,ontology_refinement,True,Oracle,47,core,0.4994146777495444,0.09053755103701892,0.09053755103701892,1.0,0.0,0.0,0.0,6
core,ontology_split,ontology_refinement,True,Oracle,48,core,0.4925063446166554,0.08376429102194494,0.08376429102194494,1.0,0.0,0.0,0.0,6
core,ontology_split,ontology_refinement,True,Oracle,49,core,0.49253082636936146,0.09549260792232564,0.09549260792232564,1.0,0.0,0.0,0.0,6
core,causal_relation,relation_revision,False,Fixed-Frame,0,core,0.37825772779693184,1.6437001190279752,1.6437001190279752,0.0,0.0,0.0,0.0,2
core,causal_relation,relation_revision,False,Fixed-Frame,1,core,0.4045236966130505,1.472043067866444,1.472043067866444,0.0,0.0,0.0,0.0,2
core,causal_relation,relation_revision,False,Fixed-Frame,2,core,0.391641581892504,1.5533550221295847,1.5533550221295847,0.0,0.0,0.0,0.0,2
core,causal_relation,relation_revision,False,Fixed-Frame,3,core,0.3740591850680487,1.6733737331381946,1.6733737331381946,0.0,0.0,0.0,0.0,2
core,causal_relation,relation_revision,False,Fixed-Frame,4,core,0.3831695219233478,1.6098109134057061,1.6098109134057061,0.0,0.0,0.0,0.0,2
core,causal_relation,relation_revision,False,Fixed-Frame,5,core,0.4082412445239661,1.4495320191522059,1.4495320191522059,0.0,0.0,0.0,0.0,2
core,causal_relation,relation_revision,False,Fixed-Frame,6,core,0.36349261746409833,1.7510875103227337,1.7510875103227337,0.0,0.0,0.0,0.0,2
core,causal_relation,relation_revision,False,Fixed-Frame,7,core,0.399635579528791,1.5022797048728667,1.5022797048728667,0.0,0.0,0.0,0.0,2
core,causal_relation,relation_revision,False,Fixed-Frame,8,core,0.40527311669911786,1.4674718326861491,1.4674718326861491,0.0,0.0,0.0,0.0,2
core,causal_relation,relation_revision,False,Fixed-Frame,9,core,0.3777416284471502,1.6473121432521964,1.6473121432521964,0.0,0.0,0.0,0.0,2
core,causal_relation,relation_revision,False,Fixed-Frame,10,core,0.392481391071452,1.5478914994416844,1.5478914994416844,0.0,0.0,0.0,0.0,2
core,causal_relation,relation_revision,False,Fixed-Frame,11,core,0.40010877760615526,1.499320324795134,1.499320324795134,0.0,0.0,0.0,0.0,2
core,causal_relation,relation_revision,False,Fixed-Frame,12,core,0.39678408529958864,1.520262372027744,1.520262372027744,0.0,0.0,0.0,0.0,2
core,causal_relation,relation_revision,False,Fixed-Frame,13,core,0.3824165330379286,1.6149497043340921,1.6149497043340921,0.0,0.0,0.0,0.0,2
core,causal_relation,relation_revision,False,Fixed-Frame,14,core,0.3855439977951892,1.5937376945788306,1.5937376945788306,0.0,0.0,0.0,0.0,2
core,causal_relation,relation_revision,False,Fixed-Frame,15,core,0.377172453635416,1.6513070887372492,1.6513070887372492,0.0,0.0,0.0,0.0,2
core,causal_relation,relation_revision,False,Fixed-Frame,16,core,0.3960251272145375,1.5250923016767899,1.5250923016767899,0.0,0.0,0.0,0.0,2
core,causal_relation,relation_revision,False,Fixed-Frame,17,core,0.3809726509231172,1.6248603346643022,1.6248603346643022,0.0,0.0,0.0,0.0,2
core,causal_relation,relation_revision,False,Fixed-Frame,18,core,0.38159779040202313,1.620560247339153,1.620560247339153,0.0,0.0,0.0,0.0,2
core,causal_relation,relation_revision,False,Fixed-Frame,19,core,0.40671729720952465,1.4587102807305476,1.4587102807305476,0.0,0.0,0.0,0.0,2
core,causal_relation,relation_revision,False,Fixed-Frame,20,core,0.390212685660448,1.5627049984483892,1.5627049984483892,0.0,0.0,0.0,0.0,2
core,causal_relation,relation_revision,False,Fixed-Frame,21,core,0.39679145941342253,1.5202155345740092,1.5202155345740092,0.0,0.0,0.0,0.0,2
core,causal_relation,relation_revision,False,Fixed-Frame,22,core,0.38597994272576586,1.5908081983174136,1.5908081983174136,0.0,0.0,0.0,0.0,2
core,causal_relation,relation_revision,False,Fixed-Frame,23,core,0.378485354453435,1.6421101589098075,1.6421101589098075,0.0,0.0,0.0,0.0,2
core,causal_relation,relation_revision,False,Fixed-Frame,24,core,0.4055166612841599,1.4659899221730488,1.4659899221730488,0.0,0.0,0.0,0.0,2
core,causal_relation,relation_revision,False,Fixed-Frame,25,core,0.3867013681732171,1.5859748175291302,1.5859748175291302,0.0,0.0,0.0,0.0,2
core,causal_relation,relation_revision,False,Fixed-Frame,26,core,0.39608381806107684,1.524718138941486,1.524718138941486,0.0,0.0,0.0,0.0,2
core,causal_relation,relation_revision,False,Fixed-Frame,27,core,0.377698791396137,1.6476123905601352,1.6476123905601352,0.0,0.0,0.0,0.0,2
core,causal_relation,relation_revision,False,Fixed-Frame,28,core,0.4003799433901045,1.4976276072492076,1.4976276072492076,0.0,0.0,0.0,0.0,2
core,causal_relation,relation_revision,False,Fixed-Frame,29,core,0.40331148947762274,1.4794731270741142,1.4794731270741142,0.0,0.0,0.0,0.0,2
core,causal_relation,relation_revision,False,Fixed-Frame,30,core,0.3814790858609949,1.6213756849684406,1.6213756849684406,0.0,0.0,0.0,0.0,2
core,causal_relation,relation_revision,False,Fixed-Frame,31,core,0.39853504858758654,1.5091896021291307,1.5091896021291307,0.0,0.0,0.0,0.0,2
core,causal_relation,relation_revision,False,Fixed-Frame,32,core,0.412787516840484,1.4225538786979262,1.4225538786979262,0.0,0.0,0.0,0.0,2
core,causal_relation,relation_revision,False,Fixed-Frame,33,core,0.40253045694575074,1.4842840653291745,1.4842840653291745,0.0,0.0,0.0,0.0,2
core,causal_relation,relation_revision,False,Fixed-Frame,34,core,0.40941905059198586,1.4424852691981072,1.4424852691981072,0.0,0.0,0.0,0.0,2
core,causal_relation,relation_revision,False,Fixed-Frame,35,core,0.37530852647121404,1.6644745042228597,1.6644745042228597,0.0,0.0,0.0,0.0,2
core,causal_relation,relation_revision,False,Fixed-Frame,36,core,0.38661391804464734,1.5865597520586854,1.5865597520586854,0.0,0.0,0.0,0.0,2
core,causal_relation,relation_revision,False,Fixed-Frame,37,core,0.38862543774304475,1.5731717558365028,1.5731717558365028,0.0,0.0,0.0,0.0,2
core,causal_relation,relation_revision,False,Fixed-Frame,38,core,0.3648184208773661,1.7410896565887786,1.7410896565887786,0.0,0.0,0.0,0.0,2
core,causal_relation,relation_revision,False,Fixed-Frame,39,core,0.4056091253668785,1.4654277664376696,1.4654277664376696,0.0,0.0,0.0,0.0,2
core,causal_relation,relation_revision,False,Fixed-Frame,40,core,0.39191304580089587,1.5515864060009665,1.5515864060009665,0.0,0.0,0.0,0.0,2
core,causal_relation,relation_revision,False,Fixed-Frame,41,core,0.41075969878664464,1.4345134222123783,1.4345134222123783,0.0,0.0,0.0,0.0,2
core,causal_relation,relation_revision,False,Fixed-Frame,42,core,0.394797750441073,1.5329424974757009,1.5329424974757009,0.0,0.0,0.0,0.0,2
core,causal_relation,relation_revision,False,Fixed-Frame,43,core,0.39905095915016314,1.505945611882866,1.505945611882866,0.0,0.0,0.0,0.0,2
core,causal_relation,relation_revision,False,Fixed-Frame,44,core,0.40225229722210964,1.486001961718655,1.486001961718655,0.0,0.0,0.0,0.0,2
core,causal_relation,relation_revision,False,Fixed-Frame,45,core,0.39217182077451135,1.549902739123559,1.549902739123559,0.0,0.0,0.0,0.0,2
core,causal_relation,relation_revision,False,Fixed-Frame,46,core,0.3971760567395938,1.517775135311453,1.517775135311453,0.0,0.0,0.0,0.0,2
core,causal_relation,relation_revision,False,Fixed-Frame,47,core,0.38772202830036057,1.5791673596252822,1.5791673596252822,0.0,0.0,0.0,0.0,2
core,causal_relation,relation_revision,False,Fixed-Frame,48,core,0.3914256848688511,1.5547633654522552,1.5547633654522552,0.0,0.0,0.0,0.0,2
core,causal_relation,relation_revision,False,Fixed-Frame,49,core,0.4053334013514717,1.467104849158193,1.467104849158193,0.0,0.0,0.0,0.0,2
core,causal_relation,relation_revision,False,Random-Edit,0,core,0.37825772779693184,1.6437001190279752,1.6437001190279752,0.0,0.0,0.0,0.0,2
core,causal_relation,relation_revision,False,Random-Edit,1,core,0.9996819606027347,0.0003181405785031619,1.472043067866444,1.0,1.0,1.0,0.2975791319948421,2
core,causal_relation,relation_revision,False,Random-Edit,2,core,0.391641581892504,1.5533550221295847,1.5533550221295847,0.0,0.0,0.0,0.0,2
core,causal_relation,relation_revision,False,Random-Edit,3,core,0.9988680920339683,0.001133190633536739,1.6733737331381946,1.0,1.0,1.0,0.3124044534829598,2
core,causal_relation,relation_revision,False,Random-Edit,4,core,0.3831695219233478,1.6098109134057061,1.6098109134057061,0.0,0.0,0.0,0.0,2
core,causal_relation,relation_revision,False,Random-Edit,5,core,0.9999950135151724,4.986509692641047e-06,1.4495320191522059,1.0,1.0,1.0,0.2958768844956031,2
core,causal_relation,relation_revision,False,Random-Edit,6,core,0.36349261746409833,1.7510875103227337,1.7510875103227337,0.0,0.0,0.0,0.0,2
core,causal_relation,relation_revision,False,Random-Edit,7,core,0.399635579528791,1.5022797048728667,1.5022797048728667,0.0,0.0,0.0,0.0,2
core,causal_relation,relation_revision,False,Random-Edit,8,core,0.40527311669911786,1.4674718326861491,1.4674718326861491,0.0,0.0,0.0,0.0,2
core,causal_relation,relation_revision,False,Random-Edit,9,core,0.3777416284471502,1.6473121432521964,1.6473121432521964,0.0,0.0,0.0,0.0,2
core,causal_relation,relation_revision,False,Random-Edit,10,core,0.392481391071452,1.5478914994416844,1.5478914994416844,0.0,0.0,0.0,0.0,2
core,causal_relation,relation_revision,False,Random-Edit,11,core,0.40010877760615526,1.499320324795134,1.499320324795134,0.0,0.0,0.0,0.0,2
core,causal_relation,relation_revision,False,Random-Edit,12,core,0.39678408529958864,1.520262372027744,1.520262372027744,0.0,0.0,0.0,0.0,2
core,causal_relation,relation_revision,False,Random-Edit,13,core,0.3824165330379286,1.6149497043340921,1.6149497043340921,0.0,0.0,0.0,0.0,2
core,causal_relation,relation_revision,False,Random-Edit,14,core,0.9999978468300103,2.1531746260209955e-06,1.5937376945788306,1.0,1.0,1.0,0.3072269245174105,2
core,causal_relation,relation_revision,False,Random-Edit,15,core,0.9864570955372182,0.013728832732868694,1.6513070887372492,1.0,1.0,1.0,0.30464232095090105,2
core,causal_relation,relation_revision,False,Random-Edit,16,core,0.3960251272145375,1.5250923016767899,1.5250923016767899,0.0,0.0,0.0,0.0,2
core,causal_relation,relation_revision,False,Random-Edit,17,core,0.9999923932280542,7.606829809247883e-06,1.6248603346643022,1.0,1.0,1.0,0.30950987115246853,2
core,causal_relation,relation_revision,False,Random-Edit,18,core,0.38159779040202313,1.620560247339153,1.620560247339153,0.0,0.0,0.0,0.0,2
core,causal_relation,relation_revision,False,Random-Edit,19,core,0.40671729720952465,1.4587102807305476,1.4587102807305476,0.0,0.0,0.0,0.0,2
core,causal_relation,relation_revision,False,Random-Edit,20,core,0.9975531251805781,0.002452876701658333,1.5627049984483892,1.0,1.0,1.0,0.3036702197600651,2
core,causal_relation,relation_revision,False,Random-Edit,21,core,0.9998129955726115,0.00018703940458532323,1.5202155345740092,1.0,1.0,1.0,0.3015107680795945,2
core,causal_relation,relation_revision,False,Random-Edit,22,core,0.998297767545228,0.0017051349908931697,1.5908081983174136,1.0,1.0,1.0,0.3061589124097311,2
core,causal_relation,relation_revision,False,Random-Edit,23,core,0.378485354453435,1.6421101589098075,1.6421101589098075,0.0,0.0,0.0,0.0,2
core,causal_relation,relation_revision,False,Random-Edit,24,core,0.4055166612841599,1.4659899221730488,1.4659899221730488,0.0,0.0,0.0,0.0,2
core,causal_relation,relation_revision,False,Random-Edit,25,core,0.9986585497300722,0.0013432521759217054,1.5859748175291302,1.0,1.0,1.0,0.30597859077842754,2
core,causal_relation,relation_revision,False,Random-Edit,26,core,0.9864467874688038,0.013739425890344645,1.524718138941486,1.0,1.0,1.0,0.29518148470386346,2
core,causal_relation,relation_revision,False,Random-Edit,27,core,0.9939774158595237,0.006059075432079421,1.6476123905601352,1.0,1.0,1.0,0.30813931223169333,2
core,causal_relation,relation_revision,False,Random-Edit,28,core,0.9982170967850579,0.0017860876363312188,1.4976276072492076,1.0,1.0,1.0,0.2989185766974767,2
core,causal_relation,relation_revision,False,Random-Edit,29,core,0.40331148947762274,1.4794731270741142,1.4794731270741142,0.0,0.0,0.0,0.0,2
core,causal_relation,relation_revision,False,Random-Edit,30,core,0.3814790858609949,1.6213756849684406,1.6213756849684406,0.0,0.0,0.0,0.0,2
core,causal_relation,relation_revision,False,Random-Edit,31,core,0.39853504858758654,1.5091896021291307,1.5091896021291307,0.0,0.0,0.0,0.0,2
core,causal_relation,relation_revision,False,Random-Edit,32,core,0.9992748887346141,0.0007256374332634095,1.4225538786979262,1.0,1.0,1.0,0.29324368594706507,2
core,causal_relation,relation_revision,False,Random-Edit,33,core,0.9997352440190173,0.0002648260952752372,1.4842840653291745,1.0,1.0,1.0,0.29860239353663326,2
core,causal_relation,relation_revision,False,Random-Edit,34,core,0.9956018981179806,0.004417530631804959,1.4424852691981072,1.0,1.0,1.0,0.29309142376299735,2
core,causal_relation,relation_revision,False,Random-Edit,35,core,0.37530852647121404,1.6644745042228597,1.6644745042228597,0.0,0.0,0.0,0.0,2
core,causal_relation,relation_revision,False,Random-Edit,36,core,0.9959561286403283,0.004060290652754274,1.5865597520586854,1.0,1.0,1.0,0.30467110529784047,2
core,causal_relation,relation_revision,False,Random-Edit,37,core,0.38862543774304475,1.5731717558365028,1.5731717558365028,0.0,0.0,0.0,0.0,2
core,causal_relation,relation_revision,False,Random-Edit,38,core,0.3648184208773661,1.7410896565887786,1.7410896565887786,0.0,0.0,0.0,0.0,2
core,causal_relation,relation_revision,False,Random-Edit,39,core,0.4056091253668785,1.4654277664376696,1.4654277664376696,0.0,0.0,0.0,0.0,2
core,causal_relation,relation_revision,False,Random-Edit,40,core,0.9992898738047888,0.0007106308327807135,1.5515864060009665,1.0,1.0,1.0,0.30368841400194646,2
core,causal_relation,relation_revision,False,Random-Edit,41,core,0.999286937795324,0.0007135710252043513,1.4345134222123783,1.0,1.0,1.0,0.29426361950433966,2
core,causal_relation,relation_revision,False,Random-Edit,42,core,0.394797750441073,1.5329424974757009,1.5329424974757009,0.0,0.0,0.0,0.0,2
core,causal_relation,relation_revision,False,Random-Edit,43,core,0.9978931004209339,0.002111347977230595,1.505945611882866,1.0,1.0,1.0,0.29942107063538537,2
core,causal_relation,relation_revision,False,Random-Edit,44,core,0.983671727861772,0.016599310192355714,1.486001961718655,1.0,1.0,1.0,0.2907097153198312,2
core,causal_relation,relation_revision,False,Random-Edit,45,core,0.39217182077451135,1.549902739123559,1.549902739123559,0.0,0.0,0.0,0.0,2
core,causal_relation,relation_revision,False,Random-Edit,46,core,0.3971760567395938,1.517775135311453,1.517775135311453,0.0,0.0,0.0,0.0,2
core,causal_relation,relation_revision,False,Random-Edit,47,core,0.9952867082234541,0.004735612098104838,1.5791673596252822,1.0,1.0,1.0,0.3037823399615468,2
core,causal_relation,relation_revision,False,Random-Edit,48,core,0.3914256848688511,1.5547633654522552,1.5547633654522552,0.0,0.0,0.0,0.0,2
core,causal_relation,relation_revision,False,Random-Edit,49,core,0.9855911148152168,0.014619536406316734,1.467104849158193,1.0,1.0,1.0,0.2901288567318725,2
core,causal_relation,relation_revision,False,Flat-Search,0,core,0.998555106859399,0.0014469838776805131,1.6437001190279752,1.0,1.0,1.0,0.31014868953123353,2
core,causal_relation,relation_revision,False,Flat-Search,1,core,0.9996819606027347,0.0003181405785031619,1.472043067866444,1.0,1.0,1.0,0.2975791319948421,2
core,causal_relation,relation_revision,False,Flat-Search,2,core,0.9996504985633781,0.0003496236305831747,1.5533550221295847,1.0,1.0,1.0,0.30400445833543704,2
core,causal_relation,relation_revision,False,Flat-Search,3,core,0.9988680920339683,0.001133190633536739,1.6733737331381946,1.0,1.0,1.0,0.3124044534829598,2
core,causal_relation,relation_revision,False,Flat-Search,4,core,0.999136293785697,0.0008644528475994697,1.6098109134057061,1.0,1.0,1.0,0.3079833859311746,2
core,causal_relation,relation_revision,False,Flat-Search,5,core,0.9999950135151724,4.986509692641047e-06,1.4495320191522059,1.0,1.0,1.0,0.2958768844956031,2
core,causal_relation,relation_revision,False,Flat-Search,6,core,0.9937446407162792,0.006294735113451194,1.7510875103227337,1.0,1.0,1.0,0.31512601162609044,2
core,causal_relation,relation_revision,False,Flat-Search,7,core,0.9717544714534884,0.02906652799267681,1.5022797048728667,1.0,1.0,1.0,0.28605944596234867,2
core,causal_relation,relation_revision,False,Flat-Search,8,core,0.9969007328716983,0.0031089024474621955,1.4674718326861491,1.0,1.0,1.0,0.2958138080862902,2
core,causal_relation,relation_revision,False,Flat-Search,9,core,0.9998386942576358,0.00016133176610451833,1.6473121432521964,1.0,1.0,1.0,0.3110485329052428,2
core,causal_relation,relation_revision,False,Flat-Search,10,core,0.9983905140203694,0.0016120806007555106,1.5478914994416844,1.0,1.0,1.0,0.30295456147445865,2
core,causal_relation,relation_revision,False,Flat-Search,11,core,0.989687300928136,0.010420159036286328,1.499320324795134,1.0,1.0,1.0,0.29478926166099034,2
core,causal_relation,relation_revision,False,Flat-Search,12,core,0.996800423763007,0.003209846385211515,1.520262372027744,1.0,1.0,1.0,0.3000081692317092,2
core,causal_relation,relation_revision,False,Flat-Search,13,core,0.9939203402015534,0.006116848154263374,1.6149497043340921,1.0,1.0,1.0,0.30575190358181237,2
core,causal_relation,relation_revision,False,Flat-Search,14,core,0.9999978468300103,2.1531746260209955e-06,1.5937376945788306,1.0,1.0,1.0,0.3072269245174105,2
core,causal_relation,relation_revision,False,Flat-Search,15,core,0.9864570955372182,0.013728832732868694,1.6513070887372492,1.0,1.0,1.0,0.30464232095090105,2
core,causal_relation,relation_revision,False,Flat-Search,16,core,0.9889970130796812,0.011125399546006842,1.5250923016767899,1.0,1.0,1.0,0.2964859429325719,2
core,causal_relation,relation_revision,False,Flat-Search,17,core,0.9999923932280542,7.606829809247883e-06,1.6248603346643022,1.0,1.0,1.0,0.30950987115246853,2
core,causal_relation,relation_revision,False,Flat-Search,18,core,0.9986343031464265,0.0013675645321520008,1.620560247339153,1.0,1.0,1.0,0.3085182563722017,2
core,causal_relation,relation_revision,False,Flat-Search,19,core,0.9982725182008556,0.001730471156571302,1.4587102807305476,1.0,1.0,1.0,0.2957776104956655,2
core,causal_relation,relation_revision,False,Flat-Search,20,core,0.9975531251805781,0.002452876701658333,1.5627049984483892,1.0,1.0,1.0,0.3036702197600651,2
core,causal_relation,relation_revision,False,Flat-Search,21,core,0.9998129955726115,0.00018703940458532323,1.5202155345740092,1.0,1.0,1.0,0.3015107680795945,2
core,causal_relation,relation_revision,False,Flat-Search,22,core,0.998297767545228,0.0017051349908931697,1.5908081983174136,1.0,1.0,1.0,0.3061589124097311,2
core,causal_relation,relation_revision,False,Flat-Search,23,core,0.9851309179323058,0.015093508687051296,1.6421101589098075,1.0,1.0,1.0,0.3033227817394354,2
core,causal_relation,relation_revision,False,Flat-Search,24,core,0.9991262972787649,0.0008744667452100967,1.4659899221730488,1.0,1.0,1.0,0.2968048179973025,2
core,causal_relation,relation_revision,False,Flat-Search,25,core,0.9986585497300722,0.0013432521759217054,1.5859748175291302,1.0,1.0,1.0,0.30597859077842754,2
core,causal_relation,relation_revision,False,Flat-Search,26,core,0.9864467874688038,0.013739425890344645,1.524718138941486,1.0,1.0,1.0,0.29518148470386346,2
core,causal_relation,relation_revision,False,Flat-Search,27,core,0.9939774158595237,0.006059075432079421,1.6476123905601352,1.0,1.0,1.0,0.30813931223169333,2
core,causal_relation,relation_revision,False,Flat-Search,28,core,0.9982170967850579,0.0017860876363312188,1.4976276072492076,1.0,1.0,1.0,0.2989185766974767,2
core,causal_relation,relation_revision,False,Flat-Search,29,core,0.9991181210085709,0.0008826573884366469,1.4794731270741142,1.0,1.0,1.0,0.2979033157654741,2
core,causal_relation,relation_revision,False,Flat-Search,30,core,0.9999826629032939,1.7337397286199927e-05,1.6213756849684406,1.0,1.0,1.0,0.3092517885211495,2
core,causal_relation,relation_revision,False,Flat-Search,31,core,0.99526642055257,0.0047560927905132945,1.5091896021291307,1.0,1.0,1.0,0.2983656859824917,2
core,causal_relation,relation_revision,False,Flat-Search,32,core,0.9992748887346141,0.0007256374332634095,1.4225538786979262,1.0,1.0,1.0,0.29324368594706507,2
core,causal_relation,relation_revision,False,Flat-Search,33,core,0.9997352440190173,0.0002648260952752372,1.4842840653291745,1.0,1.0,1.0,0.29860239353663326,2
core,causal_relation,relation_revision,False,Flat-Search,34,core,0.9956018981179806,0.004417530631804959,1.4424852691981072,1.0,1.0,1.0,0.29309142376299735,2
core,causal_relation,relation_revision,False,Flat-Search,35,core,0.993929323454773,0.00610775474872415,1.6644745042228597,1.0,1.0,1.0,0.3093103984917795,2
core,causal_relation,relation_revision,False,Flat-Search,36,core,0.9959561286403283,0.004060290652754274,1.5865597520586854,1.0,1.0,1.0,0.30467110529784047,2
core,causal_relation,relation_revision,False,Flat-Search,37,core,0.9756612765856978,0.024945874145456494,1.5731717558365028,1.0,1.0,1.0,0.29351791942132655,2
core,causal_relation,relation_revision,False,Flat-Search,38,core,0.9993051461792203,0.0006953369783357773,1.7410896565887786,1.0,1.0,1.0,0.3172433626509271,2
core,causal_relation,relation_revision,False,Flat-Search,39,core,0.999999254804748,7.451958073353467e-07,1.4654277664376696,1.0,1.0,1.0,0.29719506471893475,2
core,causal_relation,relation_revision,False,Flat-Search,40,core,0.9992898738047888,0.0007106308327807135,1.5515864060009665,1.0,1.0,1.0,0.30368841400194646,2
core,causal_relation,relation_revision,False,Flat-Search,41,core,0.999286937795324,0.0007135710252043513,1.4345134222123783,1.0,1.0,1.0,0.29426361950433966,2
core,causal_relation,relation_revision,False,Flat-Search,42,core,0.9999999953552989,4.644701042160851e-09,1.5329424974757009,1.0,1.0,1.0,0.30260112245711296,2
core,causal_relation,relation_revision,False,Flat-Search,43,core,0.9978931004209339,0.002111347977230595,1.505945611882866,1.0,1.0,1.0,0.29942107063538537,2
core,causal_relation,relation_revision,False,Flat-Search,44,core,0.983671727861772,0.016599310192355714,1.486001961718655,1.0,1.0,1.0,0.2907097153198312,2
core,causal_relation,relation_revision,False,Flat-Search,45,core,0.9971969497228532,0.0028109294537311106,1.549902739123559,1.0,1.0,1.0,0.30251256447417096,2
core,causal_relation,relation_revision,False,Flat-Search,46,core,0.9854666413338826,0.014747692165861248,1.517775135311453,1.0,1.0,1.0,0.2941452922971444,2
core,causal_relation,relation_revision,False,Flat-Search,47,core,0.9952867082234541,0.004735612098104838,1.5791673596252822,1.0,1.0,1.0,0.3037823399615468,2
core,causal_relation,relation_revision,False,Flat-Search,48,core,0.9985117038275345,0.001490514499490144,1.5547633654522552,1.0,1.0,1.0,0.3035430094793417,2
core,causal_relation,relation_revision,False,Flat-Search,49,core,0.9855911148152168,0.014619536406316734,1.467104849158193,1.0,1.0,1.0,0.2901288567318725,2
core,causal_relation,relation_revision,False,MDL-Flat,0,core,0.998555106859399,0.0014469838776805131,1.6437001190279752,1.0,1.0,1.0,0.31014868953123353,2
core,causal_relation,relation_revision,False,MDL-Flat,1,core,0.9996819606027347,0.0003181405785031619,1.472043067866444,1.0,1.0,1.0,0.2975791319948421,2
core,causal_relation,relation_revision,False,MDL-Flat,2,core,0.9996504985633781,0.0003496236305831747,1.5533550221295847,1.0,1.0,1.0,0.30400445833543704,2
core,causal_relation,relation_revision,False,MDL-Flat,3,core,0.9988680920339683,0.001133190633536739,1.6733737331381946,1.0,1.0,1.0,0.3124044534829598,2
core,causal_relation,relation_revision,False,MDL-Flat,4,core,0.999136293785697,0.0008644528475994697,1.6098109134057061,1.0,1.0,1.0,0.3079833859311746,2
core,causal_relation,relation_revision,False,MDL-Flat,5,core,0.9999950135151724,4.986509692641047e-06,1.4495320191522059,1.0,1.0,1.0,0.2958768844956031,2
core,causal_relation,relation_revision,False,MDL-Flat,6,core,0.9937446407162792,0.006294735113451194,1.7510875103227337,1.0,1.0,1.0,0.31512601162609044,2
core,causal_relation,relation_revision,False,MDL-Flat,7,core,0.9717544714534884,0.02906652799267681,1.5022797048728667,1.0,1.0,1.0,0.28605944596234867,2
core,causal_relation,relation_revision,False,MDL-Flat,8,core,0.9969007328716983,0.0031089024474621955,1.4674718326861491,1.0,1.0,1.0,0.2958138080862902,2
core,causal_relation,relation_revision,False,MDL-Flat,9,core,0.9998386942576358,0.00016133176610451833,1.6473121432521964,1.0,1.0,1.0,0.3110485329052428,2
core,causal_relation,relation_revision,False,MDL-Flat,10,core,0.9983905140203694,0.0016120806007555106,1.5478914994416844,1.0,1.0,1.0,0.30295456147445865,2
core,causal_relation,relation_revision,False,MDL-Flat,11,core,0.989687300928136,0.010420159036286328,1.499320324795134,1.0,1.0,1.0,0.29478926166099034,2
core,causal_relation,relation_revision,False,MDL-Flat,12,core,0.996800423763007,0.003209846385211515,1.520262372027744,1.0,1.0,1.0,0.3000081692317092,2
core,causal_relation,relation_revision,False,MDL-Flat,13,core,0.9939203402015534,0.006116848154263374,1.6149497043340921,1.0,1.0,1.0,0.30575190358181237,2
core,causal_relation,relation_revision,False,MDL-Flat,14,core,0.9999978468300103,2.1531746260209955e-06,1.5937376945788306,1.0,1.0,1.0,0.3072269245174105,2
core,causal_relation,relation_revision,False,MDL-Flat,15,core,0.9864570955372182,0.013728832732868694,1.6513070887372492,1.0,1.0,1.0,0.30464232095090105,2
core,causal_relation,relation_revision,False,MDL-Flat,16,core,0.9889970130796812,0.011125399546006842,1.5250923016767899,1.0,1.0,1.0,0.2964859429325719,2
core,causal_relation,relation_revision,False,MDL-Flat,17,core,0.9999923932280542,7.606829809247883e-06,1.6248603346643022,1.0,1.0,1.0,0.30950987115246853,2
core,causal_relation,relation_revision,False,MDL-Flat,18,core,0.9986343031464265,0.0013675645321520008,1.620560247339153,1.0,1.0,1.0,0.3085182563722017,2
core,causal_relation,relation_revision,False,MDL-Flat,19,core,0.9982725182008556,0.001730471156571302,1.4587102807305476,1.0,1.0,1.0,0.2957776104956655,2
core,causal_relation,relation_revision,False,MDL-Flat,20,core,0.9975531251805781,0.002452876701658333,1.5627049984483892,1.0,1.0,1.0,0.3036702197600651,2
core,causal_relation,relation_revision,False,MDL-Flat,21,core,0.9998129955726115,0.00018703940458532323,1.5202155345740092,1.0,1.0,1.0,0.3015107680795945,2
core,causal_relation,relation_revision,False,MDL-Flat,22,core,0.998297767545228,0.0017051349908931697,1.5908081983174136,1.0,1.0,1.0,0.3061589124097311,2
core,causal_relation,relation_revision,False,MDL-Flat,23,core,0.9851309179323058,0.015093508687051296,1.6421101589098075,1.0,1.0,1.0,0.3033227817394354,2
core,causal_relation,relation_revision,False,MDL-Flat,24,core,0.9991262972787649,0.0008744667452100967,1.4659899221730488,1.0,1.0,1.0,0.2968048179973025,2
core,causal_relation,relation_revision,False,MDL-Flat,25,core,0.9986585497300722,0.0013432521759217054,1.5859748175291302,1.0,1.0,1.0,0.30597859077842754,2
core,causal_relation,relation_revision,False,MDL-Flat,26,core,0.9864467874688038,0.013739425890344645,1.524718138941486,1.0,1.0,1.0,0.29518148470386346,2
core,causal_relation,relation_revision,False,MDL-Flat,27,core,0.9939774158595237,0.006059075432079421,1.6476123905601352,1.0,1.0,1.0,0.30813931223169333,2
core,causal_relation,relation_revision,False,MDL-Flat,28,core,0.9982170967850579,0.0017860876363312188,1.4976276072492076,1.0,1.0,1.0,0.2989185766974767,2
core,causal_relation,relation_revision,False,MDL-Flat,29,core,0.9991181210085709,0.0008826573884366469,1.4794731270741142,1.0,1.0,1.0,0.2979033157654741,2
core,causal_relation,relation_revision,False,MDL-Flat,30,core,0.9999826629032939,1.7337397286199927e-05,1.6213756849684406,1.0,1.0,1.0,0.3092517885211495,2
core,causal_relation,relation_revision,False,MDL-Flat,31,core,0.99526642055257,0.0047560927905132945,1.5091896021291307,1.0,1.0,1.0,0.2983656859824917,2
core,causal_relation,relation_revision,False,MDL-Flat,32,core,0.9992748887346141,0.0007256374332634095,1.4225538786979262,1.0,1.0,1.0,0.29324368594706507,2
core,causal_relation,relation_revision,False,MDL-Flat,33,core,0.9997352440190173,0.0002648260952752372,1.4842840653291745,1.0,1.0,1.0,0.29860239353663326,2
core,causal_relation,relation_revision,False,MDL-Flat,34,core,0.9956018981179806,0.004417530631804959,1.4424852691981072,1.0,1.0,1.0,0.29309142376299735,2
core,causal_relation,relation_revision,False,MDL-Flat,35,core,0.993929323454773,0.00610775474872415,1.6644745042228597,1.0,1.0,1.0,0.3093103984917795,2
core,causal_relation,relation_revision,False,MDL-Flat,36,core,0.9959561286403283,0.004060290652754274,1.5865597520586854,1.0,1.0,1.0,0.30467110529784047,2
core,causal_relation,relation_revision,False,MDL-Flat,37,core,0.9756612765856978,0.024945874145456494,1.5731717558365028,1.0,1.0,1.0,0.29351791942132655,2
core,causal_relation,relation_revision,False,MDL-Flat,38,core,0.9993051461792203,0.0006953369783357773,1.7410896565887786,1.0,1.0,1.0,0.3172433626509271,2
core,causal_relation,relation_revision,False,MDL-Flat,39,core,0.999999254804748,7.451958073353467e-07,1.4654277664376696,1.0,1.0,1.0,0.29719506471893475,2
core,causal_relation,relation_revision,False,MDL-Flat,40,core,0.9992898738047888,0.0007106308327807135,1.5515864060009665,1.0,1.0,1.0,0.30368841400194646,2
core,causal_relation,relation_revision,False,MDL-Flat,41,core,0.999286937795324,0.0007135710252043513,1.4345134222123783,1.0,1.0,1.0,0.29426361950433966,2
core,causal_relation,relation_revision,False,MDL-Flat,42,core,0.9999999953552989,4.644701042160851e-09,1.5329424974757009,1.0,1.0,1.0,0.30260112245711296,2
core,causal_relation,relation_revision,False,MDL-Flat,43,core,0.9978931004209339,0.002111347977230595,1.505945611882866,1.0,1.0,1.0,0.29942107063538537,2
core,causal_relation,relation_revision,False,MDL-Flat,44,core,0.983671727861772,0.016599310192355714,1.486001961718655,1.0,1.0,1.0,0.2907097153198312,2
core,causal_relation,relation_revision,False,MDL-Flat,45,core,0.9971969497228532,0.0028109294537311106,1.549902739123559,1.0,1.0,1.0,0.30251256447417096,2
core,causal_relation,relation_revision,False,MDL-Flat,46,core,0.9854666413338826,0.014747692165861248,1.517775135311453,1.0,1.0,1.0,0.2941452922971444,2
core,causal_relation,relation_revision,False,MDL-Flat,47,core,0.9952867082234541,0.004735612098104838,1.5791673596252822,1.0,1.0,1.0,0.3037823399615468,2
core,causal_relation,relation_revision,False,MDL-Flat,48,core,0.9985117038275345,0.001490514499490144,1.5547633654522552,1.0,1.0,1.0,0.3035430094793417,2
core,causal_relation,relation_revision,False,MDL-Flat,49,core,0.9855911148152168,0.014619536406316734,1.467104849158193,1.0,1.0,1.0,0.2901288567318725,2
core,causal_relation,relation_revision,False,EIC-NoMargin,0,core,0.998555106859399,0.0014469838776805131,1.6437001190279752,1.0,1.0,1.0,0.31014868953123353,2
core,causal_relation,relation_revision,False,EIC-NoMargin,1,core,0.9996819606027347,0.0003181405785031619,1.472043067866444,1.0,1.0,1.0,0.2975791319948421,2
core,causal_relation,relation_revision,False,EIC-NoMargin,2,core,0.9996504985633781,0.0003496236305831747,1.5533550221295847,1.0,1.0,1.0,0.30400445833543704,2
core,causal_relation,relation_revision,False,EIC-NoMargin,3,core,0.9988680920339683,0.001133190633536739,1.6733737331381946,1.0,1.0,1.0,0.3124044534829598,2
core,causal_relation,relation_revision,False,EIC-NoMargin,4,core,0.999136293785697,0.0008644528475994697,1.6098109134057061,1.0,1.0,1.0,0.3079833859311746,2
core,causal_relation,relation_revision,False,EIC-NoMargin,5,core,0.9999950135151724,4.986509692641047e-06,1.4495320191522059,1.0,1.0,1.0,0.2958768844956031,2
core,causal_relation,relation_revision,False,EIC-NoMargin,6,core,0.9937446407162792,0.006294735113451194,1.7510875103227337,1.0,1.0,1.0,0.31512601162609044,2
core,causal_relation,relation_revision,False,EIC-NoMargin,7,core,0.9717544714534884,0.02906652799267681,1.5022797048728667,1.0,1.0,1.0,0.28605944596234867,2
core,causal_relation,relation_revision,False,EIC-NoMargin,8,core,0.9969007328716983,0.0031089024474621955,1.4674718326861491,1.0,1.0,1.0,0.2958138080862902,2
core,causal_relation,relation_revision,False,EIC-NoMargin,9,core,0.9998386942576358,0.00016133176610451833,1.6473121432521964,1.0,1.0,1.0,0.3110485329052428,2
core,causal_relation,relation_revision,False,EIC-NoMargin,10,core,0.9983905140203694,0.0016120806007555106,1.5478914994416844,1.0,1.0,1.0,0.30295456147445865,2
core,causal_relation,relation_revision,False,EIC-NoMargin,11,core,0.989687300928136,0.010420159036286328,1.499320324795134,1.0,1.0,1.0,0.29478926166099034,2
core,causal_relation,relation_revision,False,EIC-NoMargin,12,core,0.996800423763007,0.003209846385211515,1.520262372027744,1.0,1.0,1.0,0.3000081692317092,2
core,causal_relation,relation_revision,False,EIC-NoMargin,13,core,0.9939203402015534,0.006116848154263374,1.6149497043340921,1.0,1.0,1.0,0.30575190358181237,2
core,causal_relation,relation_revision,False,EIC-NoMargin,14,core,0.9999978468300103,2.1531746260209955e-06,1.5937376945788306,1.0,1.0,1.0,0.3072269245174105,2
core,causal_relation,relation_revision,False,EIC-NoMargin,15,core,0.9864570955372182,0.013728832732868694,1.6513070887372492,1.0,1.0,1.0,0.30464232095090105,2
core,causal_relation,relation_revision,False,EIC-NoMargin,16,core,0.9889970130796812,0.011125399546006842,1.5250923016767899,1.0,1.0,1.0,0.2964859429325719,2
core,causal_relation,relation_revision,False,EIC-NoMargin,17,core,0.9999923932280542,7.606829809247883e-06,1.6248603346643022,1.0,1.0,1.0,0.30950987115246853,2
core,causal_relation,relation_revision,False,EIC-NoMargin,18,core,0.9986343031464265,0.0013675645321520008,1.620560247339153,1.0,1.0,1.0,0.3085182563722017,2
core,causal_relation,relation_revision,False,EIC-NoMargin,19,core,0.9982725182008556,0.001730471156571302,1.4587102807305476,1.0,1.0,1.0,0.2957776104956655,2
core,causal_relation,relation_revision,False,EIC-NoMargin,20,core,0.9975531251805781,0.002452876701658333,1.5627049984483892,1.0,1.0,1.0,0.3036702197600651,2
core,causal_relation,relation_revision,False,EIC-NoMargin,21,core,0.9998129955726115,0.00018703940458532323,1.5202155345740092,1.0,1.0,1.0,0.3015107680795945,2
core,causal_relation,relation_revision,False,EIC-NoMargin,22,core,0.998297767545228,0.0017051349908931697,1.5908081983174136,1.0,1.0,1.0,0.3061589124097311,2
core,causal_relation,relation_revision,False,EIC-NoMargin,23,core,0.9851309179323058,0.015093508687051296,1.6421101589098075,1.0,1.0,1.0,0.3033227817394354,2
core,causal_relation,relation_revision,False,EIC-NoMargin,24,core,0.9991262972787649,0.0008744667452100967,1.4659899221730488,1.0,1.0,1.0,0.2968048179973025,2
core,causal_relation,relation_revision,False,EIC-NoMargin,25,core,0.9986585497300722,0.0013432521759217054,1.5859748175291302,1.0,1.0,1.0,0.30597859077842754,2
core,causal_relation,relation_revision,False,EIC-NoMargin,26,core,0.9864467874688038,0.013739425890344645,1.524718138941486,1.0,1.0,1.0,0.29518148470386346,2
core,causal_relation,relation_revision,False,EIC-NoMargin,27,core,0.9939774158595237,0.006059075432079421,1.6476123905601352,1.0,1.0,1.0,0.30813931223169333,2
core,causal_relation,relation_revision,False,EIC-NoMargin,28,core,0.9982170967850579,0.0017860876363312188,1.4976276072492076,1.0,1.0,1.0,0.2989185766974767,2
core,causal_relation,relation_revision,False,EIC-NoMargin,29,core,0.9991181210085709,0.0008826573884366469,1.4794731270741142,1.0,1.0,1.0,0.2979033157654741,2
core,causal_relation,relation_revision,False,EIC-NoMargin,30,core,0.9999826629032939,1.7337397286199927e-05,1.6213756849684406,1.0,1.0,1.0,0.3092517885211495,2
core,causal_relation,relation_revision,False,EIC-NoMargin,31,core,0.99526642055257,0.0047560927905132945,1.5091896021291307,1.0,1.0,1.0,0.2983656859824917,2
core,causal_relation,relation_revision,False,EIC-NoMargin,32,core,0.9992748887346141,0.0007256374332634095,1.4225538786979262,1.0,1.0,1.0,0.29324368594706507,2
core,causal_relation,relation_revision,False,EIC-NoMargin,33,core,0.9997352440190173,0.0002648260952752372,1.4842840653291745,1.0,1.0,1.0,0.29860239353663326,2
core,causal_relation,relation_revision,False,EIC-NoMargin,34,core,0.9956018981179806,0.004417530631804959,1.4424852691981072,1.0,1.0,1.0,0.29309142376299735,2
core,causal_relation,relation_revision,False,EIC-NoMargin,35,core,0.993929323454773,0.00610775474872415,1.6644745042228597,1.0,1.0,1.0,0.3093103984917795,2
core,causal_relation,relation_revision,False,EIC-NoMargin,36,core,0.9959561286403283,0.004060290652754274,1.5865597520586854,1.0,1.0,1.0,0.30467110529784047,2
core,causal_relation,relation_revision,False,EIC-NoMargin,37,core,0.9756612765856978,0.024945874145456494,1.5731717558365028,1.0,1.0,1.0,0.29351791942132655,2
core,causal_relation,relation_revision,False,EIC-NoMargin,38,core,0.9993051461792203,0.0006953369783357773,1.7410896565887786,1.0,1.0,1.0,0.3172433626509271,2
core,causal_relation,relation_revision,False,EIC-NoMargin,39,core,0.999999254804748,7.451958073353467e-07,1.4654277664376696,1.0,1.0,1.0,0.29719506471893475,2
core,causal_relation,relation_revision,False,EIC-NoMargin,40,core,0.9992898738047888,0.0007106308327807135,1.5515864060009665,1.0,1.0,1.0,0.30368841400194646,2
core,causal_relation,relation_revision,False,EIC-NoMargin,41,core,0.999286937795324,0.0007135710252043513,1.4345134222123783,1.0,1.0,1.0,0.29426361950433966,2
core,causal_relation,relation_revision,False,EIC-NoMargin,42,core,0.9999999953552989,4.644701042160851e-09,1.5329424974757009,1.0,1.0,1.0,0.30260112245711296,2
core,causal_relation,relation_revision,False,EIC-NoMargin,43,core,0.9978931004209339,0.002111347977230595,1.505945611882866,1.0,1.0,1.0,0.29942107063538537,2
core,causal_relation,relation_revision,False,EIC-NoMargin,44,core,0.983671727861772,0.016599310192355714,1.486001961718655,1.0,1.0,1.0,0.2907097153198312,2
core,causal_relation,relation_revision,False,EIC-NoMargin,45,core,0.9971969497228532,0.0028109294537311106,1.549902739123559,1.0,1.0,1.0,0.30251256447417096,2
core,causal_relation,relation_revision,False,EIC-NoMargin,46,core,0.9854666413338826,0.014747692165861248,1.517775135311453,1.0,1.0,1.0,0.2941452922971444,2
core,causal_relation,relation_revision,False,EIC-NoMargin,47,core,0.9952867082234541,0.004735612098104838,1.5791673596252822,1.0,1.0,1.0,0.3037823399615468,2
core,causal_relation,relation_revision,False,EIC-NoMargin,48,core,0.9985117038275345,0.001490514499490144,1.5547633654522552,1.0,1.0,1.0,0.3035430094793417,2
core,causal_relation,relation_revision,False,EIC-NoMargin,49,core,0.9855911148152168,0.014619536406316734,1.467104849158193,1.0,1.0,1.0,0.2901288567318725,2
core,causal_relation,relation_revision,False,EIC-NoCost,0,core,0.998555106859399,0.0014469838776805131,1.6437001190279752,1.0,1.0,1.0,0.31014868953123353,2
core,causal_relation,relation_revision,False,EIC-NoCost,1,core,0.9996819606027347,0.0003181405785031619,1.472043067866444,1.0,1.0,1.0,0.2975791319948421,2
core,causal_relation,relation_revision,False,EIC-NoCost,2,core,0.9996504985633781,0.0003496236305831747,1.5533550221295847,1.0,1.0,1.0,0.30400445833543704,2
core,causal_relation,relation_revision,False,EIC-NoCost,3,core,0.9988680920339683,0.001133190633536739,1.6733737331381946,1.0,1.0,1.0,0.3124044534829598,2
core,causal_relation,relation_revision,False,EIC-NoCost,4,core,0.999136293785697,0.0008644528475994697,1.6098109134057061,1.0,1.0,1.0,0.3079833859311746,2
core,causal_relation,relation_revision,False,EIC-NoCost,5,core,0.9999950135151724,4.986509692641047e-06,1.4495320191522059,1.0,1.0,1.0,0.2958768844956031,2
core,causal_relation,relation_revision,False,EIC-NoCost,6,core,0.9937446407162792,0.006294735113451194,1.7510875103227337,1.0,1.0,1.0,0.31512601162609044,2
core,causal_relation,relation_revision,False,EIC-NoCost,7,core,0.9717544714534884,0.02906652799267681,1.5022797048728667,1.0,1.0,1.0,0.28605944596234867,2
core,causal_relation,relation_revision,False,EIC-NoCost,8,core,0.9969007328716983,0.0031089024474621955,1.4674718326861491,1.0,1.0,1.0,0.2958138080862902,2
core,causal_relation,relation_revision,False,EIC-NoCost,9,core,0.9998386942576358,0.00016133176610451833,1.6473121432521964,1.0,1.0,1.0,0.3110485329052428,2
core,causal_relation,relation_revision,False,EIC-NoCost,10,core,0.9983905140203694,0.0016120806007555106,1.5478914994416844,1.0,1.0,1.0,0.30295456147445865,2
core,causal_relation,relation_revision,False,EIC-NoCost,11,core,0.989687300928136,0.010420159036286328,1.499320324795134,1.0,1.0,1.0,0.29478926166099034,2
core,causal_relation,relation_revision,False,EIC-NoCost,12,core,0.996800423763007,0.003209846385211515,1.520262372027744,1.0,1.0,1.0,0.3000081692317092,2
core,causal_relation,relation_revision,False,EIC-NoCost,13,core,0.9939203402015534,0.006116848154263374,1.6149497043340921,1.0,1.0,1.0,0.30575190358181237,2
core,causal_relation,relation_revision,False,EIC-NoCost,14,core,0.9999978468300103,2.1531746260209955e-06,1.5937376945788306,1.0,1.0,1.0,0.3072269245174105,2
core,causal_relation,relation_revision,False,EIC-NoCost,15,core,0.9864570955372182,0.013728832732868694,1.6513070887372492,1.0,1.0,1.0,0.30464232095090105,2
core,causal_relation,relation_revision,False,EIC-NoCost,16,core,0.9889970130796812,0.011125399546006842,1.5250923016767899,1.0,1.0,1.0,0.2964859429325719,2
core,causal_relation,relation_revision,False,EIC-NoCost,17,core,0.9999923932280542,7.606829809247883e-06,1.6248603346643022,1.0,1.0,1.0,0.30950987115246853,2
core,causal_relation,relation_revision,False,EIC-NoCost,18,core,0.9986343031464265,0.0013675645321520008,1.620560247339153,1.0,1.0,1.0,0.3085182563722017,2
core,causal_relation,relation_revision,False,EIC-NoCost,19,core,0.9982725182008556,0.001730471156571302,1.4587102807305476,1.0,1.0,1.0,0.2957776104956655,2
core,causal_relation,relation_revision,False,EIC-NoCost,20,core,0.9975531251805781,0.002452876701658333,1.5627049984483892,1.0,1.0,1.0,0.3036702197600651,2
core,causal_relation,relation_revision,False,EIC-NoCost,21,core,0.9998129955726115,0.00018703940458532323,1.5202155345740092,1.0,1.0,1.0,0.3015107680795945,2
core,causal_relation,relation_revision,False,EIC-NoCost,22,core,0.998297767545228,0.0017051349908931697,1.5908081983174136,1.0,1.0,1.0,0.3061589124097311,2
core,causal_relation,relation_revision,False,EIC-NoCost,23,core,0.9851309179323058,0.015093508687051296,1.6421101589098075,1.0,1.0,1.0,0.3033227817394354,2
core,causal_relation,relation_revision,False,EIC-NoCost,24,core,0.9991262972787649,0.0008744667452100967,1.4659899221730488,1.0,1.0,1.0,0.2968048179973025,2
core,causal_relation,relation_revision,False,EIC-NoCost,25,core,0.9986585497300722,0.0013432521759217054,1.5859748175291302,1.0,1.0,1.0,0.30597859077842754,2
core,causal_relation,relation_revision,False,EIC-NoCost,26,core,0.9864467874688038,0.013739425890344645,1.524718138941486,1.0,1.0,1.0,0.29518148470386346,2
core,causal_relation,relation_revision,False,EIC-NoCost,27,core,0.9939774158595237,0.006059075432079421,1.6476123905601352,1.0,1.0,1.0,0.30813931223169333,2
core,causal_relation,relation_revision,False,EIC-NoCost,28,core,0.9982170967850579,0.0017860876363312188,1.4976276072492076,1.0,1.0,1.0,0.2989185766974767,2
core,causal_relation,relation_revision,False,EIC-NoCost,29,core,0.9991181210085709,0.0008826573884366469,1.4794731270741142,1.0,1.0,1.0,0.2979033157654741,2
core,causal_relation,relation_revision,False,EIC-NoCost,30,core,0.9999826629032939,1.7337397286199927e-05,1.6213756849684406,1.0,1.0,1.0,0.3092517885211495,2
core,causal_relation,relation_revision,False,EIC-NoCost,31,core,0.99526642055257,0.0047560927905132945,1.5091896021291307,1.0,1.0,1.0,0.2983656859824917,2
core,causal_relation,relation_revision,False,EIC-NoCost,32,core,0.9992748887346141,0.0007256374332634095,1.4225538786979262,1.0,1.0,1.0,0.29324368594706507,2
core,causal_relation,relation_revision,False,EIC-NoCost,33,core,0.9997352440190173,0.0002648260952752372,1.4842840653291745,1.0,1.0,1.0,0.29860239353663326,2
core,causal_relation,relation_revision,False,EIC-NoCost,34,core,0.9956018981179806,0.004417530631804959,1.4424852691981072,1.0,1.0,1.0,0.29309142376299735,2
core,causal_relation,relation_revision,False,EIC-NoCost,35,core,0.993929323454773,0.00610775474872415,1.6644745042228597,1.0,1.0,1.0,0.3093103984917795,2
core,causal_relation,relation_revision,False,EIC-NoCost,36,core,0.9959561286403283,0.004060290652754274,1.5865597520586854,1.0,1.0,1.0,0.30467110529784047,2
core,causal_relation,relation_revision,False,EIC-NoCost,37,core,0.9756612765856978,0.024945874145456494,1.5731717558365028,1.0,1.0,1.0,0.29351791942132655,2
core,causal_relation,relation_revision,False,EIC-NoCost,38,core,0.9993051461792203,0.0006953369783357773,1.7410896565887786,1.0,1.0,1.0,0.3172433626509271,2
core,causal_relation,relation_revision,False,EIC-NoCost,39,core,0.999999254804748,7.451958073353467e-07,1.4654277664376696,1.0,1.0,1.0,0.29719506471893475,2
core,causal_relation,relation_revision,False,EIC-NoCost,40,core,0.9992898738047888,0.0007106308327807135,1.5515864060009665,1.0,1.0,1.0,0.30368841400194646,2
core,causal_relation,relation_revision,False,EIC-NoCost,41,core,0.999286937795324,0.0007135710252043513,1.4345134222123783,1.0,1.0,1.0,0.29426361950433966,2
core,causal_relation,relation_revision,False,EIC-NoCost,42,core,0.9999999953552989,4.644701042160851e-09,1.5329424974757009,1.0,1.0,1.0,0.30260112245711296,2
core,causal_relation,relation_revision,False,EIC-NoCost,43,core,0.9978931004209339,0.002111347977230595,1.505945611882866,1.0,1.0,1.0,0.29942107063538537,2
core,causal_relation,relation_revision,False,EIC-NoCost,44,core,0.983671727861772,0.016599310192355714,1.486001961718655,1.0,1.0,1.0,0.2907097153198312,2
core,causal_relation,relation_revision,False,EIC-NoCost,45,core,0.9971969497228532,0.0028109294537311106,1.549902739123559,1.0,1.0,1.0,0.30251256447417096,2
core,causal_relation,relation_revision,False,EIC-NoCost,46,core,0.9854666413338826,0.014747692165861248,1.517775135311453,1.0,1.0,1.0,0.2941452922971444,2
core,causal_relation,relation_revision,False,EIC-NoCost,47,core,0.9952867082234541,0.004735612098104838,1.5791673596252822,1.0,1.0,1.0,0.3037823399615468,2
core,causal_relation,relation_revision,False,EIC-NoCost,48,core,0.9985117038275345,0.001490514499490144,1.5547633654522552,1.0,1.0,1.0,0.3035430094793417,2
core,causal_relation,relation_revision,False,EIC-NoCost,49,core,0.9855911148152168,0.014619536406316734,1.467104849158193,1.0,1.0,1.0,0.2901288567318725,2
core,causal_relation,relation_revision,False,EIC-Greedy,0,core,0.998555106859399,0.0014469838776805131,1.6437001190279752,1.0,1.0,1.0,0.31014868953123353,2
core,causal_relation,relation_revision,False,EIC-Greedy,1,core,0.9996819606027347,0.0003181405785031619,1.472043067866444,1.0,1.0,1.0,0.2975791319948421,2
core,causal_relation,relation_revision,False,EIC-Greedy,2,core,0.9996504985633781,0.0003496236305831747,1.5533550221295847,1.0,1.0,1.0,0.30400445833543704,2
core,causal_relation,relation_revision,False,EIC-Greedy,3,core,0.9988680920339683,0.001133190633536739,1.6733737331381946,1.0,1.0,1.0,0.3124044534829598,2
core,causal_relation,relation_revision,False,EIC-Greedy,4,core,0.999136293785697,0.0008644528475994697,1.6098109134057061,1.0,1.0,1.0,0.3079833859311746,2
core,causal_relation,relation_revision,False,EIC-Greedy,5,core,0.9999950135151724,4.986509692641047e-06,1.4495320191522059,1.0,1.0,1.0,0.2958768844956031,2
core,causal_relation,relation_revision,False,EIC-Greedy,6,core,0.9937446407162792,0.006294735113451194,1.7510875103227337,1.0,1.0,1.0,0.31512601162609044,2
core,causal_relation,relation_revision,False,EIC-Greedy,7,core,0.9717544714534884,0.02906652799267681,1.5022797048728667,1.0,1.0,1.0,0.28605944596234867,2
core,causal_relation,relation_revision,False,EIC-Greedy,8,core,0.9969007328716983,0.0031089024474621955,1.4674718326861491,1.0,1.0,1.0,0.2958138080862902,2
core,causal_relation,relation_revision,False,EIC-Greedy,9,core,0.9998386942576358,0.00016133176610451833,1.6473121432521964,1.0,1.0,1.0,0.3110485329052428,2
core,causal_relation,relation_revision,False,EIC-Greedy,10,core,0.9983905140203694,0.0016120806007555106,1.5478914994416844,1.0,1.0,1.0,0.30295456147445865,2
core,causal_relation,relation_revision,False,EIC-Greedy,11,core,0.989687300928136,0.010420159036286328,1.499320324795134,1.0,1.0,1.0,0.29478926166099034,2
core,causal_relation,relation_revision,False,EIC-Greedy,12,core,0.996800423763007,0.003209846385211515,1.520262372027744,1.0,1.0,1.0,0.3000081692317092,2
core,causal_relation,relation_revision,False,EIC-Greedy,13,core,0.9939203402015534,0.006116848154263374,1.6149497043340921,1.0,1.0,1.0,0.30575190358181237,2
core,causal_relation,relation_revision,False,EIC-Greedy,14,core,0.9999978468300103,2.1531746260209955e-06,1.5937376945788306,1.0,1.0,1.0,0.3072269245174105,2
core,causal_relation,relation_revision,False,EIC-Greedy,15,core,0.9864570955372182,0.013728832732868694,1.6513070887372492,1.0,1.0,1.0,0.30464232095090105,2
core,causal_relation,relation_revision,False,EIC-Greedy,16,core,0.9889970130796812,0.011125399546006842,1.5250923016767899,1.0,1.0,1.0,0.2964859429325719,2
core,causal_relation,relation_revision,False,EIC-Greedy,17,core,0.9999923932280542,7.606829809247883e-06,1.6248603346643022,1.0,1.0,1.0,0.30950987115246853,2
core,causal_relation,relation_revision,False,EIC-Greedy,18,core,0.9986343031464265,0.0013675645321520008,1.620560247339153,1.0,1.0,1.0,0.3085182563722017,2
core,causal_relation,relation_revision,False,EIC-Greedy,19,core,0.9982725182008556,0.001730471156571302,1.4587102807305476,1.0,1.0,1.0,0.2957776104956655,2
core,causal_relation,relation_revision,False,EIC-Greedy,20,core,0.9975531251805781,0.002452876701658333,1.5627049984483892,1.0,1.0,1.0,0.3036702197600651,2
core,causal_relation,relation_revision,False,EIC-Greedy,21,core,0.9998129955726115,0.00018703940458532323,1.5202155345740092,1.0,1.0,1.0,0.3015107680795945,2
core,causal_relation,relation_revision,False,EIC-Greedy,22,core,0.998297767545228,0.0017051349908931697,1.5908081983174136,1.0,1.0,1.0,0.3061589124097311,2
core,causal_relation,relation_revision,False,EIC-Greedy,23,core,0.9851309179323058,0.015093508687051296,1.6421101589098075,1.0,1.0,1.0,0.3033227817394354,2
core,causal_relation,relation_revision,False,EIC-Greedy,24,core,0.9991262972787649,0.0008744667452100967,1.4659899221730488,1.0,1.0,1.0,0.2968048179973025,2
core,causal_relation,relation_revision,False,EIC-Greedy,25,core,0.9986585497300722,0.0013432521759217054,1.5859748175291302,1.0,1.0,1.0,0.30597859077842754,2
core,causal_relation,relation_revision,False,EIC-Greedy,26,core,0.9864467874688038,0.013739425890344645,1.524718138941486,1.0,1.0,1.0,0.29518148470386346,2
core,causal_relation,relation_revision,False,EIC-Greedy,27,core,0.9939774158595237,0.006059075432079421,1.6476123905601352,1.0,1.0,1.0,0.30813931223169333,2
core,causal_relation,relation_revision,False,EIC-Greedy,28,core,0.9982170967850579,0.0017860876363312188,1.4976276072492076,1.0,1.0,1.0,0.2989185766974767,2
core,causal_relation,relation_revision,False,EIC-Greedy,29,core,0.9991181210085709,0.0008826573884366469,1.4794731270741142,1.0,1.0,1.0,0.2979033157654741,2
core,causal_relation,relation_revision,False,EIC-Greedy,30,core,0.9999826629032939,1.7337397286199927e-05,1.6213756849684406,1.0,1.0,1.0,0.3092517885211495,2
core,causal_relation,relation_revision,False,EIC-Greedy,31,core,0.99526642055257,0.0047560927905132945,1.5091896021291307,1.0,1.0,1.0,0.2983656859824917,2
core,causal_relation,relation_revision,False,EIC-Greedy,32,core,0.9992748887346141,0.0007256374332634095,1.4225538786979262,1.0,1.0,1.0,0.29324368594706507,2
core,causal_relation,relation_revision,False,EIC-Greedy,33,core,0.9997352440190173,0.0002648260952752372,1.4842840653291745,1.0,1.0,1.0,0.29860239353663326,2
core,causal_relation,relation_revision,False,EIC-Greedy,34,core,0.9956018981179806,0.004417530631804959,1.4424852691981072,1.0,1.0,1.0,0.29309142376299735,2
core,causal_relation,relation_revision,False,EIC-Greedy,35,core,0.993929323454773,0.00610775474872415,1.6644745042228597,1.0,1.0,1.0,0.3093103984917795,2
core,causal_relation,relation_revision,False,EIC-Greedy,36,core,0.9959561286403283,0.004060290652754274,1.5865597520586854,1.0,1.0,1.0,0.30467110529784047,2
core,causal_relation,relation_revision,False,EIC-Greedy,37,core,0.9756612765856978,0.024945874145456494,1.5731717558365028,1.0,1.0,1.0,0.29351791942132655,2
core,causal_relation,relation_revision,False,EIC-Greedy,38,core,0.9993051461792203,0.0006953369783357773,1.7410896565887786,1.0,1.0,1.0,0.3172433626509271,2
core,causal_relation,relation_revision,False,EIC-Greedy,39,core,0.999999254804748,7.451958073353467e-07,1.4654277664376696,1.0,1.0,1.0,0.29719506471893475,2
core,causal_relation,relation_revision,False,EIC-Greedy,40,core,0.9992898738047888,0.0007106308327807135,1.5515864060009665,1.0,1.0,1.0,0.30368841400194646,2
core,causal_relation,relation_revision,False,EIC-Greedy,41,core,0.999286937795324,0.0007135710252043513,1.4345134222123783,1.0,1.0,1.0,0.29426361950433966,2
core,causal_relation,relation_revision,False,EIC-Greedy,42,core,0.9999999953552989,4.644701042160851e-09,1.5329424974757009,1.0,1.0,1.0,0.30260112245711296,2
core,causal_relation,relation_revision,False,EIC-Greedy,43,core,0.9978931004209339,0.002111347977230595,1.505945611882866,1.0,1.0,1.0,0.29942107063538537,2
core,causal_relation,relation_revision,False,EIC-Greedy,44,core,0.983671727861772,0.016599310192355714,1.486001961718655,1.0,1.0,1.0,0.2907097153198312,2
core,causal_relation,relation_revision,False,EIC-Greedy,45,core,0.9971969497228532,0.0028109294537311106,1.549902739123559,1.0,1.0,1.0,0.30251256447417096,2
core,causal_relation,relation_revision,False,EIC-Greedy,46,core,0.9854666413338826,0.014747692165861248,1.517775135311453,1.0,1.0,1.0,0.2941452922971444,2
core,causal_relation,relation_revision,False,EIC-Greedy,47,core,0.9952867082234541,0.004735612098104838,1.5791673596252822,1.0,1.0,1.0,0.3037823399615468,2
core,causal_relation,relation_revision,False,EIC-Greedy,48,core,0.9985117038275345,0.001490514499490144,1.5547633654522552,1.0,1.0,1.0,0.3035430094793417,2
core,causal_relation,relation_revision,False,EIC-Greedy,49,core,0.9855911148152168,0.014619536406316734,1.467104849158193,1.0,1.0,1.0,0.2901288567318725,2
core,causal_relation,relation_revision,False,Oracle,0,core,0.998555106859399,0.0014469838776805131,1.6437001190279752,1.0,1.0,1.0,0.31014868953123353,2
core,causal_relation,relation_revision,False,Oracle,1,core,0.9996819606027347,0.0003181405785031619,1.472043067866444,1.0,1.0,1.0,0.2975791319948421,2
core,causal_relation,relation_revision,False,Oracle,2,core,0.9996504985633781,0.0003496236305831747,1.5533550221295847,1.0,1.0,1.0,0.30400445833543704,2
core,causal_relation,relation_revision,False,Oracle,3,core,0.9988680920339683,0.001133190633536739,1.6733737331381946,1.0,1.0,1.0,0.3124044534829598,2
core,causal_relation,relation_revision,False,Oracle,4,core,0.999136293785697,0.0008644528475994697,1.6098109134057061,1.0,1.0,1.0,0.3079833859311746,2
core,causal_relation,relation_revision,False,Oracle,5,core,0.9999950135151724,4.986509692641047e-06,1.4495320191522059,1.0,1.0,1.0,0.2958768844956031,2
core,causal_relation,relation_revision,False,Oracle,6,core,0.9937446407162792,0.006294735113451194,1.7510875103227337,1.0,1.0,1.0,0.31512601162609044,2
core,causal_relation,relation_revision,False,Oracle,7,core,0.9717544714534884,0.02906652799267681,1.5022797048728667,1.0,1.0,1.0,0.28605944596234867,2
core,causal_relation,relation_revision,False,Oracle,8,core,0.9969007328716983,0.0031089024474621955,1.4674718326861491,1.0,1.0,1.0,0.2958138080862902,2
core,causal_relation,relation_revision,False,Oracle,9,core,0.9998386942576358,0.00016133176610451833,1.6473121432521964,1.0,1.0,1.0,0.3110485329052428,2
core,causal_relation,relation_revision,False,Oracle,10,core,0.9983905140203694,0.0016120806007555106,1.5478914994416844,1.0,1.0,1.0,0.30295456147445865,2
core,causal_relation,relation_revision,False,Oracle,11,core,0.989687300928136,0.010420159036286328,1.499320324795134,1.0,1.0,1.0,0.29478926166099034,2
core,causal_relation,relation_revision,False,Oracle,12,core,0.996800423763007,0.003209846385211515,1.520262372027744,1.0,1.0,1.0,0.3000081692317092,2
core,causal_relation,relation_revision,False,Oracle,13,core,0.9939203402015534,0.006116848154263374,1.6149497043340921,1.0,1.0,1.0,0.30575190358181237,2
core,causal_relation,relation_revision,False,Oracle,14,core,0.9999978468300103,2.1531746260209955e-06,1.5937376945788306,1.0,1.0,1.0,0.3072269245174105,2
core,causal_relation,relation_revision,False,Oracle,15,core,0.9864570955372182,0.013728832732868694,1.6513070887372492,1.0,1.0,1.0,0.30464232095090105,2
core,causal_relation,relation_revision,False,Oracle,16,core,0.9889970130796812,0.011125399546006842,1.5250923016767899,1.0,1.0,1.0,0.2964859429325719,2
core,causal_relation,relation_revision,False,Oracle,17,core,0.9999923932280542,7.606829809247883e-06,1.6248603346643022,1.0,1.0,1.0,0.30950987115246853,2
core,causal_relation,relation_revision,False,Oracle,18,core,0.9986343031464265,0.0013675645321520008,1.620560247339153,1.0,1.0,1.0,0.3085182563722017,2
core,causal_relation,relation_revision,False,Oracle,19,core,0.9982725182008556,0.001730471156571302,1.4587102807305476,1.0,1.0,1.0,0.2957776104956655,2
core,causal_relation,relation_revision,False,Oracle,20,core,0.9975531251805781,0.002452876701658333,1.5627049984483892,1.0,1.0,1.0,0.3036702197600651,2
core,causal_relation,relation_revision,False,Oracle,21,core,0.9998129955726115,0.00018703940458532323,1.5202155345740092,1.0,1.0,1.0,0.3015107680795945,2
core,causal_relation,relation_revision,False,Oracle,22,core,0.998297767545228,0.0017051349908931697,1.5908081983174136,1.0,1.0,1.0,0.3061589124097311,2
core,causal_relation,relation_revision,False,Oracle,23,core,0.9851309179323058,0.015093508687051296,1.6421101589098075,1.0,1.0,1.0,0.3033227817394354,2
core,causal_relation,relation_revision,False,Oracle,24,core,0.9991262972787649,0.0008744667452100967,1.4659899221730488,1.0,1.0,1.0,0.2968048179973025,2
core,causal_relation,relation_revision,False,Oracle,25,core,0.9986585497300722,0.0013432521759217054,1.5859748175291302,1.0,1.0,1.0,0.30597859077842754,2
core,causal_relation,relation_revision,False,Oracle,26,core,0.9864467874688038,0.013739425890344645,1.524718138941486,1.0,1.0,1.0,0.29518148470386346,2
core,causal_relation,relation_revision,False,Oracle,27,core,0.9939774158595237,0.006059075432079421,1.6476123905601352,1.0,1.0,1.0,0.30813931223169333,2
core,causal_relation,relation_revision,False,Oracle,28,core,0.9982170967850579,0.0017860876363312188,1.4976276072492076,1.0,1.0,1.0,0.2989185766974767,2
core,causal_relation,relation_revision,False,Oracle,29,core,0.9991181210085709,0.0008826573884366469,1.4794731270741142,1.0,1.0,1.0,0.2979033157654741,2
core,causal_relation,relation_revision,False,Oracle,30,core,0.9999826629032939,1.7337397286199927e-05,1.6213756849684406,1.0,1.0,1.0,0.3092517885211495,2
core,causal_relation,relation_revision,False,Oracle,31,core,0.99526642055257,0.0047560927905132945,1.5091896021291307,1.0,1.0,1.0,0.2983656859824917,2
core,causal_relation,relation_revision,False,Oracle,32,core,0.9992748887346141,0.0007256374332634095,1.4225538786979262,1.0,1.0,1.0,0.29324368594706507,2
core,causal_relation,relation_revision,False,Oracle,33,core,0.9997352440190173,0.0002648260952752372,1.4842840653291745,1.0,1.0,1.0,0.29860239353663326,2
core,causal_relation,relation_revision,False,Oracle,34,core,0.9956018981179806,0.004417530631804959,1.4424852691981072,1.0,1.0,1.0,0.29309142376299735,2
core,causal_relation,relation_revision,False,Oracle,35,core,0.993929323454773,0.00610775474872415,1.6644745042228597,1.0,1.0,1.0,0.3093103984917795,2
core,causal_relation,relation_revision,False,Oracle,36,core,0.9959561286403283,0.004060290652754274,1.5865597520586854,1.0,1.0,1.0,0.30467110529784047,2
core,causal_relation,relation_revision,False,Oracle,37,core,0.9756612765856978,0.024945874145456494,1.5731717558365028,1.0,1.0,1.0,0.29351791942132655,2
core,causal_relation,relation_revision,False,Oracle,38,core,0.9993051461792203,0.0006953369783357773,1.7410896565887786,1.0,1.0,1.0,0.3172433626509271,2
core,causal_relation,relation_revision,False,Oracle,39,core,0.999999254804748,7.451958073353467e-07,1.4654277664376696,1.0,1.0,1.0,0.29719506471893475,2
core,causal_relation,relation_revision,False,Oracle,40,core,0.9992898738047888,0.0007106308327807135,1.5515864060009665,1.0,1.0,1.0,0.30368841400194646,2
core,causal_relation,relation_revision,False,Oracle,41,core,0.999286937795324,0.0007135710252043513,1.4345134222123783,1.0,1.0,1.0,0.29426361950433966,2
core,causal_relation,relation_revision,False,Oracle,42,core,0.9999999953552989,4.644701042160851e-09,1.5329424974757009,1.0,1.0,1.0,0.30260112245711296,2
core,causal_relation,relation_revision,False,Oracle,43,core,0.9978931004209339,0.002111347977230595,1.505945611882866,1.0,1.0,1.0,0.29942107063538537,2
core,causal_relation,relation_revision,False,Oracle,44,core,0.983671727861772,0.016599310192355714,1.486001961718655,1.0,1.0,1.0,0.2907097153198312,2
core,causal_relation,relation_revision,False,Oracle,45,core,0.9971969497228532,0.0028109294537311106,1.549902739123559,1.0,1.0,1.0,0.30251256447417096,2
core,causal_relation,relation_revision,False,Oracle,46,core,0.9854666413338826,0.014747692165861248,1.517775135311453,1.0,1.0,1.0,0.2941452922971444,2
core,causal_relation,relation_revision,False,Oracle,47,core,0.9952867082234541,0.004735612098104838,1.5791673596252822,1.0,1.0,1.0,0.3037823399615468,2
core,causal_relation,relation_revision,False,Oracle,48,core,0.9985117038275345,0.001490514499490144,1.5547633654522552,1.0,1.0,1.0,0.3035430094793417,2
core,causal_relation,relation_revision,False,Oracle,49,core,0.9855911148152168,0.014619536406316734,1.467104849158193,1.0,1.0,1.0,0.2901288567318725,2
core,causal_relation,relation_revision,True,Fixed-Frame,0,core,0.9999940074334606,5.992602450431808e-06,5.992602450431808e-06,1.0,0.0,0.0,0.0,2
core,causal_relation,relation_revision,True,Fixed-Frame,1,core,0.9999999336053127,6.63946916407409e-08,6.63946916407409e-08,1.0,0.0,0.0,0.0,2
core,causal_relation,relation_revision,True,Fixed-Frame,2,core,0.9999582011258125,4.180062140647722e-05,4.180062140647722e-05,1.0,0.0,0.0,0.0,2
core,causal_relation,relation_revision,True,Fixed-Frame,3,core,0.9979338406744973,0.002070437178587159,0.002070437178587159,1.0,0.0,0.0,0.0,2
core,causal_relation,relation_revision,True,Fixed-Frame,4,core,0.9984838379892865,0.001518464248521815,0.001518464248521815,1.0,0.0,0.0,0.0,2
core,causal_relation,relation_revision,True,Fixed-Frame,5,core,0.9999446420890087,5.536097565925314e-05,5.536097565925314e-05,1.0,0.0,0.0,0.0,2
core,causal_relation,relation_revision,True,Fixed-Frame,6,core,0.9995538914011172,0.00044630770058578015,0.00044630770058578015,1.0,0.0,0.0,0.0,2
core,causal_relation,relation_revision,True,Fixed-Frame,7,core,0.9999965664579524,3.4335538368723197e-06,3.4335538368723197e-06,1.0,0.0,0.0,0.0,2
core,causal_relation,relation_revision,True,Fixed-Frame,8,core,0.9994824114265576,0.0005178566101064444,0.0005178566101064444,1.0,0.0,0.0,0.0,2
core,causal_relation,relation_revision,True,Fixed-Frame,9,core,0.9999816547868177,1.8345549735287285e-05,1.8345549735287285e-05,1.0,0.0,0.0,0.0,2
core,causal_relation,relation_revision,True,Fixed-Frame,10,core,0.9999477674822173,5.223524616112146e-05,5.223524616112146e-05,1.0,0.0,0.0,0.0,2
core,causal_relation,relation_revision,True,Fixed-Frame,11,core,0.9998399750151378,0.00016005059695648326,0.00016005059695648326,1.0,0.0,0.0,0.0,2
core,causal_relation,relation_revision,True,Fixed-Frame,12,core,0.9979665488843942,0.002037594464342591,0.002037594464342591,1.0,0.0,0.0,0.0,2
core,causal_relation,relation_revision,True,Fixed-Frame,13,core,0.9999902133760621,9.786719716840325e-06,9.786719716840325e-06,1.0,0.0,0.0,0.0,2
core,causal_relation,relation_revision,True,Fixed-Frame,14,core,0.998049186878297,0.0019546262322047174,0.0019546262322047174,1.0,0.0,0.0,0.0,2
core,causal_relation,relation_revision,True,Fixed-Frame,15,core,0.9999519704606828,4.8031846264556825e-05,4.8031846264556825e-05,1.0,0.0,0.0,0.0,2
core,causal_relation,relation_revision,True,Fixed-Frame,16,core,0.9999822588820197,1.7741432733216568e-05,1.7741432733216568e-05,1.0,0.0,0.0,0.0,2
core,causal_relation,relation_revision,True,Fixed-Frame,17,core,0.9994513280632402,0.0005489731429172444,0.0005489731429172444,1.0,0.0,0.0,0.0,2
core,causal_relation,relation_revision,True,Fixed-Frame,18,core,0.9999956496050086,4.3504139172306355e-06,4.3504139172306355e-06,1.0,0.0,0.0,0.0,2
core,causal_relation,relation_revision,True,Fixed-Frame,19,core,0.9999206055038915,7.940080009512914e-05,7.940080009512914e-05,1.0,0.0,0.0,0.0,2
core,causal_relation,relation_revision,True,Fixed-Frame,20,core,0.9998684141994604,0.00013160311764132961,0.00013160311764132961,1.0,0.0,0.0,0.0,2
core,causal_relation,relation_revision,True,Fixed-Frame,21,core,0.9999511951256962,4.8807256335907696e-05,4.8807256335907696e-05,1.0,0.0,0.0,0.0,2
core,causal_relation,relation_revision,True,Fixed-Frame,22,core,0.9999835103596559,1.648991225675616e-05,1.648991225675616e-05,1.0,0.0,0.0,0.0,2
core,causal_relation,relation_revision,True,Fixed-Frame,23,core,0.9997382562350257,0.0002618122927096826,0.0002618122927096826,1.0,0.0,0.0,0.0,2
core,causal_relation,relation_revision,True,Fixed-Frame,24,core,0.9994486753846401,0.0005516287418637896,0.0005516287418637896,1.0,0.0,0.0,0.0,2
core,causal_relation,relation_revision,True,Fixed-Frame,25,core,0.9998145175408225,0.00018551686930265565,0.00018551686930265565,1.0,0.0,0.0,0.0,2
core,causal_relation,relation_revision,True,Fixed-Frame,26,core,0.9997283788765877,0.0002716949214920328,0.0002716949214920328,1.0,0.0,0.0,0.0,2
core,causal_relation,relation_revision,True,Fixed-Frame,27,core,0.9985601247589726,0.001441951471249654,0.001441951471249654,1.0,0.0,0.0,0.0,2
core,causal_relation,relation_revision,True,Fixed-Frame,28,core,0.9998162028324434,0.00018383095516533475,0.00018383095516533475,1.0,0.0,0.0,0.0,2
core,causal_relation,relation_revision,True,Fixed-Frame,29,core,0.9990953911900877,0.0009054278679383433,0.0009054278679383433,1.0,0.0,0.0,0.0,2
core,causal_relation,relation_revision,True,Fixed-Frame,30,core,0.9998273377994852,0.00017269201789865286,0.00017269201789865286,1.0,0.0,0.0,0.0,2
core,causal_relation,relation_revision,True,Fixed-Frame,31,core,0.9999838194636267,1.618079818724234e-05,1.618079818724234e-05,1.0,0.0,0.0,0.0,2
core,causal_relation,relation_revision,True,Fixed-Frame,32,core,0.997834949573337,0.00216974804058392,0.00216974804058392,1.0,0.0,0.0,0.0,2
core,causal_relation,relation_revision,True,Fixed-Frame,33,core,0.9998046008006182,0.00019543738769087045,0.00019543738769087045,1.0,0.0,0.0,0.0,2
core,causal_relation,relation_revision,True,Fixed-Frame,34,core,0.9998109362431712,0.00018909950869245638,0.00018909950869245638,1.0,0.0,0.0,0.0,2
core,causal_relation,relation_revision,True,Fixed-Frame,35,core,0.999130510405284,0.0008702462647880761,0.0008702462647880761,1.0,0.0,0.0,0.0,2
core,causal_relation,relation_revision,True,Fixed-Frame,36,core,0.9995734587030698,0.00042672331204518396,0.00042672331204518396,1.0,0.0,0.0,0.0,2
core,causal_relation,relation_revision,True,Fixed-Frame,37,core,0.9996134321986987,0.00038671729375522866,0.00038671729375522866,1.0,0.0,0.0,0.0,2
core,causal_relation,relation_revision,True,Fixed-Frame,38,core,0.9991738961520328,0.0008267868597734957,0.0008267868597734957,1.0,0.0,0.0,0.0,2
core,causal_relation,relation_revision,True,Fixed-Frame,39,core,0.9999101917934929,8.981627274540847e-05,8.981627274540847e-05,1.0,0.0,0.0,0.0,2
core,causal_relation,relation_revision,True,Fixed-Frame,40,core,0.9997977406719757,0.00020230024513599731,0.00020230024513599731,1.0,0.0,0.0,0.0,2
core,causal_relation,relation_revision,True,Fixed-Frame,41,core,0.9984480336510845,0.0015543786923395322,0.0015543786923395322,1.0,0.0,0.0,0.0,2
core,causal_relation,relation_revision,True,Fixed-Frame,42,core,0.9999783911246589,2.1609342294646657e-05,2.1609342294646657e-05,1.0,0.0,0.0,0.0,2
core,causal_relation,relation_revision,True,Fixed-Frame,43,core,0.9999993292612408,6.707392089971405e-07,6.707392089971405e-07,1.0,0.0,0.0,0.0,2
core,causal_relation,relation_revision,True,Fixed-Frame,44,core,0.9992293486140474,0.000771245747556774,0.000771245747556774,1.0,0.0,0.0,0.0,2
core,causal_relation,relation_revision,True,Fixed-Frame,45,core,0.9995795555734268,0.0004206212744438653,0.0004206212744438653,1.0,0.0,0.0,0.0,2
core,causal_relation,relation_revision,True,Fixed-Frame,46,core,0.9989690822933018,0.001031981594797125,0.001031981594797125,1.0,0.0,0.0,0.0,2
core,causal_relation,relation_revision,True,Fixed-Frame,47,core,0.9996297531780264,0.00037038395545601304,0.00037038395545601304,1.0,0.0,0.0,0.0,2
core,causal_relation,relation_revision,True,Fixed-Frame,48,core,0.9997691541257325,0.00023089917638978428,0.00023089917638978428,1.0,0.0,0.0,0.0,2
core,causal_relation,relation_revision,True,Fixed-Frame,49,core,0.9998150789226234,0.0001849552795061973,0.0001849552795061973,1.0,0.0,0.0,0.0,2
core,causal_relation,relation_revision,True,Random-Edit,0,core,0.9999940074334606,5.992602450431808e-06,5.992602450431808e-06,1.0,0.0,0.0,0.0,2
core,causal_relation,relation_revision,True,Random-Edit,1,core,0.9999999336053127,6.63946916407409e-08,6.63946916407409e-08,1.0,0.0,0.0,0.0,2
core,causal_relation,relation_revision,True,Random-Edit,2,core,0.999722447253083,0.0002776298038316024,4.180062140647722e-05,0.0,1.0,1.0,0.0,2
core,causal_relation,relation_revision,True,Random-Edit,3,core,0.9979338406744973,0.002070437178587159,0.002070437178587159,1.0,0.0,0.0,0.0,2
core,causal_relation,relation_revision,True,Random-Edit,4,core,0.9998375954821933,0.00016243089731825654,0.001518464248521815,0.0,1.0,1.0,0.000676878746453391,2
core,causal_relation,relation_revision,True,Random-Edit,5,core,0.9998211192786124,0.00017891272542509698,5.536097565925314e-05,0.0,1.0,1.0,0.0,2
core,causal_relation,relation_revision,True,Random-Edit,6,core,0.9995538914011172,0.00044630770058578015,0.00044630770058578015,1.0,0.0,0.0,0.0,2
core,causal_relation,relation_revision,True,Random-Edit,7,core,0.9999965664579524,3.4335538368723197e-06,3.4335538368723197e-06,1.0,0.0,0.0,0.0,2
core,causal_relation,relation_revision,True,Random-Edit,8,core,0.9994824114265576,0.0005178566101064444,0.0005178566101064444,1.0,0.0,0.0,0.0,2
core,causal_relation,relation_revision,True,Random-Edit,9,core,0.9999375577282822,6.244617099868368e-05,1.8345549735287285e-05,0.0,1.0,1.0,0.0,2
core,causal_relation,relation_revision,True,Random-Edit,10,core,0.9999477674822173,5.223524616112146e-05,5.223524616112146e-05,1.0,0.0,0.0,0.0,2
core,causal_relation,relation_revision,True,Random-Edit,11,core,0.9998399750151378,0.00016005059695648326,0.00016005059695648326,1.0,0.0,0.0,0.0,2
core,causal_relation,relation_revision,True,Random-Edit,12,core,0.9979665488843942,0.002037594464342591,0.002037594464342591,1.0,0.0,0.0,0.0,2
core,causal_relation,relation_revision,True,Random-Edit,13,core,0.9999902133760621,9.786719716840325e-06,9.786719716840325e-06,1.0,0.0,0.0,0.0,2
core,causal_relation,relation_revision,True,Random-Edit,14,core,0.998049186878297,0.0019546262322047174,0.0019546262322047174,1.0,0.0,0.0,0.0,2
core,causal_relation,relation_revision,True,Random-Edit,15,core,0.9992172236398952,0.0007833895789479033,4.8031846264556825e-05,0.0,1.0,1.0,0.0,2
core,causal_relation,relation_revision,True,Random-Edit,16,core,0.9999822588820197,1.7741432733216568e-05,1.7741432733216568e-05,1.0,0.0,0.0,0.0,2
core,causal_relation,relation_revision,True,Random-Edit,17,core,0.9994513280632402,0.0005489731429172444,0.0005489731429172444,1.0,0.0,0.0,0.0,2
core,causal_relation,relation_revision,True,Random-Edit,18,core,0.9999956496050086,4.3504139172306355e-06,4.3504139172306355e-06,1.0,0.0,0.0,0.0,2
core,causal_relation,relation_revision,True,Random-Edit,19,core,0.9999206055038915,7.940080009512914e-05,7.940080009512914e-05,1.0,0.0,0.0,0.0,2
core,causal_relation,relation_revision,True,Random-Edit,20,core,0.9998684141994604,0.00013160311764132961,0.00013160311764132961,1.0,0.0,0.0,0.0,2
core,causal_relation,relation_revision,True,Random-Edit,21,core,0.9999187033503385,8.130325934405227e-05,4.8807256335907696e-05,0.0,1.0,1.0,0.0,2
core,causal_relation,relation_revision,True,Random-Edit,22,core,0.9999835103596559,1.648991225675616e-05,1.648991225675616e-05,1.0,0.0,0.0,0.0,2
core,causal_relation,relation_revision,True,Random-Edit,23,core,0.9992312371584262,0.0007693542925660338,0.0002618122927096826,0.0,1.0,1.0,0.0,2
core,causal_relation,relation_revision,True,Random-Edit,24,core,0.9995334918945659,0.0004667258368200581,0.0005516287418637896,0.0,1.0,1.0,4.240825496287792e-05,2
core,causal_relation,relation_revision,True,Random-Edit,25,core,0.9999139593998068,8.604800381523739e-05,0.00018551686930265565,0.0,1.0,1.0,4.9720929492125254e-05,2
core,causal_relation,relation_revision,True,Random-Edit,26,core,0.9999910692726488,8.930807109933733e-06,0.0002716949214920328,0.0,1.0,1.0,0.00013134519803054134,2
core,causal_relation,relation_revision,True,Random-Edit,27,core,0.9996936624777982,0.00030643139363550903,0.001441951471249654,0.0,1.0,1.0,0.000566768859412814,2
core,causal_relation,relation_revision,True,Random-Edit,28,core,0.9998162028324434,0.00018383095516533475,0.00018383095516533475,1.0,0.0,0.0,0.0,2
core,causal_relation,relation_revision,True,Random-Edit,29,core,0.9990953911900877,0.0009054278679383433,0.0009054278679383433,1.0,0.0,0.0,0.0,2
core,causal_relation,relation_revision,True,Random-Edit,30,core,0.9993979643085007,0.0006023983568106652,0.00017269201789865286,0.0,1.0,1.0,0.0,2
core,causal_relation,relation_revision,True,Random-Edit,31,core,0.9996331222128266,0.0003670124358837167,1.618079818724234e-05,0.0,1.0,1.0,0.0,2
core,causal_relation,relation_revision,True,Random-Edit,32,core,0.997834949573337,0.00216974804058392,0.00216974804058392,1.0,0.0,0.0,0.0,2
core,causal_relation,relation_revision,True,Random-Edit,33,core,0.9998046008006182,0.00019543738769087045,0.00019543738769087045,1.0,0.0,0.0,0.0,2
core,causal_relation,relation_revision,True,Random-Edit,34,core,0.9998109362431712,0.00018909950869245638,0.00018909950869245638,1.0,0.0,0.0,0.0,2
core,causal_relation,relation_revision,True,Random-Edit,35,core,0.9999682919632489,3.170904218268679e-05,0.0008702462647880761,0.0,1.0,1.0,0.0004188907789824392,2
core,causal_relation,relation_revision,True,Random-Edit,36,core,0.9997218392606055,0.00027823813431964865,0.00042672331204518396,0.0,1.0,1.0,7.419027876787165e-05,2
core,causal_relation,relation_revision,True,Random-Edit,37,core,0.9996134321986987,0.00038671729375522866,0.00038671729375522866,1.0,0.0,0.0,0.0,2
core,causal_relation,relation_revision,True,Random-Edit,38,core,0.9999749550133022,2.5045613964855134e-05,0.0008267868597734957,0.0,1.0,1.0,0.0004005294306347329,2
core,causal_relation,relation_revision,True,Random-Edit,39,core,0.9999101917934929,8.981627274540847e-05,8.981627274540847e-05,1.0,0.0,0.0,0.0,2
core,causal_relation,relation_revision,True,Random-Edit,40,core,0.9997977406719757,0.00020230024513599731,0.00020230024513599731,1.0,0.0,0.0,0.0,2
core,causal_relation,relation_revision,True,Random-Edit,41,core,0.9984480336510845,0.0015543786923395322,0.0015543786923395322,1.0,0.0,0.0,0.0,2
core,causal_relation,relation_revision,True,Random-Edit,42,core,0.9999783911246589,2.1609342294646657e-05,2.1609342294646657e-05,1.0,0.0,0.0,0.0,2
core,causal_relation,relation_revision,True,Random-Edit,43,core,0.9993968965948989,0.0006034673583197604,6.707392089971405e-07,0.0,1.0,1.0,0.0,2
core,causal_relation,relation_revision,True,Random-Edit,44,core,0.9999953931295514,4.606891671914285e-06,0.000771245747556774,0.0,1.0,1.0,0.00038302225775199705,2
core,causal_relation,relation_revision,True,Random-Edit,45,core,0.9999866678470091,1.3332330739727576e-05,0.0004206212744438653,0.0,1.0,1.0,0.0002035561367911276,2
core,causal_relation,relation_revision,True,Random-Edit,46,core,0.9995873463510617,0.00041282400226920745,0.001031981594797125,0.0,1.0,1.0,0.00030913202887994373,2
core,causal_relation,relation_revision,True,Random-Edit,47,core,0.9999674261480668,3.257491302376988e-05,0.00037038395545601304,0.0,1.0,1.0,0.00016883648502019621,2
core,causal_relation,relation_revision,True,Random-Edit,48,core,0.9974862215131949,0.0025201134938903076,0.00023089917638978428,0.0,1.0,1.0,0.0,2
core,causal_relation,relation_revision,True,Random-Edit,49,core,0.9978575708024564,0.0021470290552797256,0.0001849552795061973,0.0,1.0,1.0,0.0,2
core,causal_relation,relation_revision,True,Flat-Search,0,core,0.9999993097511394,6.902493370704435e-07,5.992602450431808e-06,0.0,1.0,1.0,2.6511588394062535e-06,2
core,causal_relation,relation_revision,True,Flat-Search,1,core,0.9991604693649591,0.0008402360389364506,6.63946916407409e-08,0.0,1.0,1.0,0.0,2
core,causal_relation,relation_revision,True,Flat-Search,2,core,0.999722447253083,0.0002776298038316024,4.180062140647722e-05,0.0,1.0,1.0,0.0,2
core,causal_relation,relation_revision,True,Flat-Search,3,core,0.9999981918920945,1.8081111748179113e-06,0.002070437178587159,0.0,1.0,1.0,0.0010321756087985912,2
core,causal_relation,relation_revision,True,Flat-Search,4,core,0.9998375954821933,0.00016243089731825654,0.001518464248521815,0.0,1.0,1.0,0.000676878746453391,2
core,causal_relation,relation_revision,True,Flat-Search,5,core,0.9998211192786124,0.00017891272542509698,5.536097565925314e-05,0.0,1.0,1.0,0.0,2
core,causal_relation,relation_revision,True,Flat-Search,6,core,0.9988304630151663,0.0011709064031779025,0.00044630770058578015,0.0,1.0,1.0,0.0,2
core,causal_relation,relation_revision,True,Flat-Search,7,core,0.9999124969369383,8.751072051772339e-05,3.4335538368723197e-06,0.0,1.0,1.0,0.0,2
core,causal_relation,relation_revision,True,Flat-Search,8,core,0.9989511501978687,0.0010499510430749437,0.0005178566101064444,0.0,1.0,1.0,0.0,2
core,causal_relation,relation_revision,True,Flat-Search,9,core,0.9999375577282822,6.244617099868368e-05,1.8345549735287285e-05,0.0,1.0,1.0,0.0,2
core,causal_relation,relation_revision,True,Flat-Search,10,core,0.9998767423601712,0.00012327283414745137,5.223524616112146e-05,0.0,1.0,1.0,0.0,2
core,causal_relation,relation_revision,True,Flat-Search,11,core,0.9996968834520408,0.0003032084554594067,0.00016005059695648326,0.0,1.0,1.0,0.0,2
core,causal_relation,relation_revision,True,Flat-Search,12,core,0.9981893917885117,0.0018138924600713303,0.002037594464342591,0.0,1.0,1.0,0.00011142145205877974,2
core,causal_relation,relation_revision,True,Flat-Search,13,core,0.999996636241157,3.3637701580569776e-06,9.786719716840325e-06,0.0,1.0,1.0,3.21143254744527e-06,2
core,causal_relation,relation_revision,True,Flat-Search,14,core,0.999899345786389,0.00010066434590157024,0.0019546262322047174,0.0,1.0,1.0,0.0009250794540459628,2
core,causal_relation,relation_revision,True,Flat-Search,15,core,0.9992172236398952,0.0007833895789479033,4.8031846264556825e-05,0.0,1.0,1.0,0.0,2
core,causal_relation,relation_revision,True,Flat-Search,16,core,0.9999837050002967,1.6295265234658956e-05,1.7741432733216568e-05,0.0,1.0,1.0,7.230591384521645e-07,2
core,causal_relation,relation_revision,True,Flat-Search,17,core,0.9981233095222782,0.0018802190669407102,0.0005489731429172444,0.0,1.0,1.0,0.0,2
core,causal_relation,relation_revision,True,Flat-Search,18,core,0.9999999585785814,4.1421420314716474e-08,4.3504139172306355e-06,0.0,1.0,1.0,2.1544867863654282e-06,2
core,causal_relation,relation_revision,True,Flat-Search,19,core,0.9999160697175848,8.393732729865178e-05,7.940080009512914e-05,0.0,1.0,1.0,0.0,2
core,causal_relation,relation_revision,True,Flat-Search,20,core,0.9998091446812273,0.00019089175147878566,0.00013160311764132961,0.0,1.0,1.0,0.0,2
core,causal_relation,relation_revision,True,Flat-Search,21,core,0.9999187033503385,8.130325934405227e-05,4.8807256335907696e-05,0.0,1.0,1.0,0.0,2
core,causal_relation,relation_revision,True,Flat-Search,22,core,0.9995176516241834,0.0004825811480494506,1.648991225675616e-05,0.0,1.0,1.0,0.0,2
core,causal_relation,relation_revision,True,Flat-Search,23,core,0.9992312371584262,0.0007693542925660338,0.0002618122927096826,0.0,1.0,1.0,0.0,2
core,causal_relation,relation_revision,True,Flat-Search,24,core,0.9995334918945659,0.0004667258368200581,0.0005516287418637896,0.0,1.0,1.0,4.240825496287792e-05,2
core,causal_relation,relation_revision,True,Flat-Search,25,core,0.9999139593998068,8.604800381523739e-05,0.00018551686930265565,0.0,1.0,1.0,4.9720929492125254e-05,2
core,causal_relation,relation_revision,True,Flat-Search,26,core,0.9999910692726488,8.930807109933733e-06,0.0002716949214920328,0.0,1.0,1.0,0.00013134519803054134,2
core,causal_relation,relation_revision,True,Flat-Search,27,core,0.9996936624777982,0.00030643139363550903,0.001441951471249654,0.0,1.0,1.0,0.000566768859412814,2
core,causal_relation,relation_revision,True,Flat-Search,28,core,0.9999846484053367,1.5351830338227777e-05,0.00018383095516533475,0.0,1.0,1.0,8.422278644665271e-05,2
core,causal_relation,relation_revision,True,Flat-Search,29,core,0.9993631646386085,0.0006372411791081248,0.0009054278679383433,0.0,1.0,1.0,0.00013388672426040138,2
core,causal_relation,relation_revision,True,Flat-Search,30,core,0.9993979643085007,0.0006023983568106652,0.00017269201789865286,0.0,1.0,1.0,0.0,2
core,causal_relation,relation_revision,True,Flat-Search,31,core,0.9996331222128266,0.0003670124358837167,1.618079818724234e-05,0.0,1.0,1.0,0.0,2
core,causal_relation,relation_revision,True,Flat-Search,32,core,0.9994152690582714,0.000585073052045423,0.00216974804058392,0.0,1.0,1.0,0.0007901597424672113,2
core,causal_relation,relation_revision,True,Flat-Search,33,core,0.9999400176293539,5.998596874657357e-05,0.00019543738769087045,0.0,1.0,1.0,6.7708414367873e-05,2
core,causal_relation,relation_revision,True,Flat-Search,34,core,0.9991435114648543,0.0008572227365916192,0.00018909950869245638,0.0,1.0,1.0,0.0,2
core,causal_relation,relation_revision,True,Flat-Search,35,core,0.9999682919632489,3.170904218268679e-05,0.0008702462647880761,0.0,1.0,1.0,0.0004188907789824392,2
core,causal_relation,relation_revision,True,Flat-Search,36,core,0.9997218392606055,0.00027823813431964865,0.00042672331204518396,0.0,1.0,1.0,7.419027876787165e-05,2
core,causal_relation,relation_revision,True,Flat-Search,37,core,0.9998529253927116,0.00014709624141033984,0.00038671729375522866,0.0,1.0,1.0,0.00011974659700647594,2
core,causal_relation,relation_revision,True,Flat-Search,38,core,0.9999749550133022,2.5045613964855134e-05,0.0008267868597734957,0.0,1.0,1.0,0.0004005294306347329,2
core,causal_relation,relation_revision,True,Flat-Search,39,core,0.9998440454865474,0.000155978839056493,8.981627274540847e-05,0.0,1.0,1.0,0.0,2
core,causal_relation,relation_revision,True,Flat-Search,40,core,0.9998017187126746,0.000198320610591413,0.00020230024513599731,0.0,1.0,1.0,1.9890203494798975e-06,2
core,causal_relation,relation_revision,True,Flat-Search,41,core,0.9997184623707189,0.0002816169150396225,0.0015543786923395322,0.0,1.0,1.0,0.0006352143598172266,2
core,causal_relation,relation_revision,True,Flat-Search,42,core,0.9998458065614718,0.00015421721781121473,2.1609342294646657e-05,0.0,1.0,1.0,0.0,2
core,causal_relation,relation_revision,True,Flat-Search,43,core,0.9993968965948989,0.0006034673583197604,6.707392089971405e-07,0.0,1.0,1.0,0.0,2
core,causal_relation,relation_revision,True,Flat-Search,44,core,0.9999953931295514,4.606891671914285e-06,0.000771245747556774,0.0,1.0,1.0,0.00038302225775199705,2
core,causal_relation,relation_revision,True,Flat-Search,45,core,0.9999866678470091,1.3332330739727576e-05,0.0004206212744438653,0.0,1.0,1.0,0.0002035561367911276,2
core,causal_relation,relation_revision,True,Flat-Search,46,core,0.9995873463510617,0.00041282400226920745,0.001031981594797125,0.0,1.0,1.0,0.00030913202887994373,2
core,causal_relation,relation_revision,True,Flat-Search,47,core,0.9999674261480668,3.257491302376988e-05,0.00037038395545601304,0.0,1.0,1.0,0.00016883648502019621,2
core,causal_relation,relation_revision,True,Flat-Search,48,core,0.9974862215131949,0.0025201134938903076,0.00023089917638978428,0.0,1.0,1.0,0.0,2
core,causal_relation,relation_revision,True,Flat-Search,49,core,0.9978575708024564,0.0021470290552797256,0.0001849552795061973,0.0,1.0,1.0,0.0,2
core,causal_relation,relation_revision,True,MDL-Flat,0,core,0.9999993097511394,6.902493370704435e-07,5.992602450431808e-06,0.0,1.0,1.0,2.6511588394062535e-06,2
core,causal_relation,relation_revision,True,MDL-Flat,1,core,0.9991604693649591,0.0008402360389364506,6.63946916407409e-08,0.0,1.0,1.0,0.0,2
core,causal_relation,relation_revision,True,MDL-Flat,2,core,0.999722447253083,0.0002776298038316024,4.180062140647722e-05,0.0,1.0,1.0,0.0,2
core,causal_relation,relation_revision,True,MDL-Flat,3,core,0.9999981918920945,1.8081111748179113e-06,0.002070437178587159,0.0,1.0,1.0,0.0010321756087985912,2
core,causal_relation,relation_revision,True,MDL-Flat,4,core,0.9998375954821933,0.00016243089731825654,0.001518464248521815,0.0,1.0,1.0,0.000676878746453391,2
core,causal_relation,relation_revision,True,MDL-Flat,5,core,0.9998211192786124,0.00017891272542509698,5.536097565925314e-05,0.0,1.0,1.0,0.0,2
core,causal_relation,relation_revision,True,MDL-Flat,6,core,0.9988304630151663,0.0011709064031779025,0.00044630770058578015,0.0,1.0,1.0,0.0,2
core,causal_relation,relation_revision,True,MDL-Flat,7,core,0.9999124969369383,8.751072051772339e-05,3.4335538368723197e-06,0.0,1.0,1.0,0.0,2
core,causal_relation,relation_revision,True,MDL-Flat,8,core,0.9989511501978687,0.0010499510430749437,0.0005178566101064444,0.0,1.0,1.0,0.0,2
core,causal_relation,relation_revision,True,MDL-Flat,9,core,0.9999375577282822,6.244617099868368e-05,1.8345549735287285e-05,0.0,1.0,1.0,0.0,2
core,causal_relation,relation_revision,True,MDL-Flat,10,core,0.9998767423601712,0.00012327283414745137,5.223524616112146e-05,0.0,1.0,1.0,0.0,2
core,causal_relation,relation_revision,True,MDL-Flat,11,core,0.9996968834520408,0.0003032084554594067,0.00016005059695648326,0.0,1.0,1.0,0.0,2
core,causal_relation,relation_revision,True,MDL-Flat,12,core,0.9981893917885117,0.0018138924600713303,0.002037594464342591,0.0,1.0,1.0,0.00011142145205877974,2
core,causal_relation,relation_revision,True,MDL-Flat,13,core,0.999996636241157,3.3637701580569776e-06,9.786719716840325e-06,0.0,1.0,1.0,3.21143254744527e-06,2
core,causal_relation,relation_revision,True,MDL-Flat,14,core,0.999899345786389,0.00010066434590157024,0.0019546262322047174,0.0,1.0,1.0,0.0009250794540459628,2
core,causal_relation,relation_revision,True,MDL-Flat,15,core,0.9992172236398952,0.0007833895789479033,4.8031846264556825e-05,0.0,1.0,1.0,0.0,2
core,causal_relation,relation_revision,True,MDL-Flat,16,core,0.9999837050002967,1.6295265234658956e-05,1.7741432733216568e-05,0.0,1.0,1.0,7.230591384521645e-07,2
core,causal_relation,relation_revision,True,MDL-Flat,17,core,0.9981233095222782,0.0018802190669407102,0.0005489731429172444,0.0,1.0,1.0,0.0,2
core,causal_relation,relation_revision,True,MDL-Flat,18,core,0.9999999585785814,4.1421420314716474e-08,4.3504139172306355e-06,0.0,1.0,1.0,2.1544867863654282e-06,2
core,causal_relation,relation_revision,True,MDL-Flat,19,core,0.9999160697175848,8.393732729865178e-05,7.940080009512914e-05,0.0,1.0,1.0,0.0,2
core,causal_relation,relation_revision,True,MDL-Flat,20,core,0.9998091446812273,0.00019089175147878566,0.00013160311764132961,0.0,1.0,1.0,0.0,2
core,causal_relation,relation_revision,True,MDL-Flat,21,core,0.9999187033503385,8.130325934405227e-05,4.8807256335907696e-05,0.0,1.0,1.0,0.0,2
core,causal_relation,relation_revision,True,MDL-Flat,22,core,0.9995176516241834,0.0004825811480494506,1.648991225675616e-05,0.0,1.0,1.0,0.0,2
core,causal_relation,relation_revision,True,MDL-Flat,23,core,0.9992312371584262,0.0007693542925660338,0.0002618122927096826,0.0,1.0,1.0,0.0,2
core,causal_relation,relation_revision,True,MDL-Flat,24,core,0.9995334918945659,0.0004667258368200581,0.0005516287418637896,0.0,1.0,1.0,4.240825496287792e-05,2
core,causal_relation,relation_revision,True,MDL-Flat,25,core,0.9999139593998068,8.604800381523739e-05,0.00018551686930265565,0.0,1.0,1.0,4.9720929492125254e-05,2
core,causal_relation,relation_revision,True,MDL-Flat,26,core,0.9999910692726488,8.930807109933733e-06,0.0002716949214920328,0.0,1.0,1.0,0.00013134519803054134,2
core,causal_relation,relation_revision,True,MDL-Flat,27,core,0.9996936624777982,0.00030643139363550903,0.001441951471249654,0.0,1.0,1.0,0.000566768859412814,2
core,causal_relation,relation_revision,True,MDL-Flat,28,core,0.9999846484053367,1.5351830338227777e-05,0.00018383095516533475,0.0,1.0,1.0,8.422278644665271e-05,2
core,causal_relation,relation_revision,True,MDL-Flat,29,core,0.9993631646386085,0.0006372411791081248,0.0009054278679383433,0.0,1.0,1.0,0.00013388672426040138,2
core,causal_relation,relation_revision,True,MDL-Flat,30,core,0.9993979643085007,0.0006023983568106652,0.00017269201789865286,0.0,1.0,1.0,0.0,2
core,causal_relation,relation_revision,True,MDL-Flat,31,core,0.9996331222128266,0.0003670124358837167,1.618079818724234e-05,0.0,1.0,1.0,0.0,2
core,causal_relation,relation_revision,True,MDL-Flat,32,core,0.9994152690582714,0.000585073052045423,0.00216974804058392,0.0,1.0,1.0,0.0007901597424672113,2
core,causal_relation,relation_revision,True,MDL-Flat,33,core,0.9999400176293539,5.998596874657357e-05,0.00019543738769087045,0.0,1.0,1.0,6.7708414367873e-05,2
core,causal_relation,relation_revision,True,MDL-Flat,34,core,0.9991435114648543,0.0008572227365916192,0.00018909950869245638,0.0,1.0,1.0,0.0,2
core,causal_relation,relation_revision,True,MDL-Flat,35,core,0.9999682919632489,3.170904218268679e-05,0.0008702462647880761,0.0,1.0,1.0,0.0004188907789824392,2
core,causal_relation,relation_revision,True,MDL-Flat,36,core,0.9997218392606055,0.00027823813431964865,0.00042672331204518396,0.0,1.0,1.0,7.419027876787165e-05,2
core,causal_relation,relation_revision,True,MDL-Flat,37,core,0.9998529253927116,0.00014709624141033984,0.00038671729375522866,0.0,1.0,1.0,0.00011974659700647594,2
core,causal_relation,relation_revision,True,MDL-Flat,38,core,0.9999749550133022,2.5045613964855134e-05,0.0008267868597734957,0.0,1.0,1.0,0.0004005294306347329,2
core,causal_relation,relation_revision,True,MDL-Flat,39,core,0.9998440454865474,0.000155978839056493,8.981627274540847e-05,0.0,1.0,1.0,0.0,2
core,causal_relation,relation_revision,True,MDL-Flat,40,core,0.9998017187126746,0.000198320610591413,0.00020230024513599731,0.0,1.0,1.0,1.9890203494798975e-06,2
core,causal_relation,relation_revision,True,MDL-Flat,41,core,0.9997184623707189,0.0002816169150396225,0.0015543786923395322,0.0,1.0,1.0,0.0006352143598172266,2
core,causal_relation,relation_revision,True,MDL-Flat,42,core,0.9998458065614718,0.00015421721781121473,2.1609342294646657e-05,0.0,1.0,1.0,0.0,2
core,causal_relation,relation_revision,True,MDL-Flat,43,core,0.9993968965948989,0.0006034673583197604,6.707392089971405e-07,0.0,1.0,1.0,0.0,2
core,causal_relation,relation_revision,True,MDL-Flat,44,core,0.9999953931295514,4.606891671914285e-06,0.000771245747556774,0.0,1.0,1.0,0.00038302225775199705,2
core,causal_relation,relation_revision,True,MDL-Flat,45,core,0.9999866678470091,1.3332330739727576e-05,0.0004206212744438653,0.0,1.0,1.0,0.0002035561367911276,2
core,causal_relation,relation_revision,True,MDL-Flat,46,core,0.9995873463510617,0.00041282400226920745,0.001031981594797125,0.0,1.0,1.0,0.00030913202887994373,2
core,causal_relation,relation_revision,True,MDL-Flat,47,core,0.9999674261480668,3.257491302376988e-05,0.00037038395545601304,0.0,1.0,1.0,0.00016883648502019621,2
core,causal_relation,relation_revision,True,MDL-Flat,48,core,0.9974862215131949,0.0025201134938903076,0.00023089917638978428,0.0,1.0,1.0,0.0,2
core,causal_relation,relation_revision,True,MDL-Flat,49,core,0.9978575708024564,0.0021470290552797256,0.0001849552795061973,0.0,1.0,1.0,0.0,2
core,causal_relation,relation_revision,True,EIC-NoMargin,0,core,0.9999940074334606,5.992602450431808e-06,5.992602450431808e-06,1.0,0.0,0.0,0.0,2
core,causal_relation,relation_revision,True,EIC-NoMargin,1,core,0.9999999336053127,6.63946916407409e-08,6.63946916407409e-08,1.0,0.0,0.0,0.0,2
core,causal_relation,relation_revision,True,EIC-NoMargin,2,core,0.9999582011258125,4.180062140647722e-05,4.180062140647722e-05,1.0,0.0,0.0,0.0,2
core,causal_relation,relation_revision,True,EIC-NoMargin,3,core,0.9979338406744973,0.002070437178587159,0.002070437178587159,1.0,0.0,0.0,0.0,2
core,causal_relation,relation_revision,True,EIC-NoMargin,4,core,0.9984838379892865,0.001518464248521815,0.001518464248521815,1.0,0.0,0.0,0.0,2
core,causal_relation,relation_revision,True,EIC-NoMargin,5,core,0.9999446420890087,5.536097565925314e-05,5.536097565925314e-05,1.0,0.0,0.0,0.0,2
core,causal_relation,relation_revision,True,EIC-NoMargin,6,core,0.9995538914011172,0.00044630770058578015,0.00044630770058578015,1.0,0.0,0.0,0.0,2
core,causal_relation,relation_revision,True,EIC-NoMargin,7,core,0.9999965664579524,3.4335538368723197e-06,3.4335538368723197e-06,1.0,0.0,0.0,0.0,2
core,causal_relation,relation_revision,True,EIC-NoMargin,8,core,0.9994824114265576,0.0005178566101064444,0.0005178566101064444,1.0,0.0,0.0,0.0,2
core,causal_relation,relation_revision,True,EIC-NoMargin,9,core,0.9999816547868177,1.8345549735287285e-05,1.8345549735287285e-05,1.0,0.0,0.0,0.0,2
core,causal_relation,relation_revision,True,EIC-NoMargin,10,core,0.9999477674822173,5.223524616112146e-05,5.223524616112146e-05,1.0,0.0,0.0,0.0,2
core,causal_relation,relation_revision,True,EIC-NoMargin,11,core,0.9998399750151378,0.00016005059695648326,0.00016005059695648326,1.0,0.0,0.0,0.0,2
core,causal_relation,relation_revision,True,EIC-NoMargin,12,core,0.9979665488843942,0.002037594464342591,0.002037594464342591,1.0,0.0,0.0,0.0,2
core,causal_relation,relation_revision,True,EIC-NoMargin,13,core,0.9999902133760621,9.786719716840325e-06,9.786719716840325e-06,1.0,0.0,0.0,0.0,2
core,causal_relation,relation_revision,True,EIC-NoMargin,14,core,0.998049186878297,0.0019546262322047174,0.0019546262322047174,1.0,0.0,0.0,0.0,2
core,causal_relation,relation_revision,True,EIC-NoMargin,15,core,0.9999519704606828,4.8031846264556825e-05,4.8031846264556825e-05,1.0,0.0,0.0,0.0,2
core,causal_relation,relation_revision,True,EIC-NoMargin,16,core,0.9999822588820197,1.7741432733216568e-05,1.7741432733216568e-05,1.0,0.0,0.0,0.0,2
core,causal_relation,relation_revision,True,EIC-NoMargin,17,core,0.9981233095222782,0.0018802190669407102,0.0005489731429172444,0.0,1.0,1.0,0.0,2
core,causal_relation,relation_revision,True,EIC-NoMargin,18,core,0.9999956496050086,4.3504139172306355e-06,4.3504139172306355e-06,1.0,0.0,0.0,0.0,2
core,causal_relation,relation_revision,True,EIC-NoMargin,19,core,0.9999206055038915,7.940080009512914e-05,7.940080009512914e-05,1.0,0.0,0.0,0.0,2
core,causal_relation,relation_revision,True,EIC-NoMargin,20,core,0.9998684141994604,0.00013160311764132961,0.00013160311764132961,1.0,0.0,0.0,0.0,2
core,causal_relation,relation_revision,True,EIC-NoMargin,21,core,0.9999511951256962,4.8807256335907696e-05,4.8807256335907696e-05,1.0,0.0,0.0,0.0,2
core,causal_relation,relation_revision,True,EIC-NoMargin,22,core,0.9999835103596559,1.648991225675616e-05,1.648991225675616e-05,1.0,0.0,0.0,0.0,2
core,causal_relation,relation_revision,True,EIC-NoMargin,23,core,0.9997382562350257,0.0002618122927096826,0.0002618122927096826,1.0,0.0,0.0,0.0,2
core,causal_relation,relation_revision,True,EIC-NoMargin,24,core,0.9994486753846401,0.0005516287418637896,0.0005516287418637896,1.0,0.0,0.0,0.0,2
core,causal_relation,relation_revision,True,EIC-NoMargin,25,core,0.9998145175408225,0.00018551686930265565,0.00018551686930265565,1.0,0.0,0.0,0.0,2
core,causal_relation,relation_revision,True,EIC-NoMargin,26,core,0.9997283788765877,0.0002716949214920328,0.0002716949214920328,1.0,0.0,0.0,0.0,2
core,causal_relation,relation_revision,True,EIC-NoMargin,27,core,0.9985601247589726,0.001441951471249654,0.001441951471249654,1.0,0.0,0.0,0.0,2
core,causal_relation,relation_revision,True,EIC-NoMargin,28,core,0.9998162028324434,0.00018383095516533475,0.00018383095516533475,1.0,0.0,0.0,0.0,2
core,causal_relation,relation_revision,True,EIC-NoMargin,29,core,0.9990953911900877,0.0009054278679383433,0.0009054278679383433,1.0,0.0,0.0,0.0,2
core,causal_relation,relation_revision,True,EIC-NoMargin,30,core,0.9998273377994852,0.00017269201789865286,0.00017269201789865286,1.0,0.0,0.0,0.0,2
core,causal_relation,relation_revision,True,EIC-NoMargin,31,core,0.9999838194636267,1.618079818724234e-05,1.618079818724234e-05,1.0,0.0,0.0,0.0,2
core,causal_relation,relation_revision,True,EIC-NoMargin,32,core,0.997834949573337,0.00216974804058392,0.00216974804058392,1.0,0.0,0.0,0.0,2
core,causal_relation,relation_revision,True,EIC-NoMargin,33,core,0.9998046008006182,0.00019543738769087045,0.00019543738769087045,1.0,0.0,0.0,0.0,2
core,causal_relation,relation_revision,True,EIC-NoMargin,34,core,0.9998109362431712,0.00018909950869245638,0.00018909950869245638,1.0,0.0,0.0,0.0,2
core,causal_relation,relation_revision,True,EIC-NoMargin,35,core,0.999130510405284,0.0008702462647880761,0.0008702462647880761,1.0,0.0,0.0,0.0,2
core,causal_relation,relation_revision,True,EIC-NoMargin,36,core,0.9995734587030698,0.00042672331204518396,0.00042672331204518396,1.0,0.0,0.0,0.0,2
core,causal_relation,relation_revision,True,EIC-NoMargin,37,core,0.9996134321986987,0.00038671729375522866,0.00038671729375522866,1.0,0.0,0.0,0.0,2
core,causal_relation,relation_revision,True,EIC-NoMargin,38,core,0.9991738961520328,0.0008267868597734957,0.0008267868597734957,1.0,0.0,0.0,0.0,2
core,causal_relation,relation_revision,True,EIC-NoMargin,39,core,0.9999101917934929,8.981627274540847e-05,8.981627274540847e-05,1.0,0.0,0.0,0.0,2
core,causal_relation,relation_revision,True,EIC-NoMargin,40,core,0.9997977406719757,0.00020230024513599731,0.00020230024513599731,1.0,0.0,0.0,0.0,2
core,causal_relation,relation_revision,True,EIC-NoMargin,41,core,0.9984480336510845,0.0015543786923395322,0.0015543786923395322,1.0,0.0,0.0,0.0,2
core,causal_relation,relation_revision,True,EIC-NoMargin,42,core,0.9999783911246589,2.1609342294646657e-05,2.1609342294646657e-05,1.0,0.0,0.0,0.0,2
core,causal_relation,relation_revision,True,EIC-NoMargin,43,core,0.9999993292612408,6.707392089971405e-07,6.707392089971405e-07,1.0,0.0,0.0,0.0,2
core,causal_relation,relation_revision,True,EIC-NoMargin,44,core,0.9992293486140474,0.000771245747556774,0.000771245747556774,1.0,0.0,0.0,0.0,2
core,causal_relation,relation_revision,True,EIC-NoMargin,45,core,0.9995795555734268,0.0004206212744438653,0.0004206212744438653,1.0,0.0,0.0,0.0,2
core,causal_relation,relation_revision,True,EIC-NoMargin,46,core,0.9989690822933018,0.001031981594797125,0.001031981594797125,1.0,0.0,0.0,0.0,2
core,causal_relation,relation_revision,True,EIC-NoMargin,47,core,0.9996297531780264,0.00037038395545601304,0.00037038395545601304,1.0,0.0,0.0,0.0,2
core,causal_relation,relation_revision,True,EIC-NoMargin,48,core,0.9997691541257325,0.00023089917638978428,0.00023089917638978428,1.0,0.0,0.0,0.0,2
core,causal_relation,relation_revision,True,EIC-NoMargin,49,core,0.9978575708024564,0.0021470290552797256,0.0001849552795061973,0.0,1.0,1.0,0.0,2
core,causal_relation,relation_revision,True,EIC-NoCost,0,core,0.9999940074334606,5.992602450431808e-06,5.992602450431808e-06,1.0,0.0,0.0,0.0,2
core,causal_relation,relation_revision,True,EIC-NoCost,1,core,0.9999999336053127,6.63946916407409e-08,6.63946916407409e-08,1.0,0.0,0.0,0.0,2
core,causal_relation,relation_revision,True,EIC-NoCost,2,core,0.9999582011258125,4.180062140647722e-05,4.180062140647722e-05,1.0,0.0,0.0,0.0,2
core,causal_relation,relation_revision,True,EIC-NoCost,3,core,0.9979338406744973,0.002070437178587159,0.002070437178587159,1.0,0.0,0.0,0.0,2
core,causal_relation,relation_revision,True,EIC-NoCost,4,core,0.9984838379892865,0.001518464248521815,0.001518464248521815,1.0,0.0,0.0,0.0,2
core,causal_relation,relation_revision,True,EIC-NoCost,5,core,0.9999446420890087,5.536097565925314e-05,5.536097565925314e-05,1.0,0.0,0.0,0.0,2
core,causal_relation,relation_revision,True,EIC-NoCost,6,core,0.9995538914011172,0.00044630770058578015,0.00044630770058578015,1.0,0.0,0.0,0.0,2
core,causal_relation,relation_revision,True,EIC-NoCost,7,core,0.9999965664579524,3.4335538368723197e-06,3.4335538368723197e-06,1.0,0.0,0.0,0.0,2
core,causal_relation,relation_revision,True,EIC-NoCost,8,core,0.9994824114265576,0.0005178566101064444,0.0005178566101064444,1.0,0.0,0.0,0.0,2
core,causal_relation,relation_revision,True,EIC-NoCost,9,core,0.9999816547868177,1.8345549735287285e-05,1.8345549735287285e-05,1.0,0.0,0.0,0.0,2
core,causal_relation,relation_revision,True,EIC-NoCost,10,core,0.9999477674822173,5.223524616112146e-05,5.223524616112146e-05,1.0,0.0,0.0,0.0,2
core,causal_relation,relation_revision,True,EIC-NoCost,11,core,0.9998399750151378,0.00016005059695648326,0.00016005059695648326,1.0,0.0,0.0,0.0,2
core,causal_relation,relation_revision,True,EIC-NoCost,12,core,0.9979665488843942,0.002037594464342591,0.002037594464342591,1.0,0.0,0.0,0.0,2
core,causal_relation,relation_revision,True,EIC-NoCost,13,core,0.9999902133760621,9.786719716840325e-06,9.786719716840325e-06,1.0,0.0,0.0,0.0,2
core,causal_relation,relation_revision,True,EIC-NoCost,14,core,0.998049186878297,0.0019546262322047174,0.0019546262322047174,1.0,0.0,0.0,0.0,2
core,causal_relation,relation_revision,True,EIC-NoCost,15,core,0.9999519704606828,4.8031846264556825e-05,4.8031846264556825e-05,1.0,0.0,0.0,0.0,2
core,causal_relation,relation_revision,True,EIC-NoCost,16,core,0.9999822588820197,1.7741432733216568e-05,1.7741432733216568e-05,1.0,0.0,0.0,0.0,2
core,causal_relation,relation_revision,True,EIC-NoCost,17,core,0.9994513280632402,0.0005489731429172444,0.0005489731429172444,1.0,0.0,0.0,0.0,2
core,causal_relation,relation_revision,True,EIC-NoCost,18,core,0.9999956496050086,4.3504139172306355e-06,4.3504139172306355e-06,1.0,0.0,0.0,0.0,2
core,causal_relation,relation_revision,True,EIC-NoCost,19,core,0.9999206055038915,7.940080009512914e-05,7.940080009512914e-05,1.0,0.0,0.0,0.0,2
core,causal_relation,relation_revision,True,EIC-NoCost,20,core,0.9998684141994604,0.00013160311764132961,0.00013160311764132961,1.0,0.0,0.0,0.0,2
core,causal_relation,relation_revision,True,EIC-NoCost,21,core,0.9999511951256962,4.8807256335907696e-05,4.8807256335907696e-05,1.0,0.0,0.0,0.0,2
core,causal_relation,relation_revision,True,EIC-NoCost,22,core,0.9999835103596559,1.648991225675616e-05,1.648991225675616e-05,1.0,0.0,0.0,0.0,2
core,causal_relation,relation_revision,True,EIC-NoCost,23,core,0.9997382562350257,0.0002618122927096826,0.0002618122927096826,1.0,0.0,0.0,0.0,2
core,causal_relation,relation_revision,True,EIC-NoCost,24,core,0.9994486753846401,0.0005516287418637896,0.0005516287418637896,1.0,0.0,0.0,0.0,2
core,causal_relation,relation_revision,True,EIC-NoCost,25,core,0.9998145175408225,0.00018551686930265565,0.00018551686930265565,1.0,0.0,0.0,0.0,2
core,causal_relation,relation_revision,True,EIC-NoCost,26,core,0.9997283788765877,0.0002716949214920328,0.0002716949214920328,1.0,0.0,0.0,0.0,2
core,causal_relation,relation_revision,True,EIC-NoCost,27,core,0.9985601247589726,0.001441951471249654,0.001441951471249654,1.0,0.0,0.0,0.0,2
core,causal_relation,relation_revision,True,EIC-NoCost,28,core,0.9998162028324434,0.00018383095516533475,0.00018383095516533475,1.0,0.0,0.0,0.0,2
core,causal_relation,relation_revision,True,EIC-NoCost,29,core,0.9990953911900877,0.0009054278679383433,0.0009054278679383433,1.0,0.0,0.0,0.0,2
core,causal_relation,relation_revision,True,EIC-NoCost,30,core,0.9998273377994852,0.00017269201789865286,0.00017269201789865286,1.0,0.0,0.0,0.0,2
core,causal_relation,relation_revision,True,EIC-NoCost,31,core,0.9999838194636267,1.618079818724234e-05,1.618079818724234e-05,1.0,0.0,0.0,0.0,2
core,causal_relation,relation_revision,True,EIC-NoCost,32,core,0.997834949573337,0.00216974804058392,0.00216974804058392,1.0,0.0,0.0,0.0,2
core,causal_relation,relation_revision,True,EIC-NoCost,33,core,0.9998046008006182,0.00019543738769087045,0.00019543738769087045,1.0,0.0,0.0,0.0,2
core,causal_relation,relation_revision,True,EIC-NoCost,34,core,0.9998109362431712,0.00018909950869245638,0.00018909950869245638,1.0,0.0,0.0,0.0,2
core,causal_relation,relation_revision,True,EIC-NoCost,35,core,0.999130510405284,0.0008702462647880761,0.0008702462647880761,1.0,0.0,0.0,0.0,2
core,causal_relation,relation_revision,True,EIC-NoCost,36,core,0.9995734587030698,0.00042672331204518396,0.00042672331204518396,1.0,0.0,0.0,0.0,2
core,causal_relation,relation_revision,True,EIC-NoCost,37,core,0.9996134321986987,0.00038671729375522866,0.00038671729375522866,1.0,0.0,0.0,0.0,2
core,causal_relation,relation_revision,True,EIC-NoCost,38,core,0.9991738961520328,0.0008267868597734957,0.0008267868597734957,1.0,0.0,0.0,0.0,2
core,causal_relation,relation_revision,True,EIC-NoCost,39,core,0.9999101917934929,8.981627274540847e-05,8.981627274540847e-05,1.0,0.0,0.0,0.0,2
core,causal_relation,relation_revision,True,EIC-NoCost,40,core,0.9997977406719757,0.00020230024513599731,0.00020230024513599731,1.0,0.0,0.0,0.0,2
core,causal_relation,relation_revision,True,EIC-NoCost,41,core,0.9984480336510845,0.0015543786923395322,0.0015543786923395322,1.0,0.0,0.0,0.0,2
core,causal_relation,relation_revision,True,EIC-NoCost,42,core,0.9999783911246589,2.1609342294646657e-05,2.1609342294646657e-05,1.0,0.0,0.0,0.0,2
core,causal_relation,relation_revision,True,EIC-NoCost,43,core,0.9999993292612408,6.707392089971405e-07,6.707392089971405e-07,1.0,0.0,0.0,0.0,2
core,causal_relation,relation_revision,True,EIC-NoCost,44,core,0.9992293486140474,0.000771245747556774,0.000771245747556774,1.0,0.0,0.0,0.0,2
core,causal_relation,relation_revision,True,EIC-NoCost,45,core,0.9995795555734268,0.0004206212744438653,0.0004206212744438653,1.0,0.0,0.0,0.0,2
core,causal_relation,relation_revision,True,EIC-NoCost,46,core,0.9989690822933018,0.001031981594797125,0.001031981594797125,1.0,0.0,0.0,0.0,2
core,causal_relation,relation_revision,True,EIC-NoCost,47,core,0.9996297531780264,0.00037038395545601304,0.00037038395545601304,1.0,0.0,0.0,0.0,2
core,causal_relation,relation_revision,True,EIC-NoCost,48,core,0.9997691541257325,0.00023089917638978428,0.00023089917638978428,1.0,0.0,0.0,0.0,2
core,causal_relation,relation_revision,True,EIC-NoCost,49,core,0.9998150789226234,0.0001849552795061973,0.0001849552795061973,1.0,0.0,0.0,0.0,2
core,causal_relation,relation_revision,True,EIC-Greedy,0,core,0.9999940074334606,5.992602450431808e-06,5.992602450431808e-06,1.0,0.0,0.0,0.0,2
core,causal_relation,relation_revision,True,EIC-Greedy,1,core,0.9999999336053127,6.63946916407409e-08,6.63946916407409e-08,1.0,0.0,0.0,0.0,2
core,causal_relation,relation_revision,True,EIC-Greedy,2,core,0.9999582011258125,4.180062140647722e-05,4.180062140647722e-05,1.0,0.0,0.0,0.0,2
core,causal_relation,relation_revision,True,EIC-Greedy,3,core,0.9979338406744973,0.002070437178587159,0.002070437178587159,1.0,0.0,0.0,0.0,2
core,causal_relation,relation_revision,True,EIC-Greedy,4,core,0.9984838379892865,0.001518464248521815,0.001518464248521815,1.0,0.0,0.0,0.0,2
core,causal_relation,relation_revision,True,EIC-Greedy,5,core,0.9999446420890087,5.536097565925314e-05,5.536097565925314e-05,1.0,0.0,0.0,0.0,2
core,causal_relation,relation_revision,True,EIC-Greedy,6,core,0.9995538914011172,0.00044630770058578015,0.00044630770058578015,1.0,0.0,0.0,0.0,2
core,causal_relation,relation_revision,True,EIC-Greedy,7,core,0.9999965664579524,3.4335538368723197e-06,3.4335538368723197e-06,1.0,0.0,0.0,0.0,2
core,causal_relation,relation_revision,True,EIC-Greedy,8,core,0.9994824114265576,0.0005178566101064444,0.0005178566101064444,1.0,0.0,0.0,0.0,2
core,causal_relation,relation_revision,True,EIC-Greedy,9,core,0.9999816547868177,1.8345549735287285e-05,1.8345549735287285e-05,1.0,0.0,0.0,0.0,2
core,causal_relation,relation_revision,True,EIC-Greedy,10,core,0.9999477674822173,5.223524616112146e-05,5.223524616112146e-05,1.0,0.0,0.0,0.0,2
core,causal_relation,relation_revision,True,EIC-Greedy,11,core,0.9998399750151378,0.00016005059695648326,0.00016005059695648326,1.0,0.0,0.0,0.0,2
core,causal_relation,relation_revision,True,EIC-Greedy,12,core,0.9979665488843942,0.002037594464342591,0.002037594464342591,1.0,0.0,0.0,0.0,2
core,causal_relation,relation_revision,True,EIC-Greedy,13,core,0.9999902133760621,9.786719716840325e-06,9.786719716840325e-06,1.0,0.0,0.0,0.0,2
core,causal_relation,relation_revision,True,EIC-Greedy,14,core,0.998049186878297,0.0019546262322047174,0.0019546262322047174,1.0,0.0,0.0,0.0,2
core,causal_relation,relation_revision,True,EIC-Greedy,15,core,0.9999519704606828,4.8031846264556825e-05,4.8031846264556825e-05,1.0,0.0,0.0,0.0,2
core,causal_relation,relation_revision,True,EIC-Greedy,16,core,0.9999822588820197,1.7741432733216568e-05,1.7741432733216568e-05,1.0,0.0,0.0,0.0,2
core,causal_relation,relation_revision,True,EIC-Greedy,17,core,0.9994513280632402,0.0005489731429172444,0.0005489731429172444,1.0,0.0,0.0,0.0,2
core,causal_relation,relation_revision,True,EIC-Greedy,18,core,0.9999956496050086,4.3504139172306355e-06,4.3504139172306355e-06,1.0,0.0,0.0,0.0,2
core,causal_relation,relation_revision,True,EIC-Greedy,19,core,0.9999206055038915,7.940080009512914e-05,7.940080009512914e-05,1.0,0.0,0.0,0.0,2
core,causal_relation,relation_revision,True,EIC-Greedy,20,core,0.9998684141994604,0.00013160311764132961,0.00013160311764132961,1.0,0.0,0.0,0.0,2
core,causal_relation,relation_revision,True,EIC-Greedy,21,core,0.9999511951256962,4.8807256335907696e-05,4.8807256335907696e-05,1.0,0.0,0.0,0.0,2
core,causal_relation,relation_revision,True,EIC-Greedy,22,core,0.9999835103596559,1.648991225675616e-05,1.648991225675616e-05,1.0,0.0,0.0,0.0,2
core,causal_relation,relation_revision,True,EIC-Greedy,23,core,0.9997382562350257,0.0002618122927096826,0.0002618122927096826,1.0,0.0,0.0,0.0,2
core,causal_relation,relation_revision,True,EIC-Greedy,24,core,0.9994486753846401,0.0005516287418637896,0.0005516287418637896,1.0,0.0,0.0,0.0,2
core,causal_relation,relation_revision,True,EIC-Greedy,25,core,0.9998145175408225,0.00018551686930265565,0.00018551686930265565,1.0,0.0,0.0,0.0,2
core,causal_relation,relation_revision,True,EIC-Greedy,26,core,0.9997283788765877,0.0002716949214920328,0.0002716949214920328,1.0,0.0,0.0,0.0,2
core,causal_relation,relation_revision,True,EIC-Greedy,27,core,0.9985601247589726,0.001441951471249654,0.001441951471249654,1.0,0.0,0.0,0.0,2
core,causal_relation,relation_revision,True,EIC-Greedy,28,core,0.9998162028324434,0.00018383095516533475,0.00018383095516533475,1.0,0.0,0.0,0.0,2
core,causal_relation,relation_revision,True,EIC-Greedy,29,core,0.9990953911900877,0.0009054278679383433,0.0009054278679383433,1.0,0.0,0.0,0.0,2
core,causal_relation,relation_revision,True,EIC-Greedy,30,core,0.9998273377994852,0.00017269201789865286,0.00017269201789865286,1.0,0.0,0.0,0.0,2
core,causal_relation,relation_revision,True,EIC-Greedy,31,core,0.9999838194636267,1.618079818724234e-05,1.618079818724234e-05,1.0,0.0,0.0,0.0,2
core,causal_relation,relation_revision,True,EIC-Greedy,32,core,0.997834949573337,0.00216974804058392,0.00216974804058392,1.0,0.0,0.0,0.0,2
core,causal_relation,relation_revision,True,EIC-Greedy,33,core,0.9998046008006182,0.00019543738769087045,0.00019543738769087045,1.0,0.0,0.0,0.0,2
core,causal_relation,relation_revision,True,EIC-Greedy,34,core,0.9998109362431712,0.00018909950869245638,0.00018909950869245638,1.0,0.0,0.0,0.0,2
core,causal_relation,relation_revision,True,EIC-Greedy,35,core,0.999130510405284,0.0008702462647880761,0.0008702462647880761,1.0,0.0,0.0,0.0,2
core,causal_relation,relation_revision,True,EIC-Greedy,36,core,0.9995734587030698,0.00042672331204518396,0.00042672331204518396,1.0,0.0,0.0,0.0,2
core,causal_relation,relation_revision,True,EIC-Greedy,37,core,0.9996134321986987,0.00038671729375522866,0.00038671729375522866,1.0,0.0,0.0,0.0,2
core,causal_relation,relation_revision,True,EIC-Greedy,38,core,0.9991738961520328,0.0008267868597734957,0.0008267868597734957,1.0,0.0,0.0,0.0,2
core,causal_relation,relation_revision,True,EIC-Greedy,39,core,0.9999101917934929,8.981627274540847e-05,8.981627274540847e-05,1.0,0.0,0.0,0.0,2
core,causal_relation,relation_revision,True,EIC-Greedy,40,core,0.9997977406719757,0.00020230024513599731,0.00020230024513599731,1.0,0.0,0.0,0.0,2
core,causal_relation,relation_revision,True,EIC-Greedy,41,core,0.9984480336510845,0.0015543786923395322,0.0015543786923395322,1.0,0.0,0.0,0.0,2
core,causal_relation,relation_revision,True,EIC-Greedy,42,core,0.9999783911246589,2.1609342294646657e-05,2.1609342294646657e-05,1.0,0.0,0.0,0.0,2
core,causal_relation,relation_revision,True,EIC-Greedy,43,core,0.9999993292612408,6.707392089971405e-07,6.707392089971405e-07,1.0,0.0,0.0,0.0,2
core,causal_relation,relation_revision,True,EIC-Greedy,44,core,0.9992293486140474,0.000771245747556774,0.000771245747556774,1.0,0.0,0.0,0.0,2
core,causal_relation,relation_revision,True,EIC-Greedy,45,core,0.9995795555734268,0.0004206212744438653,0.0004206212744438653,1.0,0.0,0.0,0.0,2
core,causal_relation,relation_revision,True,EIC-Greedy,46,core,0.9989690822933018,0.001031981594797125,0.001031981594797125,1.0,0.0,0.0,0.0,2
core,causal_relation,relation_revision,True,EIC-Greedy,47,core,0.9996297531780264,0.00037038395545601304,0.00037038395545601304,1.0,0.0,0.0,0.0,2
core,causal_relation,relation_revision,True,EIC-Greedy,48,core,0.9997691541257325,0.00023089917638978428,0.00023089917638978428,1.0,0.0,0.0,0.0,2
core,causal_relation,relation_revision,True,EIC-Greedy,49,core,0.9998150789226234,0.0001849552795061973,0.0001849552795061973,1.0,0.0,0.0,0.0,2
core,causal_relation,relation_revision,True,Oracle,0,core,0.9999940074334606,5.992602450431808e-06,5.992602450431808e-06,1.0,0.0,0.0,0.0,2
core,causal_relation,relation_revision,True,Oracle,1,core,0.9999999336053127,6.63946916407409e-08,6.63946916407409e-08,1.0,0.0,0.0,0.0,2
core,causal_relation,relation_revision,True,Oracle,2,core,0.9999582011258125,4.180062140647722e-05,4.180062140647722e-05,1.0,0.0,0.0,0.0,2
core,causal_relation,relation_revision,True,Oracle,3,core,0.9979338406744973,0.002070437178587159,0.002070437178587159,1.0,0.0,0.0,0.0,2
core,causal_relation,relation_revision,True,Oracle,4,core,0.9984838379892865,0.001518464248521815,0.001518464248521815,1.0,0.0,0.0,0.0,2
core,causal_relation,relation_revision,True,Oracle,5,core,0.9999446420890087,5.536097565925314e-05,5.536097565925314e-05,1.0,0.0,0.0,0.0,2
core,causal_relation,relation_revision,True,Oracle,6,core,0.9995538914011172,0.00044630770058578015,0.00044630770058578015,1.0,0.0,0.0,0.0,2
core,causal_relation,relation_revision,True,Oracle,7,core,0.9999965664579524,3.4335538368723197e-06,3.4335538368723197e-06,1.0,0.0,0.0,0.0,2
core,causal_relation,relation_revision,True,Oracle,8,core,0.9994824114265576,0.0005178566101064444,0.0005178566101064444,1.0,0.0,0.0,0.0,2
core,causal_relation,relation_revision,True,Oracle,9,core,0.9999816547868177,1.8345549735287285e-05,1.8345549735287285e-05,1.0,0.0,0.0,0.0,2
core,causal_relation,relation_revision,True,Oracle,10,core,0.9999477674822173,5.223524616112146e-05,5.223524616112146e-05,1.0,0.0,0.0,0.0,2
core,causal_relation,relation_revision,True,Oracle,11,core,0.9998399750151378,0.00016005059695648326,0.00016005059695648326,1.0,0.0,0.0,0.0,2
core,causal_relation,relation_revision,True,Oracle,12,core,0.9979665488843942,0.002037594464342591,0.002037594464342591,1.0,0.0,0.0,0.0,2
core,causal_relation,relation_revision,True,Oracle,13,core,0.9999902133760621,9.786719716840325e-06,9.786719716840325e-06,1.0,0.0,0.0,0.0,2
core,causal_relation,relation_revision,True,Oracle,14,core,0.998049186878297,0.0019546262322047174,0.0019546262322047174,1.0,0.0,0.0,0.0,2
core,causal_relation,relation_revision,True,Oracle,15,core,0.9999519704606828,4.8031846264556825e-05,4.8031846264556825e-05,1.0,0.0,0.0,0.0,2
core,causal_relation,relation_revision,True,Oracle,16,core,0.9999822588820197,1.7741432733216568e-05,1.7741432733216568e-05,1.0,0.0,0.0,0.0,2
core,causal_relation,relation_revision,True,Oracle,17,core,0.9994513280632402,0.0005489731429172444,0.0005489731429172444,1.0,0.0,0.0,0.0,2
core,causal_relation,relation_revision,True,Oracle,18,core,0.9999956496050086,4.3504139172306355e-06,4.3504139172306355e-06,1.0,0.0,0.0,0.0,2
core,causal_relation,relation_revision,True,Oracle,19,core,0.9999206055038915,7.940080009512914e-05,7.940080009512914e-05,1.0,0.0,0.0,0.0,2
core,causal_relation,relation_revision,True,Oracle,20,core,0.9998684141994604,0.00013160311764132961,0.00013160311764132961,1.0,0.0,0.0,0.0,2
core,causal_relation,relation_revision,True,Oracle,21,core,0.9999511951256962,4.8807256335907696e-05,4.8807256335907696e-05,1.0,0.0,0.0,0.0,2
core,causal_relation,relation_revision,True,Oracle,22,core,0.9999835103596559,1.648991225675616e-05,1.648991225675616e-05,1.0,0.0,0.0,0.0,2
core,causal_relation,relation_revision,True,Oracle,23,core,0.9997382562350257,0.0002618122927096826,0.0002618122927096826,1.0,0.0,0.0,0.0,2
core,causal_relation,relation_revision,True,Oracle,24,core,0.9994486753846401,0.0005516287418637896,0.0005516287418637896,1.0,0.0,0.0,0.0,2
core,causal_relation,relation_revision,True,Oracle,25,core,0.9998145175408225,0.00018551686930265565,0.00018551686930265565,1.0,0.0,0.0,0.0,2
core,causal_relation,relation_revision,True,Oracle,26,core,0.9997283788765877,0.0002716949214920328,0.0002716949214920328,1.0,0.0,0.0,0.0,2
core,causal_relation,relation_revision,True,Oracle,27,core,0.9985601247589726,0.001441951471249654,0.001441951471249654,1.0,0.0,0.0,0.0,2
core,causal_relation,relation_revision,True,Oracle,28,core,0.9998162028324434,0.00018383095516533475,0.00018383095516533475,1.0,0.0,0.0,0.0,2
core,causal_relation,relation_revision,True,Oracle,29,core,0.9990953911900877,0.0009054278679383433,0.0009054278679383433,1.0,0.0,0.0,0.0,2
core,causal_relation,relation_revision,True,Oracle,30,core,0.9998273377994852,0.00017269201789865286,0.00017269201789865286,1.0,0.0,0.0,0.0,2
core,causal_relation,relation_revision,True,Oracle,31,core,0.9999838194636267,1.618079818724234e-05,1.618079818724234e-05,1.0,0.0,0.0,0.0,2
core,causal_relation,relation_revision,True,Oracle,32,core,0.997834949573337,0.00216974804058392,0.00216974804058392,1.0,0.0,0.0,0.0,2
core,causal_relation,relation_revision,True,Oracle,33,core,0.9998046008006182,0.00019543738769087045,0.00019543738769087045,1.0,0.0,0.0,0.0,2
core,causal_relation,relation_revision,True,Oracle,34,core,0.9998109362431712,0.00018909950869245638,0.00018909950869245638,1.0,0.0,0.0,0.0,2
core,causal_relation,relation_revision,True,Oracle,35,core,0.999130510405284,0.0008702462647880761,0.0008702462647880761,1.0,0.0,0.0,0.0,2
core,causal_relation,relation_revision,True,Oracle,36,core,0.9995734587030698,0.00042672331204518396,0.00042672331204518396,1.0,0.0,0.0,0.0,2
core,causal_relation,relation_revision,True,Oracle,37,core,0.9996134321986987,0.00038671729375522866,0.00038671729375522866,1.0,0.0,0.0,0.0,2
core,causal_relation,relation_revision,True,Oracle,38,core,0.9991738961520328,0.0008267868597734957,0.0008267868597734957,1.0,0.0,0.0,0.0,2
core,causal_relation,relation_revision,True,Oracle,39,core,0.9999101917934929,8.981627274540847e-05,8.981627274540847e-05,1.0,0.0,0.0,0.0,2
core,causal_relation,relation_revision,True,Oracle,40,core,0.9997977406719757,0.00020230024513599731,0.00020230024513599731,1.0,0.0,0.0,0.0,2
core,causal_relation,relation_revision,True,Oracle,41,core,0.9984480336510845,0.0015543786923395322,0.0015543786923395322,1.0,0.0,0.0,0.0,2
core,causal_relation,relation_revision,True,Oracle,42,core,0.9999783911246589,2.1609342294646657e-05,2.1609342294646657e-05,1.0,0.0,0.0,0.0,2
core,causal_relation,relation_revision,True,Oracle,43,core,0.9999993292612408,6.707392089971405e-07,6.707392089971405e-07,1.0,0.0,0.0,0.0,2
core,causal_relation,relation_revision,True,Oracle,44,core,0.9992293486140474,0.000771245747556774,0.000771245747556774,1.0,0.0,0.0,0.0,2
core,causal_relation,relation_revision,True,Oracle,45,core,0.9995795555734268,0.0004206212744438653,0.0004206212744438653,1.0,0.0,0.0,0.0,2
core,causal_relation,relation_revision,True,Oracle,46,core,0.9989690822933018,0.001031981594797125,0.001031981594797125,1.0,0.0,0.0,0.0,2
core,causal_relation,relation_revision,True,Oracle,47,core,0.9996297531780264,0.00037038395545601304,0.00037038395545601304,1.0,0.0,0.0,0.0,2
core,causal_relation,relation_revision,True,Oracle,48,core,0.9997691541257325,0.00023089917638978428,0.00023089917638978428,1.0,0.0,0.0,0.0,2
core,causal_relation,relation_revision,True,Oracle,49,core,0.9998150789226234,0.0001849552795061973,0.0001849552795061973,1.0,0.0,0.0,0.0,2
core,wrong_objective,objective_revision,False,Fixed-Frame,0,core,0.1,9.0,9.0,0.0,0.0,0.0,0.0,2
core,wrong_objective,objective_revision,False,Fixed-Frame,1,core,0.1,9.0,9.0,0.0,0.0,0.0,0.0,2
core,wrong_objective,objective_revision,False,Fixed-Frame,2,core,0.1,9.0,9.0,0.0,0.0,0.0,0.0,2
core,wrong_objective,objective_revision,False,Fixed-Frame,3,core,0.1,9.0,9.0,0.0,0.0,0.0,0.0,2
core,wrong_objective,objective_revision,False,Fixed-Frame,4,core,0.1,9.0,9.0,0.0,0.0,0.0,0.0,2
core,wrong_objective,objective_revision,False,Fixed-Frame,5,core,0.1,9.0,9.0,0.0,0.0,0.0,0.0,2
core,wrong_objective,objective_revision,False,Fixed-Frame,6,core,0.1,9.0,9.0,0.0,0.0,0.0,0.0,2
core,wrong_objective,objective_revision,False,Fixed-Frame,7,core,0.1,9.0,9.0,0.0,0.0,0.0,0.0,2
core,wrong_objective,objective_revision,False,Fixed-Frame,8,core,0.1,9.0,9.0,0.0,0.0,0.0,0.0,2
core,wrong_objective,objective_revision,False,Fixed-Frame,9,core,0.1,9.0,9.0,0.0,0.0,0.0,0.0,2
core,wrong_objective,objective_revision,False,Fixed-Frame,10,core,0.1,9.0,9.0,0.0,0.0,0.0,0.0,2
core,wrong_objective,objective_revision,False,Fixed-Frame,11,core,0.1,9.0,9.0,0.0,0.0,0.0,0.0,2
core,wrong_objective,objective_revision,False,Fixed-Frame,12,core,0.1,9.0,9.0,0.0,0.0,0.0,0.0,2
core,wrong_objective,objective_revision,False,Fixed-Frame,13,core,0.1,9.0,9.0,0.0,0.0,0.0,0.0,2
core,wrong_objective,objective_revision,False,Fixed-Frame,14,core,0.1,9.0,9.0,0.0,0.0,0.0,0.0,2
core,wrong_objective,objective_revision,False,Fixed-Frame,15,core,0.1,9.0,9.0,0.0,0.0,0.0,0.0,2
core,wrong_objective,objective_revision,False,Fixed-Frame,16,core,0.1,9.0,9.0,0.0,0.0,0.0,0.0,2
core,wrong_objective,objective_revision,False,Fixed-Frame,17,core,0.1,9.0,9.0,0.0,0.0,0.0,0.0,2
core,wrong_objective,objective_revision,False,Fixed-Frame,18,core,0.1,9.0,9.0,0.0,0.0,0.0,0.0,2
core,wrong_objective,objective_revision,False,Fixed-Frame,19,core,0.1,9.0,9.0,0.0,0.0,0.0,0.0,2
core,wrong_objective,objective_revision,False,Fixed-Frame,20,core,0.1,9.0,9.0,0.0,0.0,0.0,0.0,2
core,wrong_objective,objective_revision,False,Fixed-Frame,21,core,0.1,9.0,9.0,0.0,0.0,0.0,0.0,2
core,wrong_objective,objective_revision,False,Fixed-Frame,22,core,0.1,9.0,9.0,0.0,0.0,0.0,0.0,2
core,wrong_objective,objective_revision,False,Fixed-Frame,23,core,0.1,9.0,9.0,0.0,0.0,0.0,0.0,2
core,wrong_objective,objective_revision,False,Fixed-Frame,24,core,0.1,9.0,9.0,0.0,0.0,0.0,0.0,2
core,wrong_objective,objective_revision,False,Fixed-Frame,25,core,0.1,9.0,9.0,0.0,0.0,0.0,0.0,2
core,wrong_objective,objective_revision,False,Fixed-Frame,26,core,0.1,9.0,9.0,0.0,0.0,0.0,0.0,2
core,wrong_objective,objective_revision,False,Fixed-Frame,27,core,0.1,9.0,9.0,0.0,0.0,0.0,0.0,2
core,wrong_objective,objective_revision,False,Fixed-Frame,28,core,0.1,9.0,9.0,0.0,0.0,0.0,0.0,2
core,wrong_objective,objective_revision,False,Fixed-Frame,29,core,0.1,9.0,9.0,0.0,0.0,0.0,0.0,2
core,wrong_objective,objective_revision,False,Fixed-Frame,30,core,0.1,9.0,9.0,0.0,0.0,0.0,0.0,2
core,wrong_objective,objective_revision,False,Fixed-Frame,31,core,0.1,9.0,9.0,0.0,0.0,0.0,0.0,2
core,wrong_objective,objective_revision,False,Fixed-Frame,32,core,0.1,9.0,9.0,0.0,0.0,0.0,0.0,2
core,wrong_objective,objective_revision,False,Fixed-Frame,33,core,0.1,9.0,9.0,0.0,0.0,0.0,0.0,2
core,wrong_objective,objective_revision,False,Fixed-Frame,34,core,0.1,9.0,9.0,0.0,0.0,0.0,0.0,2
core,wrong_objective,objective_revision,False,Fixed-Frame,35,core,0.1,9.0,9.0,0.0,0.0,0.0,0.0,2
core,wrong_objective,objective_revision,False,Fixed-Frame,36,core,0.1,9.0,9.0,0.0,0.0,0.0,0.0,2
core,wrong_objective,objective_revision,False,Fixed-Frame,37,core,0.1,9.0,9.0,0.0,0.0,0.0,0.0,2
core,wrong_objective,objective_revision,False,Fixed-Frame,38,core,0.1,9.0,9.0,0.0,0.0,0.0,0.0,2
core,wrong_objective,objective_revision,False,Fixed-Frame,39,core,0.1,9.0,9.0,0.0,0.0,0.0,0.0,2
core,wrong_objective,objective_revision,False,Fixed-Frame,40,core,0.1,9.0,9.0,0.0,0.0,0.0,0.0,2
core,wrong_objective,objective_revision,False,Fixed-Frame,41,core,0.1,9.0,9.0,0.0,0.0,0.0,0.0,2
core,wrong_objective,objective_revision,False,Fixed-Frame,42,core,0.1,9.0,9.0,0.0,0.0,0.0,0.0,2
core,wrong_objective,objective_revision,False,Fixed-Frame,43,core,0.1,9.0,9.0,0.0,0.0,0.0,0.0,2
core,wrong_objective,objective_revision,False,Fixed-Frame,44,core,0.1,9.0,9.0,0.0,0.0,0.0,0.0,2
core,wrong_objective,objective_revision,False,Fixed-Frame,45,core,0.1,9.0,9.0,0.0,0.0,0.0,0.0,2
core,wrong_objective,objective_revision,False,Fixed-Frame,46,core,0.1,9.0,9.0,0.0,0.0,0.0,0.0,2
core,wrong_objective,objective_revision,False,Fixed-Frame,47,core,0.1,9.0,9.0,0.0,0.0,0.0,0.0,2
core,wrong_objective,objective_revision,False,Fixed-Frame,48,core,0.1,9.0,9.0,0.0,0.0,0.0,0.0,2
core,wrong_objective,objective_revision,False,Fixed-Frame,49,core,0.1,9.0,9.0,0.0,0.0,0.0,0.0,2
core,wrong_objective,objective_revision,False,Random-Edit,0,core,0.1,9.0,9.0,0.0,0.0,0.0,0.0,2
core,wrong_objective,objective_revision,False,Random-Edit,1,core,0.1,9.0,9.0,0.0,0.0,0.0,0.0,2
core,wrong_objective,objective_revision,False,Random-Edit,2,core,0.9999828335949641,1.7166699726424753e-05,9.0,1.0,1.0,1.0,0.44999141679748206,2
core,wrong_objective,objective_revision,False,Random-Edit,3,core,0.1,9.0,9.0,0.0,0.0,0.0,0.0,2
core,wrong_objective,objective_revision,False,Random-Edit,4,core,0.1,9.0,9.0,0.0,0.0,0.0,0.0,2
core,wrong_objective,objective_revision,False,Random-Edit,5,core,0.9999233938166038,7.661205235319432e-05,9.0,1.0,1.0,1.0,0.4499616969083019,2
core,wrong_objective,objective_revision,False,Random-Edit,6,core,0.999993947341377,6.052695257916767e-06,9.0,1.0,1.0,1.0,0.4499969736706885,2
core,wrong_objective,objective_revision,False,Random-Edit,7,core,0.9999772225275313,2.277799129387746e-05,9.0,1.0,1.0,1.0,0.44998861126376566,2
core,wrong_objective,objective_revision,False,Random-Edit,8,core,0.9989479267712341,0.0010531812525667482,9.0,1.0,1.0,1.0,0.44947396338561707,2
core,wrong_objective,objective_revision,False,Random-Edit,9,core,0.1,9.0,9.0,0.0,0.0,0.0,0.0,2
core,wrong_objective,objective_revision,False,Random-Edit,10,core,0.1,9.0,9.0,0.0,0.0,0.0,0.0,2
core,wrong_objective,objective_revision,False,Random-Edit,11,core,0.1,9.0,9.0,0.0,0.0,0.0,0.0,2
core,wrong_objective,objective_revision,False,Random-Edit,12,core,0.999881874821287,0.00011813913391932326,9.0,1.0,1.0,1.0,0.4499409374106435,2
core,wrong_objective,objective_revision,False,Random-Edit,13,core,0.1,9.0,9.0,0.0,0.0,0.0,0.0,2
core,wrong_objective,objective_revision,False,Random-Edit,14,core,0.1,9.0,9.0,0.0,0.0,0.0,0.0,2
core,wrong_objective,objective_revision,False,Random-Edit,15,core,0.9995285275342074,0.00047169485692997646,9.0,1.0,1.0,1.0,0.4497642637671037,2
core,wrong_objective,objective_revision,False,Random-Edit,16,core,0.1,9.0,9.0,0.0,0.0,0.0,0.0,2
core,wrong_objective,objective_revision,False,Random-Edit,17,core,0.1,9.0,9.0,0.0,0.0,0.0,0.0,2
core,wrong_objective,objective_revision,False,Random-Edit,18,core,0.9997264104077391,0.00027366446400997493,9.0,1.0,1.0,1.0,0.4498632052038696,2
core,wrong_objective,objective_revision,False,Random-Edit,19,core,0.999996488557147,3.511455183363643e-06,9.0,1.0,1.0,1.0,0.4499982442785735,2
core,wrong_objective,objective_revision,False,Random-Edit,20,core,0.1,9.0,9.0,0.0,0.0,0.0,0.0,2
core,wrong_objective,objective_revision,False,Random-Edit,21,core,0.1,9.0,9.0,0.0,0.0,0.0,0.0,2
core,wrong_objective,objective_revision,False,Random-Edit,22,core,0.1,9.0,9.0,0.0,0.0,0.0,0.0,2
core,wrong_objective,objective_revision,False,Random-Edit,23,core,0.9999823041146139,1.7696198536113732e-05,9.0,1.0,1.0,1.0,0.44999115205730694,2
core,wrong_objective,objective_revision,False,Random-Edit,24,core,0.999999948547474,5.1452528740415043e-08,9.0,1.0,1.0,1.0,0.449999974273737,2
core,wrong_objective,objective_revision,False,Random-Edit,25,core,0.9997809605976602,0.0002190873911109827,9.0,1.0,1.0,1.0,0.4498904802988301,2
core,wrong_objective,objective_revision,False,Random-Edit,26,core,0.9995659950463227,0.00043419339576192213,9.0,1.0,1.0,1.0,0.44978299752316137,2
core,wrong_objective,objective_revision,False,Random-Edit,27,core,0.9995031025124153,0.0004971445174465076,9.0,1.0,1.0,1.0,0.44975155125620764,2
core,wrong_objective,objective_revision,False,Random-Edit,28,core,0.9999478170313076,5.218569189675314e-05,9.0,1.0,1.0,1.0,0.44997390851565383,2
core,wrong_objective,objective_revision,False,Random-Edit,29,core,0.1,9.0,9.0,0.0,0.0,0.0,0.0,2
core,wrong_objective,objective_revision,False,Random-Edit,30,core,0.9999998735020261,1.2649798993690016e-07,9.0,1.0,1.0,1.0,0.4499999367510131,2
core,wrong_objective,objective_revision,False,Random-Edit,31,core,0.9999579873910577,4.20143740758343e-05,9.0,1.0,1.0,1.0,0.44997899369552885,2
core,wrong_objective,objective_revision,False,Random-Edit,32,core,0.1,9.0,9.0,0.0,0.0,0.0,0.0,2
core,wrong_objective,objective_revision,False,Random-Edit,33,core,0.9999999759158388,2.4084161692993733e-08,9.0,1.0,1.0,1.0,0.4499999879579194,2
core,wrong_objective,objective_revision,False,Random-Edit,34,core,0.9999444890436449,5.551403799246475e-05,9.0,1.0,1.0,1.0,0.44997224452182244,2
core,wrong_objective,objective_revision,False,Random-Edit,35,core,0.1,9.0,9.0,0.0,0.0,0.0,0.0,2
core,wrong_objective,objective_revision,False,Random-Edit,36,core,0.9999704993986309,2.9501471680285902e-05,9.0,1.0,1.0,1.0,0.44998524969931547,2
core,wrong_objective,objective_revision,False,Random-Edit,37,core,0.1,9.0,9.0,0.0,0.0,0.0,0.0,2
core,wrong_objective,objective_revision,False,Random-Edit,38,core,0.1,9.0,9.0,0.0,0.0,0.0,0.0,2
core,wrong_objective,objective_revision,False,Random-Edit,39,core,0.9999787037841511,2.1296669387315337e-05,9.0,1.0,1.0,1.0,0.44998935189207556,2
core,wrong_objective,objective_revision,False,Random-Edit,40,core,0.1,9.0,9.0,0.0,0.0,0.0,0.0,2
core,wrong_objective,objective_revision,False,Random-Edit,41,core,0.9999770192283306,2.2981299797483807e-05,9.0,1.0,1.0,1.0,0.4499885096141653,2
core,wrong_objective,objective_revision,False,Random-Edit,42,core,0.9999768402588358,2.3160277550315954e-05,9.0,1.0,1.0,1.0,0.4499884201294179,2
core,wrong_objective,objective_revision,False,Random-Edit,43,core,0.9999970503785126,2.949630187667446e-06,9.0,1.0,1.0,1.0,0.4499985251892563,2
core,wrong_objective,objective_revision,False,Random-Edit,44,core,0.9998090580364761,0.0001909784293202507,9.0,1.0,1.0,1.0,0.4499045290182381,2
core,wrong_objective,objective_revision,False,Random-Edit,45,core,0.1,9.0,9.0,0.0,0.0,0.0,0.0,2
core,wrong_objective,objective_revision,False,Random-Edit,46,core,0.9999877536363547,1.2246513620613857e-05,9.0,1.0,1.0,1.0,0.4499938768181774,2
core,wrong_objective,objective_revision,False,Random-Edit,47,core,0.1,9.0,9.0,0.0,0.0,0.0,0.0,2
core,wrong_objective,objective_revision,False,Random-Edit,48,core,0.1,9.0,9.0,0.0,0.0,0.0,0.0,2
core,wrong_objective,objective_revision,False,Random-Edit,49,core,0.9999690909843842,3.090997101262131e-05,9.0,1.0,1.0,1.0,0.44998454549219213,2
core,wrong_objective,objective_revision,False,Flat-Search,0,core,0.9997689262511702,0.00023112715624823085,9.0,1.0,1.0,1.0,0.4498844631255851,2
core,wrong_objective,objective_revision,False,Flat-Search,1,core,0.9999843958545732,1.560438891997892e-05,9.0,1.0,1.0,1.0,0.4499921979272866,2
core,wrong_objective,objective_revision,False,Flat-Search,2,core,0.9999828335949641,1.7166699726424753e-05,9.0,1.0,1.0,1.0,0.44999141679748206,2
core,wrong_objective,objective_revision,False,Flat-Search,3,core,0.9999995115584982,4.884417404907575e-07,9.0,1.0,1.0,1.0,0.4499997557792491,2
core,wrong_objective,objective_revision,False,Flat-Search,4,core,0.9999820506797634,1.7949642420401815e-05,9.0,1.0,1.0,1.0,0.4499910253398817,2
core,wrong_objective,objective_revision,False,Flat-Search,5,core,0.9999233938166038,7.661205235319432e-05,9.0,1.0,1.0,1.0,0.4499616969083019,2
core,wrong_objective,objective_revision,False,Flat-Search,6,core,0.999993947341377,6.052695257916767e-06,9.0,1.0,1.0,1.0,0.4499969736706885,2
core,wrong_objective,objective_revision,False,Flat-Search,7,core,0.9999772225275313,2.277799129387746e-05,9.0,1.0,1.0,1.0,0.44998861126376566,2
core,wrong_objective,objective_revision,False,Flat-Search,8,core,0.9989479267712341,0.0010531812525667482,9.0,1.0,1.0,1.0,0.44947396338561707,2
core,wrong_objective,objective_revision,False,Flat-Search,9,core,0.9999054285583391,9.458038626441789e-05,9.0,1.0,1.0,1.0,0.44995271427916955,2
core,wrong_objective,objective_revision,False,Flat-Search,10,core,0.9999786455351548,2.1354920868166866e-05,9.0,1.0,1.0,1.0,0.4499893227675774,2
core,wrong_objective,objective_revision,False,Flat-Search,11,core,0.9999830842284232,1.6916057725036104e-05,9.0,1.0,1.0,1.0,0.4499915421142116,2
core,wrong_objective,objective_revision,False,Flat-Search,12,core,0.999881874821287,0.00011813913391932326,9.0,1.0,1.0,1.0,0.4499409374106435,2
core,wrong_objective,objective_revision,False,Flat-Search,13,core,0.9999935161730643,6.483868975991927e-06,9.0,1.0,1.0,1.0,0.44999675808653217,2
core,wrong_objective,objective_revision,False,Flat-Search,14,core,0.9996654941692237,0.0003346177623688859,9.0,1.0,1.0,1.0,0.44983274708461185,2
core,wrong_objective,objective_revision,False,Flat-Search,15,core,0.9995285275342074,0.00047169485692997646,9.0,1.0,1.0,1.0,0.4497642637671037,2
core,wrong_objective,objective_revision,False,Flat-Search,16,core,0.9999683887370414,3.161226226201162e-05,9.0,1.0,1.0,1.0,0.4499841943685207,2
core,wrong_objective,objective_revision,False,Flat-Search,17,core,0.9999670965873104,3.290449535975584e-05,9.0,1.0,1.0,1.0,0.4499835482936552,2
core,wrong_objective,objective_revision,False,Flat-Search,18,core,0.9997264104077391,0.00027366446400997493,9.0,1.0,1.0,1.0,0.4498632052038696,2
core,wrong_objective,objective_revision,False,Flat-Search,19,core,0.999996488557147,3.511455183363643e-06,9.0,1.0,1.0,1.0,0.4499982442785735,2
core,wrong_objective,objective_revision,False,Flat-Search,20,core,0.9998313671974369,0.00016866124438135808,9.0,1.0,1.0,1.0,0.4499156835987185,2
core,wrong_objective,objective_revision,False,Flat-Search,21,core,0.9999781562649466,2.1844212212656904e-05,9.0,1.0,1.0,1.0,0.4499890781324733,2
core,wrong_objective,objective_revision,False,Flat-Search,22,core,0.9993255250721814,0.0006749301512835406,9.0,1.0,1.0,1.0,0.4496627625360907,2
core,wrong_objective,objective_revision,False,Flat-Search,23,core,0.9999823041146139,1.7696198536113732e-05,9.0,1.0,1.0,1.0,0.44999115205730694,2
core,wrong_objective,objective_revision,False,Flat-Search,24,core,0.999999948547474,5.1452528740415043e-08,9.0,1.0,1.0,1.0,0.449999974273737,2
core,wrong_objective,objective_revision,False,Flat-Search,25,core,0.9997809605976602,0.0002190873911109827,9.0,1.0,1.0,1.0,0.4498904802988301,2
core,wrong_objective,objective_revision,False,Flat-Search,26,core,0.9995659950463227,0.00043419339576192213,9.0,1.0,1.0,1.0,0.44978299752316137,2
core,wrong_objective,objective_revision,False,Flat-Search,27,core,0.9995031025124153,0.0004971445174465076,9.0,1.0,1.0,1.0,0.44975155125620764,2
core,wrong_objective,objective_revision,False,Flat-Search,28,core,0.9999478170313076,5.218569189675314e-05,9.0,1.0,1.0,1.0,0.44997390851565383,2
core,wrong_objective,objective_revision,False,Flat-Search,29,core,0.9998464963573328,0.00015352720965318962,9.0,1.0,1.0,1.0,0.4499232481786664,2
core,wrong_objective,objective_revision,False,Flat-Search,30,core,0.9999998735020261,1.2649798993690016e-07,9.0,1.0,1.0,1.0,0.4499999367510131,2
core,wrong_objective,objective_revision,False,Flat-Search,31,core,0.9999579873910577,4.20143740758343e-05,9.0,1.0,1.0,1.0,0.44997899369552885,2
core,wrong_objective,objective_revision,False,Flat-Search,32,core,0.9999000507447611,9.995924609108376e-05,9.0,1.0,1.0,1.0,0.44995002537238055,2
core,wrong_objective,objective_revision,False,Flat-Search,33,core,0.9999999759158388,2.4084161692993733e-08,9.0,1.0,1.0,1.0,0.4499999879579194,2
core,wrong_objective,objective_revision,False,Flat-Search,34,core,0.9999444890436449,5.551403799246475e-05,9.0,1.0,1.0,1.0,0.44997224452182244,2
core,wrong_objective,objective_revision,False,Flat-Search,35,core,0.9999916536138671,8.346455795610074e-06,9.0,1.0,1.0,1.0,0.44999582680693356,2
core,wrong_objective,objective_revision,False,Flat-Search,36,core,0.9999704993986309,2.9501471680285902e-05,9.0,1.0,1.0,1.0,0.44998524969931547,2
core,wrong_objective,objective_revision,False,Flat-Search,37,core,0.9999977548306819,2.2451743589379434e-06,9.0,1.0,1.0,1.0,0.44999887741534095,2
core,wrong_objective,objective_revision,False,Flat-Search,38,core,0.9999233114848749,7.66943967044967e-05,9.0,1.0,1.0,1.0,0.44996165574243746,2
core,wrong_objective,objective_revision,False,Flat-Search,39,core,0.9999787037841511,2.1296669387315337e-05,9.0,1.0,1.0,1.0,0.44998935189207556,2
core,wrong_objective,objective_revision,False,Flat-Search,40,core,0.9999670134108569,3.298767729407729e-05,9.0,1.0,1.0,1.0,0.44998350670542847,2
core,wrong_objective,objective_revision,False,Flat-Search,41,core,0.9999770192283306,2.2981299797483807e-05,9.0,1.0,1.0,1.0,0.4499885096141653,2
core,wrong_objective,objective_revision,False,Flat-Search,42,core,0.9999768402588358,2.3160277550315954e-05,9.0,1.0,1.0,1.0,0.4499884201294179,2
core,wrong_objective,objective_revision,False,Flat-Search,43,core,0.9999970503785126,2.949630187667446e-06,9.0,1.0,1.0,1.0,0.4499985251892563,2
core,wrong_objective,objective_revision,False,Flat-Search,44,core,0.9998090580364761,0.0001909784293202507,9.0,1.0,1.0,1.0,0.4499045290182381,2
core,wrong_objective,objective_revision,False,Flat-Search,45,core,0.9999889686245752,1.1031497117375932e-05,9.0,1.0,1.0,1.0,0.4499944843122876,2
core,wrong_objective,objective_revision,False,Flat-Search,46,core,0.9999877536363547,1.2246513620613857e-05,9.0,1.0,1.0,1.0,0.4499938768181774,2
core,wrong_objective,objective_revision,False,Flat-Search,47,core,0.9997378360948062,0.00026223265313039747,9.0,1.0,1.0,1.0,0.4498689180474031,2
core,wrong_objective,objective_revision,False,Flat-Search,48,core,0.9999931453575701,6.854689416262288e-06,9.0,1.0,1.0,1.0,0.44999657267878507,2
core,wrong_objective,objective_revision,False,Flat-Search,49,core,0.9999690909843842,3.090997101262131e-05,9.0,1.0,1.0,1.0,0.44998454549219213,2
core,wrong_objective,objective_revision,False,MDL-Flat,0,core,0.9997689262511702,0.00023112715624823085,9.0,1.0,1.0,1.0,0.4498844631255851,2
core,wrong_objective,objective_revision,False,MDL-Flat,1,core,0.9999843958545732,1.560438891997892e-05,9.0,1.0,1.0,1.0,0.4499921979272866,2
core,wrong_objective,objective_revision,False,MDL-Flat,2,core,0.9999828335949641,1.7166699726424753e-05,9.0,1.0,1.0,1.0,0.44999141679748206,2
core,wrong_objective,objective_revision,False,MDL-Flat,3,core,0.9999995115584982,4.884417404907575e-07,9.0,1.0,1.0,1.0,0.4499997557792491,2
core,wrong_objective,objective_revision,False,MDL-Flat,4,core,0.9999820506797634,1.7949642420401815e-05,9.0,1.0,1.0,1.0,0.4499910253398817,2
core,wrong_objective,objective_revision,False,MDL-Flat,5,core,0.9999233938166038,7.661205235319432e-05,9.0,1.0,1.0,1.0,0.4499616969083019,2
core,wrong_objective,objective_revision,False,MDL-Flat,6,core,0.999993947341377,6.052695257916767e-06,9.0,1.0,1.0,1.0,0.4499969736706885,2
core,wrong_objective,objective_revision,False,MDL-Flat,7,core,0.9999772225275313,2.277799129387746e-05,9.0,1.0,1.0,1.0,0.44998861126376566,2
core,wrong_objective,objective_revision,False,MDL-Flat,8,core,0.9989479267712341,0.0010531812525667482,9.0,1.0,1.0,1.0,0.44947396338561707,2
core,wrong_objective,objective_revision,False,MDL-Flat,9,core,0.9999054285583391,9.458038626441789e-05,9.0,1.0,1.0,1.0,0.44995271427916955,2
core,wrong_objective,objective_revision,False,MDL-Flat,10,core,0.9999786455351548,2.1354920868166866e-05,9.0,1.0,1.0,1.0,0.4499893227675774,2
core,wrong_objective,objective_revision,False,MDL-Flat,11,core,0.9999830842284232,1.6916057725036104e-05,9.0,1.0,1.0,1.0,0.4499915421142116,2
core,wrong_objective,objective_revision,False,MDL-Flat,12,core,0.999881874821287,0.00011813913391932326,9.0,1.0,1.0,1.0,0.4499409374106435,2
core,wrong_objective,objective_revision,False,MDL-Flat,13,core,0.9999935161730643,6.483868975991927e-06,9.0,1.0,1.0,1.0,0.44999675808653217,2
core,wrong_objective,objective_revision,False,MDL-Flat,14,core,0.9996654941692237,0.0003346177623688859,9.0,1.0,1.0,1.0,0.44983274708461185,2
core,wrong_objective,objective_revision,False,MDL-Flat,15,core,0.9995285275342074,0.00047169485692997646,9.0,1.0,1.0,1.0,0.4497642637671037,2
core,wrong_objective,objective_revision,False,MDL-Flat,16,core,0.9999683887370414,3.161226226201162e-05,9.0,1.0,1.0,1.0,0.4499841943685207,2
core,wrong_objective,objective_revision,False,MDL-Flat,17,core,0.9999670965873104,3.290449535975584e-05,9.0,1.0,1.0,1.0,0.4499835482936552,2
core,wrong_objective,objective_revision,False,MDL-Flat,18,core,0.9997264104077391,0.00027366446400997493,9.0,1.0,1.0,1.0,0.4498632052038696,2
core,wrong_objective,objective_revision,False,MDL-Flat,19,core,0.999996488557147,3.511455183363643e-06,9.0,1.0,1.0,1.0,0.4499982442785735,2
core,wrong_objective,objective_revision,False,MDL-Flat,20,core,0.9998313671974369,0.00016866124438135808,9.0,1.0,1.0,1.0,0.4499156835987185,2
core,wrong_objective,objective_revision,False,MDL-Flat,21,core,0.9999781562649466,2.1844212212656904e-05,9.0,1.0,1.0,1.0,0.4499890781324733,2
core,wrong_objective,objective_revision,False,MDL-Flat,22,core,0.9993255250721814,0.0006749301512835406,9.0,1.0,1.0,1.0,0.4496627625360907,2
core,wrong_objective,objective_revision,False,MDL-Flat,23,core,0.9999823041146139,1.7696198536113732e-05,9.0,1.0,1.0,1.0,0.44999115205730694,2
core,wrong_objective,objective_revision,False,MDL-Flat,24,core,0.999999948547474,5.1452528740415043e-08,9.0,1.0,1.0,1.0,0.449999974273737,2
core,wrong_objective,objective_revision,False,MDL-Flat,25,core,0.9997809605976602,0.0002190873911109827,9.0,1.0,1.0,1.0,0.4498904802988301,2
core,wrong_objective,objective_revision,False,MDL-Flat,26,core,0.9995659950463227,0.00043419339576192213,9.0,1.0,1.0,1.0,0.44978299752316137,2
core,wrong_objective,objective_revision,False,MDL-Flat,27,core,0.9995031025124153,0.0004971445174465076,9.0,1.0,1.0,1.0,0.44975155125620764,2
core,wrong_objective,objective_revision,False,MDL-Flat,28,core,0.9999478170313076,5.218569189675314e-05,9.0,1.0,1.0,1.0,0.44997390851565383,2
core,wrong_objective,objective_revision,False,MDL-Flat,29,core,0.9998464963573328,0.00015352720965318962,9.0,1.0,1.0,1.0,0.4499232481786664,2
core,wrong_objective,objective_revision,False,MDL-Flat,30,core,0.9999998735020261,1.2649798993690016e-07,9.0,1.0,1.0,1.0,0.4499999367510131,2
core,wrong_objective,objective_revision,False,MDL-Flat,31,core,0.9999579873910577,4.20143740758343e-05,9.0,1.0,1.0,1.0,0.44997899369552885,2
core,wrong_objective,objective_revision,False,MDL-Flat,32,core,0.9999000507447611,9.995924609108376e-05,9.0,1.0,1.0,1.0,0.44995002537238055,2
core,wrong_objective,objective_revision,False,MDL-Flat,33,core,0.9999999759158388,2.4084161692993733e-08,9.0,1.0,1.0,1.0,0.4499999879579194,2
core,wrong_objective,objective_revision,False,MDL-Flat,34,core,0.9999444890436449,5.551403799246475e-05,9.0,1.0,1.0,1.0,0.44997224452182244,2
core,wrong_objective,objective_revision,False,MDL-Flat,35,core,0.9999916536138671,8.346455795610074e-06,9.0,1.0,1.0,1.0,0.44999582680693356,2
core,wrong_objective,objective_revision,False,MDL-Flat,36,core,0.9999704993986309,2.9501471680285902e-05,9.0,1.0,1.0,1.0,0.44998524969931547,2
core,wrong_objective,objective_revision,False,MDL-Flat,37,core,0.9999977548306819,2.2451743589379434e-06,9.0,1.0,1.0,1.0,0.44999887741534095,2
core,wrong_objective,objective_revision,False,MDL-Flat,38,core,0.9999233114848749,7.66943967044967e-05,9.0,1.0,1.0,1.0,0.44996165574243746,2
core,wrong_objective,objective_revision,False,MDL-Flat,39,core,0.9999787037841511,2.1296669387315337e-05,9.0,1.0,1.0,1.0,0.44998935189207556,2
core,wrong_objective,objective_revision,False,MDL-Flat,40,core,0.9999670134108569,3.298767729407729e-05,9.0,1.0,1.0,1.0,0.44998350670542847,2
core,wrong_objective,objective_revision,False,MDL-Flat,41,core,0.9999770192283306,2.2981299797483807e-05,9.0,1.0,1.0,1.0,0.4499885096141653,2
core,wrong_objective,objective_revision,False,MDL-Flat,42,core,0.9999768402588358,2.3160277550315954e-05,9.0,1.0,1.0,1.0,0.4499884201294179,2
core,wrong_objective,objective_revision,False,MDL-Flat,43,core,0.9999970503785126,2.949630187667446e-06,9.0,1.0,1.0,1.0,0.4499985251892563,2
core,wrong_objective,objective_revision,False,MDL-Flat,44,core,0.9998090580364761,0.0001909784293202507,9.0,1.0,1.0,1.0,0.4499045290182381,2
core,wrong_objective,objective_revision,False,MDL-Flat,45,core,0.9999889686245752,1.1031497117375932e-05,9.0,1.0,1.0,1.0,0.4499944843122876,2
core,wrong_objective,objective_revision,False,MDL-Flat,46,core,0.9999877536363547,1.2246513620613857e-05,9.0,1.0,1.0,1.0,0.4499938768181774,2
core,wrong_objective,objective_revision,False,MDL-Flat,47,core,0.9997378360948062,0.00026223265313039747,9.0,1.0,1.0,1.0,0.4498689180474031,2
core,wrong_objective,objective_revision,False,MDL-Flat,48,core,0.9999931453575701,6.854689416262288e-06,9.0,1.0,1.0,1.0,0.44999657267878507,2
core,wrong_objective,objective_revision,False,MDL-Flat,49,core,0.9999690909843842,3.090997101262131e-05,9.0,1.0,1.0,1.0,0.44998454549219213,2
core,wrong_objective,objective_revision,False,EIC-NoMargin,0,core,0.9997689262511702,0.00023112715624823085,9.0,1.0,1.0,1.0,0.4498844631255851,2
core,wrong_objective,objective_revision,False,EIC-NoMargin,1,core,0.9999843958545732,1.560438891997892e-05,9.0,1.0,1.0,1.0,0.4499921979272866,2
core,wrong_objective,objective_revision,False,EIC-NoMargin,2,core,0.9999828335949641,1.7166699726424753e-05,9.0,1.0,1.0,1.0,0.44999141679748206,2
core,wrong_objective,objective_revision,False,EIC-NoMargin,3,core,0.9999995115584982,4.884417404907575e-07,9.0,1.0,1.0,1.0,0.4499997557792491,2
core,wrong_objective,objective_revision,False,EIC-NoMargin,4,core,0.9999820506797634,1.7949642420401815e-05,9.0,1.0,1.0,1.0,0.4499910253398817,2
core,wrong_objective,objective_revision,False,EIC-NoMargin,5,core,0.9999233938166038,7.661205235319432e-05,9.0,1.0,1.0,1.0,0.4499616969083019,2
core,wrong_objective,objective_revision,False,EIC-NoMargin,6,core,0.999993947341377,6.052695257916767e-06,9.0,1.0,1.0,1.0,0.4499969736706885,2
core,wrong_objective,objective_revision,False,EIC-NoMargin,7,core,0.9999772225275313,2.277799129387746e-05,9.0,1.0,1.0,1.0,0.44998861126376566,2
core,wrong_objective,objective_revision,False,EIC-NoMargin,8,core,0.9989479267712341,0.0010531812525667482,9.0,1.0,1.0,1.0,0.44947396338561707,2
core,wrong_objective,objective_revision,False,EIC-NoMargin,9,core,0.9999054285583391,9.458038626441789e-05,9.0,1.0,1.0,1.0,0.44995271427916955,2
core,wrong_objective,objective_revision,False,EIC-NoMargin,10,core,0.9999786455351548,2.1354920868166866e-05,9.0,1.0,1.0,1.0,0.4499893227675774,2
core,wrong_objective,objective_revision,False,EIC-NoMargin,11,core,0.9999830842284232,1.6916057725036104e-05,9.0,1.0,1.0,1.0,0.4499915421142116,2
core,wrong_objective,objective_revision,False,EIC-NoMargin,12,core,0.999881874821287,0.00011813913391932326,9.0,1.0,1.0,1.0,0.4499409374106435,2
core,wrong_objective,objective_revision,False,EIC-NoMargin,13,core,0.9999935161730643,6.483868975991927e-06,9.0,1.0,1.0,1.0,0.44999675808653217,2
core,wrong_objective,objective_revision,False,EIC-NoMargin,14,core,0.9996654941692237,0.0003346177623688859,9.0,1.0,1.0,1.0,0.44983274708461185,2
core,wrong_objective,objective_revision,False,EIC-NoMargin,15,core,0.9995285275342074,0.00047169485692997646,9.0,1.0,1.0,1.0,0.4497642637671037,2
core,wrong_objective,objective_revision,False,EIC-NoMargin,16,core,0.9999683887370414,3.161226226201162e-05,9.0,1.0,1.0,1.0,0.4499841943685207,2
core,wrong_objective,objective_revision,False,EIC-NoMargin,17,core,0.9999670965873104,3.290449535975584e-05,9.0,1.0,1.0,1.0,0.4499835482936552,2
core,wrong_objective,objective_revision,False,EIC-NoMargin,18,core,0.9997264104077391,0.00027366446400997493,9.0,1.0,1.0,1.0,0.4498632052038696,2
core,wrong_objective,objective_revision,False,EIC-NoMargin,19,core,0.999996488557147,3.511455183363643e-06,9.0,1.0,1.0,1.0,0.4499982442785735,2
core,wrong_objective,objective_revision,False,EIC-NoMargin,20,core,0.9998313671974369,0.00016866124438135808,9.0,1.0,1.0,1.0,0.4499156835987185,2
core,wrong_objective,objective_revision,False,EIC-NoMargin,21,core,0.9999781562649466,2.1844212212656904e-05,9.0,1.0,1.0,1.0,0.4499890781324733,2
core,wrong_objective,objective_revision,False,EIC-NoMargin,22,core,0.9993255250721814,0.0006749301512835406,9.0,1.0,1.0,1.0,0.4496627625360907,2
core,wrong_objective,objective_revision,False,EIC-NoMargin,23,core,0.9999823041146139,1.7696198536113732e-05,9.0,1.0,1.0,1.0,0.44999115205730694,2
core,wrong_objective,objective_revision,False,EIC-NoMargin,24,core,0.999999948547474,5.1452528740415043e-08,9.0,1.0,1.0,1.0,0.449999974273737,2
core,wrong_objective,objective_revision,False,EIC-NoMargin,25,core,0.9997809605976602,0.0002190873911109827,9.0,1.0,1.0,1.0,0.4498904802988301,2
core,wrong_objective,objective_revision,False,EIC-NoMargin,26,core,0.9995659950463227,0.00043419339576192213,9.0,1.0,1.0,1.0,0.44978299752316137,2
core,wrong_objective,objective_revision,False,EIC-NoMargin,27,core,0.9995031025124153,0.0004971445174465076,9.0,1.0,1.0,1.0,0.44975155125620764,2
core,wrong_objective,objective_revision,False,EIC-NoMargin,28,core,0.9999478170313076,5.218569189675314e-05,9.0,1.0,1.0,1.0,0.44997390851565383,2
core,wrong_objective,objective_revision,False,EIC-NoMargin,29,core,0.9998464963573328,0.00015352720965318962,9.0,1.0,1.0,1.0,0.4499232481786664,2
core,wrong_objective,objective_revision,False,EIC-NoMargin,30,core,0.9999998735020261,1.2649798993690016e-07,9.0,1.0,1.0,1.0,0.4499999367510131,2
core,wrong_objective,objective_revision,False,EIC-NoMargin,31,core,0.9999579873910577,4.20143740758343e-05,9.0,1.0,1.0,1.0,0.44997899369552885,2
core,wrong_objective,objective_revision,False,EIC-NoMargin,32,core,0.9999000507447611,9.995924609108376e-05,9.0,1.0,1.0,1.0,0.44995002537238055,2
core,wrong_objective,objective_revision,False,EIC-NoMargin,33,core,0.9999999759158388,2.4084161692993733e-08,9.0,1.0,1.0,1.0,0.4499999879579194,2
core,wrong_objective,objective_revision,False,EIC-NoMargin,34,core,0.9999444890436449,5.551403799246475e-05,9.0,1.0,1.0,1.0,0.44997224452182244,2
core,wrong_objective,objective_revision,False,EIC-NoMargin,35,core,0.9999916536138671,8.346455795610074e-06,9.0,1.0,1.0,1.0,0.44999582680693356,2
core,wrong_objective,objective_revision,False,EIC-NoMargin,36,core,0.9999704993986309,2.9501471680285902e-05,9.0,1.0,1.0,1.0,0.44998524969931547,2
core,wrong_objective,objective_revision,False,EIC-NoMargin,37,core,0.9999977548306819,2.2451743589379434e-06,9.0,1.0,1.0,1.0,0.44999887741534095,2
core,wrong_objective,objective_revision,False,EIC-NoMargin,38,core,0.9999233114848749,7.66943967044967e-05,9.0,1.0,1.0,1.0,0.44996165574243746,2
core,wrong_objective,objective_revision,False,EIC-NoMargin,39,core,0.9999787037841511,2.1296669387315337e-05,9.0,1.0,1.0,1.0,0.44998935189207556,2
core,wrong_objective,objective_revision,False,EIC-NoMargin,40,core,0.9999670134108569,3.298767729407729e-05,9.0,1.0,1.0,1.0,0.44998350670542847,2
core,wrong_objective,objective_revision,False,EIC-NoMargin,41,core,0.9999770192283306,2.2981299797483807e-05,9.0,1.0,1.0,1.0,0.4499885096141653,2
core,wrong_objective,objective_revision,False,EIC-NoMargin,42,core,0.9999768402588358,2.3160277550315954e-05,9.0,1.0,1.0,1.0,0.4499884201294179,2
core,wrong_objective,objective_revision,False,EIC-NoMargin,43,core,0.9999970503785126,2.949630187667446e-06,9.0,1.0,1.0,1.0,0.4499985251892563,2
core,wrong_objective,objective_revision,False,EIC-NoMargin,44,core,0.9998090580364761,0.0001909784293202507,9.0,1.0,1.0,1.0,0.4499045290182381,2
core,wrong_objective,objective_revision,False,EIC-NoMargin,45,core,0.9999889686245752,1.1031497117375932e-05,9.0,1.0,1.0,1.0,0.4499944843122876,2
core,wrong_objective,objective_revision,False,EIC-NoMargin,46,core,0.9999877536363547,1.2246513620613857e-05,9.0,1.0,1.0,1.0,0.4499938768181774,2
core,wrong_objective,objective_revision,False,EIC-NoMargin,47,core,0.9997378360948062,0.00026223265313039747,9.0,1.0,1.0,1.0,0.4498689180474031,2
core,wrong_objective,objective_revision,False,EIC-NoMargin,48,core,0.9999931453575701,6.854689416262288e-06,9.0,1.0,1.0,1.0,0.44999657267878507,2
core,wrong_objective,objective_revision,False,EIC-NoMargin,49,core,0.9999690909843842,3.090997101262131e-05,9.0,1.0,1.0,1.0,0.44998454549219213,2
core,wrong_objective,objective_revision,False,EIC-NoCost,0,core,0.9997689262511702,0.00023112715624823085,9.0,1.0,1.0,1.0,0.4498844631255851,2
core,wrong_objective,objective_revision,False,EIC-NoCost,1,core,0.9999843958545732,1.560438891997892e-05,9.0,1.0,1.0,1.0,0.4499921979272866,2
core,wrong_objective,objective_revision,False,EIC-NoCost,2,core,0.9999828335949641,1.7166699726424753e-05,9.0,1.0,1.0,1.0,0.44999141679748206,2
core,wrong_objective,objective_revision,False,EIC-NoCost,3,core,0.9999995115584982,4.884417404907575e-07,9.0,1.0,1.0,1.0,0.4499997557792491,2
core,wrong_objective,objective_revision,False,EIC-NoCost,4,core,0.9999820506797634,1.7949642420401815e-05,9.0,1.0,1.0,1.0,0.4499910253398817,2
core,wrong_objective,objective_revision,False,EIC-NoCost,5,core,0.9999233938166038,7.661205235319432e-05,9.0,1.0,1.0,1.0,0.4499616969083019,2
core,wrong_objective,objective_revision,False,EIC-NoCost,6,core,0.999993947341377,6.052695257916767e-06,9.0,1.0,1.0,1.0,0.4499969736706885,2
core,wrong_objective,objective_revision,False,EIC-NoCost,7,core,0.9999772225275313,2.277799129387746e-05,9.0,1.0,1.0,1.0,0.44998861126376566,2
core,wrong_objective,objective_revision,False,EIC-NoCost,8,core,0.9989479267712341,0.0010531812525667482,9.0,1.0,1.0,1.0,0.44947396338561707,2
core,wrong_objective,objective_revision,False,EIC-NoCost,9,core,0.9999054285583391,9.458038626441789e-05,9.0,1.0,1.0,1.0,0.44995271427916955,2
core,wrong_objective,objective_revision,False,EIC-NoCost,10,core,0.9999786455351548,2.1354920868166866e-05,9.0,1.0,1.0,1.0,0.4499893227675774,2
core,wrong_objective,objective_revision,False,EIC-NoCost,11,core,0.9999830842284232,1.6916057725036104e-05,9.0,1.0,1.0,1.0,0.4499915421142116,2
core,wrong_objective,objective_revision,False,EIC-NoCost,12,core,0.999881874821287,0.00011813913391932326,9.0,1.0,1.0,1.0,0.4499409374106435,2
core,wrong_objective,objective_revision,False,EIC-NoCost,13,core,0.9999935161730643,6.483868975991927e-06,9.0,1.0,1.0,1.0,0.44999675808653217,2
core,wrong_objective,objective_revision,False,EIC-NoCost,14,core,0.9996654941692237,0.0003346177623688859,9.0,1.0,1.0,1.0,0.44983274708461185,2
core,wrong_objective,objective_revision,False,EIC-NoCost,15,core,0.9995285275342074,0.00047169485692997646,9.0,1.0,1.0,1.0,0.4497642637671037,2
core,wrong_objective,objective_revision,False,EIC-NoCost,16,core,0.9999683887370414,3.161226226201162e-05,9.0,1.0,1.0,1.0,0.4499841943685207,2
core,wrong_objective,objective_revision,False,EIC-NoCost,17,core,0.9999670965873104,3.290449535975584e-05,9.0,1.0,1.0,1.0,0.4499835482936552,2
core,wrong_objective,objective_revision,False,EIC-NoCost,18,core,0.9997264104077391,0.00027366446400997493,9.0,1.0,1.0,1.0,0.4498632052038696,2
core,wrong_objective,objective_revision,False,EIC-NoCost,19,core,0.999996488557147,3.511455183363643e-06,9.0,1.0,1.0,1.0,0.4499982442785735,2
core,wrong_objective,objective_revision,False,EIC-NoCost,20,core,0.9998313671974369,0.00016866124438135808,9.0,1.0,1.0,1.0,0.4499156835987185,2
core,wrong_objective,objective_revision,False,EIC-NoCost,21,core,0.9999781562649466,2.1844212212656904e-05,9.0,1.0,1.0,1.0,0.4499890781324733,2
core,wrong_objective,objective_revision,False,EIC-NoCost,22,core,0.9993255250721814,0.0006749301512835406,9.0,1.0,1.0,1.0,0.4496627625360907,2
core,wrong_objective,objective_revision,False,EIC-NoCost,23,core,0.9999823041146139,1.7696198536113732e-05,9.0,1.0,1.0,1.0,0.44999115205730694,2
core,wrong_objective,objective_revision,False,EIC-NoCost,24,core,0.999999948547474,5.1452528740415043e-08,9.0,1.0,1.0,1.0,0.449999974273737,2
core,wrong_objective,objective_revision,False,EIC-NoCost,25,core,0.9997809605976602,0.0002190873911109827,9.0,1.0,1.0,1.0,0.4498904802988301,2
core,wrong_objective,objective_revision,False,EIC-NoCost,26,core,0.9995659950463227,0.00043419339576192213,9.0,1.0,1.0,1.0,0.44978299752316137,2
core,wrong_objective,objective_revision,False,EIC-NoCost,27,core,0.9995031025124153,0.0004971445174465076,9.0,1.0,1.0,1.0,0.44975155125620764,2
core,wrong_objective,objective_revision,False,EIC-NoCost,28,core,0.9999478170313076,5.218569189675314e-05,9.0,1.0,1.0,1.0,0.44997390851565383,2
core,wrong_objective,objective_revision,False,EIC-NoCost,29,core,0.9998464963573328,0.00015352720965318962,9.0,1.0,1.0,1.0,0.4499232481786664,2
core,wrong_objective,objective_revision,False,EIC-NoCost,30,core,0.9999998735020261,1.2649798993690016e-07,9.0,1.0,1.0,1.0,0.4499999367510131,2
core,wrong_objective,objective_revision,False,EIC-NoCost,31,core,0.9999579873910577,4.20143740758343e-05,9.0,1.0,1.0,1.0,0.44997899369552885,2
core,wrong_objective,objective_revision,False,EIC-NoCost,32,core,0.9999000507447611,9.995924609108376e-05,9.0,1.0,1.0,1.0,0.44995002537238055,2
core,wrong_objective,objective_revision,False,EIC-NoCost,33,core,0.9999999759158388,2.4084161692993733e-08,9.0,1.0,1.0,1.0,0.4499999879579194,2
core,wrong_objective,objective_revision,False,EIC-NoCost,34,core,0.9999444890436449,5.551403799246475e-05,9.0,1.0,1.0,1.0,0.44997224452182244,2
core,wrong_objective,objective_revision,False,EIC-NoCost,35,core,0.9999916536138671,8.346455795610074e-06,9.0,1.0,1.0,1.0,0.44999582680693356,2
core,wrong_objective,objective_revision,False,EIC-NoCost,36,core,0.9999704993986309,2.9501471680285902e-05,9.0,1.0,1.0,1.0,0.44998524969931547,2
core,wrong_objective,objective_revision,False,EIC-NoCost,37,core,0.9999977548306819,2.2451743589379434e-06,9.0,1.0,1.0,1.0,0.44999887741534095,2
core,wrong_objective,objective_revision,False,EIC-NoCost,38,core,0.9999233114848749,7.66943967044967e-05,9.0,1.0,1.0,1.0,0.44996165574243746,2
core,wrong_objective,objective_revision,False,EIC-NoCost,39,core,0.9999787037841511,2.1296669387315337e-05,9.0,1.0,1.0,1.0,0.44998935189207556,2
core,wrong_objective,objective_revision,False,EIC-NoCost,40,core,0.9999670134108569,3.298767729407729e-05,9.0,1.0,1.0,1.0,0.44998350670542847,2
core,wrong_objective,objective_revision,False,EIC-NoCost,41,core,0.9999770192283306,2.2981299797483807e-05,9.0,1.0,1.0,1.0,0.4499885096141653,2
core,wrong_objective,objective_revision,False,EIC-NoCost,42,core,0.9999768402588358,2.3160277550315954e-05,9.0,1.0,1.0,1.0,0.4499884201294179,2
core,wrong_objective,objective_revision,False,EIC-NoCost,43,core,0.9999970503785126,2.949630187667446e-06,9.0,1.0,1.0,1.0,0.4499985251892563,2
core,wrong_objective,objective_revision,False,EIC-NoCost,44,core,0.9998090580364761,0.0001909784293202507,9.0,1.0,1.0,1.0,0.4499045290182381,2
core,wrong_objective,objective_revision,False,EIC-NoCost,45,core,0.9999889686245752,1.1031497117375932e-05,9.0,1.0,1.0,1.0,0.4499944843122876,2
core,wrong_objective,objective_revision,False,EIC-NoCost,46,core,0.9999877536363547,1.2246513620613857e-05,9.0,1.0,1.0,1.0,0.4499938768181774,2
core,wrong_objective,objective_revision,False,EIC-NoCost,47,core,0.9997378360948062,0.00026223265313039747,9.0,1.0,1.0,1.0,0.4498689180474031,2
core,wrong_objective,objective_revision,False,EIC-NoCost,48,core,0.9999931453575701,6.854689416262288e-06,9.0,1.0,1.0,1.0,0.44999657267878507,2
core,wrong_objective,objective_revision,False,EIC-NoCost,49,core,0.9999690909843842,3.090997101262131e-05,9.0,1.0,1.0,1.0,0.44998454549219213,2
core,wrong_objective,objective_revision,False,EIC-Greedy,0,core,0.9997689262511702,0.00023112715624823085,9.0,1.0,1.0,1.0,0.4498844631255851,2
core,wrong_objective,objective_revision,False,EIC-Greedy,1,core,0.9999843958545732,1.560438891997892e-05,9.0,1.0,1.0,1.0,0.4499921979272866,2
core,wrong_objective,objective_revision,False,EIC-Greedy,2,core,0.9999828335949641,1.7166699726424753e-05,9.0,1.0,1.0,1.0,0.44999141679748206,2
core,wrong_objective,objective_revision,False,EIC-Greedy,3,core,0.9999995115584982,4.884417404907575e-07,9.0,1.0,1.0,1.0,0.4499997557792491,2
core,wrong_objective,objective_revision,False,EIC-Greedy,4,core,0.9999820506797634,1.7949642420401815e-05,9.0,1.0,1.0,1.0,0.4499910253398817,2
core,wrong_objective,objective_revision,False,EIC-Greedy,5,core,0.9999233938166038,7.661205235319432e-05,9.0,1.0,1.0,1.0,0.4499616969083019,2
core,wrong_objective,objective_revision,False,EIC-Greedy,6,core,0.999993947341377,6.052695257916767e-06,9.0,1.0,1.0,1.0,0.4499969736706885,2
core,wrong_objective,objective_revision,False,EIC-Greedy,7,core,0.9999772225275313,2.277799129387746e-05,9.0,1.0,1.0,1.0,0.44998861126376566,2
core,wrong_objective,objective_revision,False,EIC-Greedy,8,core,0.9989479267712341,0.0010531812525667482,9.0,1.0,1.0,1.0,0.44947396338561707,2
core,wrong_objective,objective_revision,False,EIC-Greedy,9,core,0.9999054285583391,9.458038626441789e-05,9.0,1.0,1.0,1.0,0.44995271427916955,2
core,wrong_objective,objective_revision,False,EIC-Greedy,10,core,0.9999786455351548,2.1354920868166866e-05,9.0,1.0,1.0,1.0,0.4499893227675774,2
core,wrong_objective,objective_revision,False,EIC-Greedy,11,core,0.9999830842284232,1.6916057725036104e-05,9.0,1.0,1.0,1.0,0.4499915421142116,2
core,wrong_objective,objective_revision,False,EIC-Greedy,12,core,0.999881874821287,0.00011813913391932326,9.0,1.0,1.0,1.0,0.4499409374106435,2
core,wrong_objective,objective_revision,False,EIC-Greedy,13,core,0.9999935161730643,6.483868975991927e-06,9.0,1.0,1.0,1.0,0.44999675808653217,2
core,wrong_objective,objective_revision,False,EIC-Greedy,14,core,0.9996654941692237,0.0003346177623688859,9.0,1.0,1.0,1.0,0.44983274708461185,2
core,wrong_objective,objective_revision,False,EIC-Greedy,15,core,0.9995285275342074,0.00047169485692997646,9.0,1.0,1.0,1.0,0.4497642637671037,2
core,wrong_objective,objective_revision,False,EIC-Greedy,16,core,0.9999683887370414,3.161226226201162e-05,9.0,1.0,1.0,1.0,0.4499841943685207,2
core,wrong_objective,objective_revision,False,EIC-Greedy,17,core,0.9999670965873104,3.290449535975584e-05,9.0,1.0,1.0,1.0,0.4499835482936552,2
core,wrong_objective,objective_revision,False,EIC-Greedy,18,core,0.9997264104077391,0.00027366446400997493,9.0,1.0,1.0,1.0,0.4498632052038696,2
core,wrong_objective,objective_revision,False,EIC-Greedy,19,core,0.999996488557147,3.511455183363643e-06,9.0,1.0,1.0,1.0,0.4499982442785735,2
core,wrong_objective,objective_revision,False,EIC-Greedy,20,core,0.9998313671974369,0.00016866124438135808,9.0,1.0,1.0,1.0,0.4499156835987185,2
core,wrong_objective,objective_revision,False,EIC-Greedy,21,core,0.9999781562649466,2.1844212212656904e-05,9.0,1.0,1.0,1.0,0.4499890781324733,2
core,wrong_objective,objective_revision,False,EIC-Greedy,22,core,0.9993255250721814,0.0006749301512835406,9.0,1.0,1.0,1.0,0.4496627625360907,2
core,wrong_objective,objective_revision,False,EIC-Greedy,23,core,0.9999823041146139,1.7696198536113732e-05,9.0,1.0,1.0,1.0,0.44999115205730694,2
core,wrong_objective,objective_revision,False,EIC-Greedy,24,core,0.999999948547474,5.1452528740415043e-08,9.0,1.0,1.0,1.0,0.449999974273737,2
core,wrong_objective,objective_revision,False,EIC-Greedy,25,core,0.9997809605976602,0.0002190873911109827,9.0,1.0,1.0,1.0,0.4498904802988301,2
core,wrong_objective,objective_revision,False,EIC-Greedy,26,core,0.9995659950463227,0.00043419339576192213,9.0,1.0,1.0,1.0,0.44978299752316137,2
core,wrong_objective,objective_revision,False,EIC-Greedy,27,core,0.9995031025124153,0.0004971445174465076,9.0,1.0,1.0,1.0,0.44975155125620764,2
core,wrong_objective,objective_revision,False,EIC-Greedy,28,core,0.9999478170313076,5.218569189675314e-05,9.0,1.0,1.0,1.0,0.44997390851565383,2
core,wrong_objective,objective_revision,False,EIC-Greedy,29,core,0.9998464963573328,0.00015352720965318962,9.0,1.0,1.0,1.0,0.4499232481786664,2
core,wrong_objective,objective_revision,False,EIC-Greedy,30,core,0.9999998735020261,1.2649798993690016e-07,9.0,1.0,1.0,1.0,0.4499999367510131,2
core,wrong_objective,objective_revision,False,EIC-Greedy,31,core,0.9999579873910577,4.20143740758343e-05,9.0,1.0,1.0,1.0,0.44997899369552885,2
core,wrong_objective,objective_revision,False,EIC-Greedy,32,core,0.9999000507447611,9.995924609108376e-05,9.0,1.0,1.0,1.0,0.44995002537238055,2
core,wrong_objective,objective_revision,False,EIC-Greedy,33,core,0.9999999759158388,2.4084161692993733e-08,9.0,1.0,1.0,1.0,0.4499999879579194,2
core,wrong_objective,objective_revision,False,EIC-Greedy,34,core,0.9999444890436449,5.551403799246475e-05,9.0,1.0,1.0,1.0,0.44997224452182244,2
core,wrong_objective,objective_revision,False,EIC-Greedy,35,core,0.9999916536138671,8.346455795610074e-06,9.0,1.0,1.0,1.0,0.44999582680693356,2
core,wrong_objective,objective_revision,False,EIC-Greedy,36,core,0.9999704993986309,2.9501471680285902e-05,9.0,1.0,1.0,1.0,0.44998524969931547,2
core,wrong_objective,objective_revision,False,EIC-Greedy,37,core,0.9999977548306819,2.2451743589379434e-06,9.0,1.0,1.0,1.0,0.44999887741534095,2
core,wrong_objective,objective_revision,False,EIC-Greedy,38,core,0.9999233114848749,7.66943967044967e-05,9.0,1.0,1.0,1.0,0.44996165574243746,2
core,wrong_objective,objective_revision,False,EIC-Greedy,39,core,0.9999787037841511,2.1296669387315337e-05,9.0,1.0,1.0,1.0,0.44998935189207556,2
core,wrong_objective,objective_revision,False,EIC-Greedy,40,core,0.9999670134108569,3.298767729407729e-05,9.0,1.0,1.0,1.0,0.44998350670542847,2
core,wrong_objective,objective_revision,False,EIC-Greedy,41,core,0.9999770192283306,2.2981299797483807e-05,9.0,1.0,1.0,1.0,0.4499885096141653,2
core,wrong_objective,objective_revision,False,EIC-Greedy,42,core,0.9999768402588358,2.3160277550315954e-05,9.0,1.0,1.0,1.0,0.4499884201294179,2
core,wrong_objective,objective_revision,False,EIC-Greedy,43,core,0.9999970503785126,2.949630187667446e-06,9.0,1.0,1.0,1.0,0.4499985251892563,2
core,wrong_objective,objective_revision,False,EIC-Greedy,44,core,0.9998090580364761,0.0001909784293202507,9.0,1.0,1.0,1.0,0.4499045290182381,2
core,wrong_objective,objective_revision,False,EIC-Greedy,45,core,0.9999889686245752,1.1031497117375932e-05,9.0,1.0,1.0,1.0,0.4499944843122876,2
core,wrong_objective,objective_revision,False,EIC-Greedy,46,core,0.9999877536363547,1.2246513620613857e-05,9.0,1.0,1.0,1.0,0.4499938768181774,2
core,wrong_objective,objective_revision,False,EIC-Greedy,47,core,0.9997378360948062,0.00026223265313039747,9.0,1.0,1.0,1.0,0.4498689180474031,2
core,wrong_objective,objective_revision,False,EIC-Greedy,48,core,0.9999931453575701,6.854689416262288e-06,9.0,1.0,1.0,1.0,0.44999657267878507,2
core,wrong_objective,objective_revision,False,EIC-Greedy,49,core,0.9999690909843842,3.090997101262131e-05,9.0,1.0,1.0,1.0,0.44998454549219213,2
core,wrong_objective,objective_revision,False,Oracle,0,core,0.9997689262511702,0.00023112715624823085,9.0,1.0,1.0,1.0,0.4498844631255851,2
core,wrong_objective,objective_revision,False,Oracle,1,core,0.9999843958545732,1.560438891997892e-05,9.0,1.0,1.0,1.0,0.4499921979272866,2
core,wrong_objective,objective_revision,False,Oracle,2,core,0.9999828335949641,1.7166699726424753e-05,9.0,1.0,1.0,1.0,0.44999141679748206,2
core,wrong_objective,objective_revision,False,Oracle,3,core,0.9999995115584982,4.884417404907575e-07,9.0,1.0,1.0,1.0,0.4499997557792491,2
core,wrong_objective,objective_revision,False,Oracle,4,core,0.9999820506797634,1.7949642420401815e-05,9.0,1.0,1.0,1.0,0.4499910253398817,2
core,wrong_objective,objective_revision,False,Oracle,5,core,0.9999233938166038,7.661205235319432e-05,9.0,1.0,1.0,1.0,0.4499616969083019,2
core,wrong_objective,objective_revision,False,Oracle,6,core,0.999993947341377,6.052695257916767e-06,9.0,1.0,1.0,1.0,0.4499969736706885,2
core,wrong_objective,objective_revision,False,Oracle,7,core,0.9999772225275313,2.277799129387746e-05,9.0,1.0,1.0,1.0,0.44998861126376566,2
core,wrong_objective,objective_revision,False,Oracle,8,core,0.9989479267712341,0.0010531812525667482,9.0,1.0,1.0,1.0,0.44947396338561707,2
core,wrong_objective,objective_revision,False,Oracle,9,core,0.9999054285583391,9.458038626441789e-05,9.0,1.0,1.0,1.0,0.44995271427916955,2
core,wrong_objective,objective_revision,False,Oracle,10,core,0.9999786455351548,2.1354920868166866e-05,9.0,1.0,1.0,1.0,0.4499893227675774,2
core,wrong_objective,objective_revision,False,Oracle,11,core,0.9999830842284232,1.6916057725036104e-05,9.0,1.0,1.0,1.0,0.4499915421142116,2
core,wrong_objective,objective_revision,False,Oracle,12,core,0.999881874821287,0.00011813913391932326,9.0,1.0,1.0,1.0,0.4499409374106435,2
core,wrong_objective,objective_revision,False,Oracle,13,core,0.9999935161730643,6.483868975991927e-06,9.0,1.0,1.0,1.0,0.44999675808653217,2
core,wrong_objective,objective_revision,False,Oracle,14,core,0.9996654941692237,0.0003346177623688859,9.0,1.0,1.0,1.0,0.44983274708461185,2
core,wrong_objective,objective_revision,False,Oracle,15,core,0.9995285275342074,0.00047169485692997646,9.0,1.0,1.0,1.0,0.4497642637671037,2
core,wrong_objective,objective_revision,False,Oracle,16,core,0.9999683887370414,3.161226226201162e-05,9.0,1.0,1.0,1.0,0.4499841943685207,2
core,wrong_objective,objective_revision,False,Oracle,17,core,0.9999670965873104,3.290449535975584e-05,9.0,1.0,1.0,1.0,0.4499835482936552,2
core,wrong_objective,objective_revision,False,Oracle,18,core,0.9997264104077391,0.00027366446400997493,9.0,1.0,1.0,1.0,0.4498632052038696,2
core,wrong_objective,objective_revision,False,Oracle,19,core,0.999996488557147,3.511455183363643e-06,9.0,1.0,1.0,1.0,0.4499982442785735,2
core,wrong_objective,objective_revision,False,Oracle,20,core,0.9998313671974369,0.00016866124438135808,9.0,1.0,1.0,1.0,0.4499156835987185,2
core,wrong_objective,objective_revision,False,Oracle,21,core,0.9999781562649466,2.1844212212656904e-05,9.0,1.0,1.0,1.0,0.4499890781324733,2
core,wrong_objective,objective_revision,False,Oracle,22,core,0.9993255250721814,0.0006749301512835406,9.0,1.0,1.0,1.0,0.4496627625360907,2
core,wrong_objective,objective_revision,False,Oracle,23,core,0.9999823041146139,1.7696198536113732e-05,9.0,1.0,1.0,1.0,0.44999115205730694,2
core,wrong_objective,objective_revision,False,Oracle,24,core,0.999999948547474,5.1452528740415043e-08,9.0,1.0,1.0,1.0,0.449999974273737,2
core,wrong_objective,objective_revision,False,Oracle,25,core,0.9997809605976602,0.0002190873911109827,9.0,1.0,1.0,1.0,0.4498904802988301,2
core,wrong_objective,objective_revision,False,Oracle,26,core,0.9995659950463227,0.00043419339576192213,9.0,1.0,1.0,1.0,0.44978299752316137,2
core,wrong_objective,objective_revision,False,Oracle,27,core,0.9995031025124153,0.0004971445174465076,9.0,1.0,1.0,1.0,0.44975155125620764,2
core,wrong_objective,objective_revision,False,Oracle,28,core,0.9999478170313076,5.218569189675314e-05,9.0,1.0,1.0,1.0,0.44997390851565383,2
core,wrong_objective,objective_revision,False,Oracle,29,core,0.9998464963573328,0.00015352720965318962,9.0,1.0,1.0,1.0,0.4499232481786664,2
core,wrong_objective,objective_revision,False,Oracle,30,core,0.9999998735020261,1.2649798993690016e-07,9.0,1.0,1.0,1.0,0.4499999367510131,2
core,wrong_objective,objective_revision,False,Oracle,31,core,0.9999579873910577,4.20143740758343e-05,9.0,1.0,1.0,1.0,0.44997899369552885,2
core,wrong_objective,objective_revision,False,Oracle,32,core,0.9999000507447611,9.995924609108376e-05,9.0,1.0,1.0,1.0,0.44995002537238055,2
core,wrong_objective,objective_revision,False,Oracle,33,core,0.9999999759158388,2.4084161692993733e-08,9.0,1.0,1.0,1.0,0.4499999879579194,2
core,wrong_objective,objective_revision,False,Oracle,34,core,0.9999444890436449,5.551403799246475e-05,9.0,1.0,1.0,1.0,0.44997224452182244,2
core,wrong_objective,objective_revision,False,Oracle,35,core,0.9999916536138671,8.346455795610074e-06,9.0,1.0,1.0,1.0,0.44999582680693356,2
core,wrong_objective,objective_revision,False,Oracle,36,core,0.9999704993986309,2.9501471680285902e-05,9.0,1.0,1.0,1.0,0.44998524969931547,2
core,wrong_objective,objective_revision,False,Oracle,37,core,0.9999977548306819,2.2451743589379434e-06,9.0,1.0,1.0,1.0,0.44999887741534095,2
core,wrong_objective,objective_revision,False,Oracle,38,core,0.9999233114848749,7.66943967044967e-05,9.0,1.0,1.0,1.0,0.44996165574243746,2
core,wrong_objective,objective_revision,False,Oracle,39,core,0.9999787037841511,2.1296669387315337e-05,9.0,1.0,1.0,1.0,0.44998935189207556,2
core,wrong_objective,objective_revision,False,Oracle,40,core,0.9999670134108569,3.298767729407729e-05,9.0,1.0,1.0,1.0,0.44998350670542847,2
core,wrong_objective,objective_revision,False,Oracle,41,core,0.9999770192283306,2.2981299797483807e-05,9.0,1.0,1.0,1.0,0.4499885096141653,2
core,wrong_objective,objective_revision,False,Oracle,42,core,0.9999768402588358,2.3160277550315954e-05,9.0,1.0,1.0,1.0,0.4499884201294179,2
core,wrong_objective,objective_revision,False,Oracle,43,core,0.9999970503785126,2.949630187667446e-06,9.0,1.0,1.0,1.0,0.4499985251892563,2
core,wrong_objective,objective_revision,False,Oracle,44,core,0.9998090580364761,0.0001909784293202507,9.0,1.0,1.0,1.0,0.4499045290182381,2
core,wrong_objective,objective_revision,False,Oracle,45,core,0.9999889686245752,1.1031497117375932e-05,9.0,1.0,1.0,1.0,0.4499944843122876,2
core,wrong_objective,objective_revision,False,Oracle,46,core,0.9999877536363547,1.2246513620613857e-05,9.0,1.0,1.0,1.0,0.4499938768181774,2
core,wrong_objective,objective_revision,False,Oracle,47,core,0.9997378360948062,0.00026223265313039747,9.0,1.0,1.0,1.0,0.4498689180474031,2
core,wrong_objective,objective_revision,False,Oracle,48,core,0.9999931453575701,6.854689416262288e-06,9.0,1.0,1.0,1.0,0.44999657267878507,2
core,wrong_objective,objective_revision,False,Oracle,49,core,0.9999690909843842,3.090997101262131e-05,9.0,1.0,1.0,1.0,0.44998454549219213,2
core,wrong_objective,objective_revision,True,Fixed-Frame,0,core,1.0,0.0,0.0,1.0,0.0,0.0,0.0,2
core,wrong_objective,objective_revision,True,Fixed-Frame,1,core,1.0,0.0,0.0,1.0,0.0,0.0,0.0,2
core,wrong_objective,objective_revision,True,Fixed-Frame,2,core,1.0,0.0,0.0,1.0,0.0,0.0,0.0,2
core,wrong_objective,objective_revision,True,Fixed-Frame,3,core,1.0,0.0,0.0,1.0,0.0,0.0,0.0,2
core,wrong_objective,objective_revision,True,Fixed-Frame,4,core,1.0,0.0,0.0,1.0,0.0,0.0,0.0,2
core,wrong_objective,objective_revision,True,Fixed-Frame,5,core,1.0,0.0,0.0,1.0,0.0,0.0,0.0,2
core,wrong_objective,objective_revision,True,Fixed-Frame,6,core,1.0,0.0,0.0,1.0,0.0,0.0,0.0,2
core,wrong_objective,objective_revision,True,Fixed-Frame,7,core,1.0,0.0,0.0,1.0,0.0,0.0,0.0,2
core,wrong_objective,objective_revision,True,Fixed-Frame,8,core,1.0,0.0,0.0,1.0,0.0,0.0,0.0,2
core,wrong_objective,objective_revision,True,Fixed-Frame,9,core,1.0,0.0,0.0,1.0,0.0,0.0,0.0,2
core,wrong_objective,objective_revision,True,Fixed-Frame,10,core,1.0,0.0,0.0,1.0,0.0,0.0,0.0,2
core,wrong_objective,objective_revision,True,Fixed-Frame,11,core,1.0,0.0,0.0,1.0,0.0,0.0,0.0,2
core,wrong_objective,objective_revision,True,Fixed-Frame,12,core,1.0,0.0,0.0,1.0,0.0,0.0,0.0,2
core,wrong_objective,objective_revision,True,Fixed-Frame,13,core,1.0,0.0,0.0,1.0,0.0,0.0,0.0,2
core,wrong_objective,objective_revision,True,Fixed-Frame,14,core,1.0,0.0,0.0,1.0,0.0,0.0,0.0,2
core,wrong_objective,objective_revision,True,Fixed-Frame,15,core,1.0,0.0,0.0,1.0,0.0,0.0,0.0,2
core,wrong_objective,objective_revision,True,Fixed-Frame,16,core,1.0,0.0,0.0,1.0,0.0,0.0,0.0,2
core,wrong_objective,objective_revision,True,Fixed-Frame,17,core,1.0,0.0,0.0,1.0,0.0,0.0,0.0,2
core,wrong_objective,objective_revision,True,Fixed-Frame,18,core,1.0,0.0,0.0,1.0,0.0,0.0,0.0,2
core,wrong_objective,objective_revision,True,Fixed-Frame,19,core,1.0,0.0,0.0,1.0,0.0,0.0,0.0,2
core,wrong_objective,objective_revision,True,Fixed-Frame,20,core,1.0,0.0,0.0,1.0,0.0,0.0,0.0,2
core,wrong_objective,objective_revision,True,Fixed-Frame,21,core,1.0,0.0,0.0,1.0,0.0,0.0,0.0,2
core,wrong_objective,objective_revision,True,Fixed-Frame,22,core,1.0,0.0,0.0,1.0,0.0,0.0,0.0,2
core,wrong_objective,objective_revision,True,Fixed-Frame,23,core,1.0,0.0,0.0,1.0,0.0,0.0,0.0,2
core,wrong_objective,objective_revision,True,Fixed-Frame,24,core,1.0,0.0,0.0,1.0,0.0,0.0,0.0,2
core,wrong_objective,objective_revision,True,Fixed-Frame,25,core,1.0,0.0,0.0,1.0,0.0,0.0,0.0,2
core,wrong_objective,objective_revision,True,Fixed-Frame,26,core,1.0,0.0,0.0,1.0,0.0,0.0,0.0,2
core,wrong_objective,objective_revision,True,Fixed-Frame,27,core,1.0,0.0,0.0,1.0,0.0,0.0,0.0,2
core,wrong_objective,objective_revision,True,Fixed-Frame,28,core,1.0,0.0,0.0,1.0,0.0,0.0,0.0,2
core,wrong_objective,objective_revision,True,Fixed-Frame,29,core,1.0,0.0,0.0,1.0,0.0,0.0,0.0,2
core,wrong_objective,objective_revision,True,Fixed-Frame,30,core,1.0,0.0,0.0,1.0,0.0,0.0,0.0,2
core,wrong_objective,objective_revision,True,Fixed-Frame,31,core,1.0,0.0,0.0,1.0,0.0,0.0,0.0,2
core,wrong_objective,objective_revision,True,Fixed-Frame,32,core,1.0,0.0,0.0,1.0,0.0,0.0,0.0,2
core,wrong_objective,objective_revision,True,Fixed-Frame,33,core,1.0,0.0,0.0,1.0,0.0,0.0,0.0,2
core,wrong_objective,objective_revision,True,Fixed-Frame,34,core,1.0,0.0,0.0,1.0,0.0,0.0,0.0,2
core,wrong_objective,objective_revision,True,Fixed-Frame,35,core,1.0,0.0,0.0,1.0,0.0,0.0,0.0,2
core,wrong_objective,objective_revision,True,Fixed-Frame,36,core,1.0,0.0,0.0,1.0,0.0,0.0,0.0,2
core,wrong_objective,objective_revision,True,Fixed-Frame,37,core,1.0,0.0,0.0,1.0,0.0,0.0,0.0,2
core,wrong_objective,objective_revision,True,Fixed-Frame,38,core,1.0,0.0,0.0,1.0,0.0,0.0,0.0,2
core,wrong_objective,objective_revision,True,Fixed-Frame,39,core,1.0,0.0,0.0,1.0,0.0,0.0,0.0,2
core,wrong_objective,objective_revision,True,Fixed-Frame,40,core,1.0,0.0,0.0,1.0,0.0,0.0,0.0,2
core,wrong_objective,objective_revision,True,Fixed-Frame,41,core,1.0,0.0,0.0,1.0,0.0,0.0,0.0,2
core,wrong_objective,objective_revision,True,Fixed-Frame,42,core,1.0,0.0,0.0,1.0,0.0,0.0,0.0,2
core,wrong_objective,objective_revision,True,Fixed-Frame,43,core,1.0,0.0,0.0,1.0,0.0,0.0,0.0,2
core,wrong_objective,objective_revision,True,Fixed-Frame,44,core,1.0,0.0,0.0,1.0,0.0,0.0,0.0,2
core,wrong_objective,objective_revision,True,Fixed-Frame,45,core,1.0,0.0,0.0,1.0,0.0,0.0,0.0,2
core,wrong_objective,objective_revision,True,Fixed-Frame,46,core,1.0,0.0,0.0,1.0,0.0,0.0,0.0,2
core,wrong_objective,objective_revision,True,Fixed-Frame,47,core,1.0,0.0,0.0,1.0,0.0,0.0,0.0,2
core,wrong_objective,objective_revision,True,Fixed-Frame,48,core,1.0,0.0,0.0,1.0,0.0,0.0,0.0,2
core,wrong_objective,objective_revision,True,Fixed-Frame,49,core,1.0,0.0,0.0,1.0,0.0,0.0,0.0,2
core,wrong_objective,objective_revision,True,Random-Edit,0,core,1.0,0.0,0.0,1.0,0.0,0.0,0.0,2
core,wrong_objective,objective_revision,True,Random-Edit,1,core,1.0,0.0,0.0,1.0,0.0,0.0,0.0,2
core,wrong_objective,objective_revision,True,Random-Edit,2,core,0.9999930314642073,6.968584353579377e-06,0.0,0.0,1.0,1.0,0.0,2
core,wrong_objective,objective_revision,True,Random-Edit,3,core,1.0,0.0,0.0,1.0,0.0,0.0,0.0,2
core,wrong_objective,objective_revision,True,Random-Edit,4,core,1.0,0.0,0.0,1.0,0.0,0.0,0.0,2
core,wrong_objective,objective_revision,True,Random-Edit,5,core,0.9997595663042594,0.00024049151800500937,0.0,0.0,1.0,1.0,0.0,2
core,wrong_objective,objective_revision,True,Random-Edit,6,core,0.9999944264584288,5.5735726356968034e-06,0.0,0.0,1.0,1.0,0.0,2
core,wrong_objective,objective_revision,True,Random-Edit,7,core,0.9995515179380966,0.0004486832883097953,0.0,0.0,1.0,1.0,0.0,2
core,wrong_objective,objective_revision,True,Random-Edit,8,core,0.9999316981498247,6.830651563652693e-05,0.0,0.0,1.0,1.0,0.0,2
core,wrong_objective,objective_revision,True,Random-Edit,9,core,1.0,0.0,0.0,1.0,0.0,0.0,0.0,2
core,wrong_objective,objective_revision,True,Random-Edit,10,core,1.0,0.0,0.0,1.0,0.0,0.0,0.0,2
core,wrong_objective,objective_revision,True,Random-Edit,11,core,1.0,0.0,0.0,1.0,0.0,0.0,0.0,2
core,wrong_objective,objective_revision,True,Random-Edit,12,core,0.9998118294642161,0.000188205950598493,0.0,0.0,1.0,1.0,0.0,2
core,wrong_objective,objective_revision,True,Random-Edit,13,core,1.0,0.0,0.0,1.0,0.0,0.0,0.0,2
core,wrong_objective,objective_revision,True,Random-Edit,14,core,1.0,0.0,0.0,1.0,0.0,0.0,0.0,2
core,wrong_objective,objective_revision,True,Random-Edit,15,core,0.9998832264928369,0.00011678714480753768,0.0,0.0,1.0,1.0,0.0,2
core,wrong_objective,objective_revision,True,Random-Edit,16,core,1.0,0.0,0.0,1.0,0.0,0.0,0.0,2
core,wrong_objective,objective_revision,True,Random-Edit,17,core,1.0,0.0,0.0,1.0,0.0,0.0,0.0,2
core,wrong_objective,objective_revision,True,Random-Edit,18,core,0.9998198681292916,0.0001801643240451429,0.0,0.0,1.0,1.0,0.0,2
core,wrong_objective,objective_revision,True,Random-Edit,19,core,0.9999763841290119,2.361642871068393e-05,0.0,0.0,1.0,1.0,0.0,2
core,wrong_objective,objective_revision,True,Random-Edit,20,core,1.0,0.0,0.0,1.0,0.0,0.0,0.0,2
core,wrong_objective,objective_revision,True,Random-Edit,21,core,1.0,0.0,0.0,1.0,0.0,0.0,0.0,2
core,wrong_objective,objective_revision,True,Random-Edit,22,core,1.0,0.0,0.0,1.0,0.0,0.0,0.0,2
core,wrong_objective,objective_revision,True,Random-Edit,23,core,0.9999761076373822,2.3892933476371953e-05,0.0,0.0,1.0,1.0,0.0,2
core,wrong_objective,objective_revision,True,Random-Edit,24,core,0.9999678200940891,3.21809414905107e-05,0.0,0.0,1.0,1.0,0.0,2
core,wrong_objective,objective_revision,True,Random-Edit,25,core,0.9998383534554232,0.00016167267840655025,0.0,0.0,1.0,1.0,0.0,2
core,wrong_objective,objective_revision,True,Random-Edit,26,core,0.9991805317311774,0.0008201403478136537,0.0,0.0,1.0,1.0,0.0,2
core,wrong_objective,objective_revision,True,Random-Edit,27,core,0.9999879531719168,1.2046973211048545e-05,0.0,0.0,1.0,1.0,0.0,2
core,wrong_objective,objective_revision,True,Random-Edit,28,core,0.999974988370916,2.501225468119834e-05,0.0,0.0,1.0,1.0,0.0,2
core,wrong_objective,objective_revision,True,Random-Edit,29,core,1.0,0.0,0.0,1.0,0.0,0.0,0.0,2
core,wrong_objective,objective_revision,True,Random-Edit,30,core,0.9999994733837931,5.266164842603583e-07,0.0,0.0,1.0,1.0,0.0,2
core,wrong_objective,objective_revision,True,Random-Edit,31,core,0.9997551979215106,0.0002448620212212251,0.0,0.0,1.0,1.0,0.0,2
core,wrong_objective,objective_revision,True,Random-Edit,32,core,1.0,0.0,0.0,1.0,0.0,0.0,0.0,2
core,wrong_objective,objective_revision,True,Random-Edit,33,core,0.9999533521362854,4.665003983919143e-05,0.0,0.0,1.0,1.0,0.0,2
core,wrong_objective,objective_revision,True,Random-Edit,34,core,0.9999998383218028,1.616782231988122e-07,0.0,0.0,1.0,1.0,0.0,2
core,wrong_objective,objective_revision,True,Random-Edit,35,core,1.0,0.0,0.0,1.0,0.0,0.0,0.0,2
core,wrong_objective,objective_revision,True,Random-Edit,36,core,0.9999175053358079,8.250147012306087e-05,0.0,0.0,1.0,1.0,0.0,2
core,wrong_objective,objective_revision,True,Random-Edit,37,core,1.0,0.0,0.0,1.0,0.0,0.0,0.0,2
core,wrong_objective,objective_revision,True,Random-Edit,38,core,1.0,0.0,0.0,1.0,0.0,0.0,0.0,2
core,wrong_objective,objective_revision,True,Random-Edit,39,core,0.9999785634208819,2.1437038654958772e-05,0.0,0.0,1.0,1.0,0.0,2
core,wrong_objective,objective_revision,True,Random-Edit,40,core,1.0,0.0,0.0,1.0,0.0,0.0,0.0,2
core,wrong_objective,objective_revision,True,Random-Edit,41,core,0.9999908558536461,9.14422997002383e-06,0.0,0.0,1.0,1.0,0.0,2
core,wrong_objective,objective_revision,True,Random-Edit,42,core,0.9999992256588258,7.743417737078742e-07,0.0,0.0,1.0,1.0,0.0,2
core,wrong_objective,objective_revision,True,Random-Edit,43,core,0.9999540769482332,4.592516079016646e-05,0.0,0.0,1.0,1.0,0.0,2
core,wrong_objective,objective_revision,True,Random-Edit,44,core,0.9999099120728947,9.009604367114359e-05,0.0,0.0,1.0,1.0,0.0,2
core,wrong_objective,objective_revision,True,Random-Edit,45,core,1.0,0.0,0.0,1.0,0.0,0.0,0.0,2
core,wrong_objective,objective_revision,True,Random-Edit,46,core,0.9999505692212158,4.9433222306946024e-05,0.0,0.0,1.0,1.0,0.0,2
core,wrong_objective,objective_revision,True,Random-Edit,47,core,1.0,0.0,0.0,1.0,0.0,0.0,0.0,2
core,wrong_objective,objective_revision,True,Random-Edit,48,core,1.0,0.0,0.0,1.0,0.0,0.0,0.0,2
core,wrong_objective,objective_revision,True,Random-Edit,49,core,0.999761812607533,0.00023824413921718477,0.0,0.0,1.0,1.0,0.0,2
core,wrong_objective,objective_revision,True,Flat-Search,0,core,1.0,0.0,0.0,1.0,0.0,0.0,0.0,2
core,wrong_objective,objective_revision,True,Flat-Search,1,core,1.0,0.0,0.0,1.0,0.0,0.0,0.0,2
core,wrong_objective,objective_revision,True,Flat-Search,2,core,1.0,0.0,0.0,1.0,0.0,0.0,0.0,2
core,wrong_objective,objective_revision,True,Flat-Search,3,core,1.0,0.0,0.0,1.0,0.0,0.0,0.0,2
core,wrong_objective,objective_revision,True,Flat-Search,4,core,1.0,0.0,0.0,1.0,0.0,0.0,0.0,2
core,wrong_objective,objective_revision,True,Flat-Search,5,core,1.0,0.0,0.0,1.0,0.0,0.0,0.0,2
core,wrong_objective,objective_revision,True,Flat-Search,6,core,1.0,0.0,0.0,1.0,0.0,0.0,0.0,2
core,wrong_objective,objective_revision,True,Flat-Search,7,core,1.0,0.0,0.0,1.0,0.0,0.0,0.0,2
core,wrong_objective,objective_revision,True,Flat-Search,8,core,1.0,0.0,0.0,1.0,0.0,0.0,0.0,2
core,wrong_objective,objective_revision,True,Flat-Search,9,core,1.0,0.0,0.0,1.0,0.0,0.0,0.0,2
core,wrong_objective,objective_revision,True,Flat-Search,10,core,1.0,0.0,0.0,1.0,0.0,0.0,0.0,2
core,wrong_objective,objective_revision,True,Flat-Search,11,core,1.0,0.0,0.0,1.0,0.0,0.0,0.0,2
core,wrong_objective,objective_revision,True,Flat-Search,12,core,1.0,0.0,0.0,1.0,0.0,0.0,0.0,2
core,wrong_objective,objective_revision,True,Flat-Search,13,core,1.0,0.0,0.0,1.0,0.0,0.0,0.0,2
core,wrong_objective,objective_revision,True,Flat-Search,14,core,1.0,0.0,0.0,1.0,0.0,0.0,0.0,2
core,wrong_objective,objective_revision,True,Flat-Search,15,core,1.0,0.0,0.0,1.0,0.0,0.0,0.0,2
core,wrong_objective,objective_revision,True,Flat-Search,16,core,1.0,0.0,0.0,1.0,0.0,0.0,0.0,2
core,wrong_objective,objective_revision,True,Flat-Search,17,core,1.0,0.0,0.0,1.0,0.0,0.0,0.0,2
core,wrong_objective,objective_revision,True,Flat-Search,18,core,1.0,0.0,0.0,1.0,0.0,0.0,0.0,2
core,wrong_objective,objective_revision,True,Flat-Search,19,core,1.0,0.0,0.0,1.0,0.0,0.0,0.0,2
core,wrong_objective,objective_revision,True,Flat-Search,20,core,1.0,0.0,0.0,1.0,0.0,0.0,0.0,2
core,wrong_objective,objective_revision,True,Flat-Search,21,core,1.0,0.0,0.0,1.0,0.0,0.0,0.0,2
core,wrong_objective,objective_revision,True,Flat-Search,22,core,1.0,0.0,0.0,1.0,0.0,0.0,0.0,2
core,wrong_objective,objective_revision,True,Flat-Search,23,core,1.0,0.0,0.0,1.0,0.0,0.0,0.0,2
core,wrong_objective,objective_revision,True,Flat-Search,24,core,1.0,0.0,0.0,1.0,0.0,0.0,0.0,2
core,wrong_objective,objective_revision,True,Flat-Search,25,core,1.0,0.0,0.0,1.0,0.0,0.0,0.0,2
core,wrong_objective,objective_revision,True,Flat-Search,26,core,1.0,0.0,0.0,1.0,0.0,0.0,0.0,2
core,wrong_objective,objective_revision,True,Flat-Search,27,core,1.0,0.0,0.0,1.0,0.0,0.0,0.0,2
core,wrong_objective,objective_revision,True,Flat-Search,28,core,1.0,0.0,0.0,1.0,0.0,0.0,0.0,2
core,wrong_objective,objective_revision,True,Flat-Search,29,core,1.0,0.0,0.0,1.0,0.0,0.0,0.0,2
core,wrong_objective,objective_revision,True,Flat-Search,30,core,1.0,0.0,0.0,1.0,0.0,0.0,0.0,2
core,wrong_objective,objective_revision,True,Flat-Search,31,core,1.0,0.0,0.0,1.0,0.0,0.0,0.0,2
core,wrong_objective,objective_revision,True,Flat-Search,32,core,1.0,0.0,0.0,1.0,0.0,0.0,0.0,2
core,wrong_objective,objective_revision,True,Flat-Search,33,core,1.0,0.0,0.0,1.0,0.0,0.0,0.0,2
core,wrong_objective,objective_revision,True,Flat-Search,34,core,1.0,0.0,0.0,1.0,0.0,0.0,0.0,2
core,wrong_objective,objective_revision,True,Flat-Search,35,core,1.0,0.0,0.0,1.0,0.0,0.0,0.0,2
core,wrong_objective,objective_revision,True,Flat-Search,36,core,1.0,0.0,0.0,1.0,0.0,0.0,0.0,2
core,wrong_objective,objective_revision,True,Flat-Search,37,core,1.0,0.0,0.0,1.0,0.0,0.0,0.0,2
core,wrong_objective,objective_revision,True,Flat-Search,38,core,1.0,0.0,0.0,1.0,0.0,0.0,0.0,2
core,wrong_objective,objective_revision,True,Flat-Search,39,core,1.0,0.0,0.0,1.0,0.0,0.0,0.0,2
core,wrong_objective,objective_revision,True,Flat-Search,40,core,1.0,0.0,0.0,1.0,0.0,0.0,0.0,2
core,wrong_objective,objective_revision,True,Flat-Search,41,core,1.0,0.0,0.0,1.0,0.0,0.0,0.0,2
core,wrong_objective,objective_revision,True,Flat-Search,42,core,1.0,0.0,0.0,1.0,0.0,0.0,0.0,2
core,wrong_objective,objective_revision,True,Flat-Search,43,core,1.0,0.0,0.0,1.0,0.0,0.0,0.0,2
core,wrong_objective,objective_revision,True,Flat-Search,44,core,1.0,0.0,0.0,1.0,0.0,0.0,0.0,2
core,wrong_objective,objective_revision,True,Flat-Search,45,core,1.0,0.0,0.0,1.0,0.0,0.0,0.0,2
core,wrong_objective,objective_revision,True,Flat-Search,46,core,1.0,0.0,0.0,1.0,0.0,0.0,0.0,2
core,wrong_objective,objective_revision,True,Flat-Search,47,core,1.0,0.0,0.0,1.0,0.0,0.0,0.0,2
core,wrong_objective,objective_revision,True,Flat-Search,48,core,1.0,0.0,0.0,1.0,0.0,0.0,0.0,2
core,wrong_objective,objective_revision,True,Flat-Search,49,core,1.0,0.0,0.0,1.0,0.0,0.0,0.0,2
core,wrong_objective,objective_revision,True,MDL-Flat,0,core,1.0,0.0,0.0,1.0,0.0,0.0,0.0,2
core,wrong_objective,objective_revision,True,MDL-Flat,1,core,1.0,0.0,0.0,1.0,0.0,0.0,0.0,2
core,wrong_objective,objective_revision,True,MDL-Flat,2,core,1.0,0.0,0.0,1.0,0.0,0.0,0.0,2
core,wrong_objective,objective_revision,True,MDL-Flat,3,core,1.0,0.0,0.0,1.0,0.0,0.0,0.0,2
core,wrong_objective,objective_revision,True,MDL-Flat,4,core,1.0,0.0,0.0,1.0,0.0,0.0,0.0,2
core,wrong_objective,objective_revision,True,MDL-Flat,5,core,1.0,0.0,0.0,1.0,0.0,0.0,0.0,2
core,wrong_objective,objective_revision,True,MDL-Flat,6,core,1.0,0.0,0.0,1.0,0.0,0.0,0.0,2
core,wrong_objective,objective_revision,True,MDL-Flat,7,core,1.0,0.0,0.0,1.0,0.0,0.0,0.0,2
core,wrong_objective,objective_revision,True,MDL-Flat,8,core,1.0,0.0,0.0,1.0,0.0,0.0,0.0,2
core,wrong_objective,objective_revision,True,MDL-Flat,9,core,1.0,0.0,0.0,1.0,0.0,0.0,0.0,2
core,wrong_objective,objective_revision,True,MDL-Flat,10,core,1.0,0.0,0.0,1.0,0.0,0.0,0.0,2
core,wrong_objective,objective_revision,True,MDL-Flat,11,core,1.0,0.0,0.0,1.0,0.0,0.0,0.0,2
core,wrong_objective,objective_revision,True,MDL-Flat,12,core,1.0,0.0,0.0,1.0,0.0,0.0,0.0,2
core,wrong_objective,objective_revision,True,MDL-Flat,13,core,1.0,0.0,0.0,1.0,0.0,0.0,0.0,2
core,wrong_objective,objective_revision,True,MDL-Flat,14,core,1.0,0.0,0.0,1.0,0.0,0.0,0.0,2
core,wrong_objective,objective_revision,True,MDL-Flat,15,core,1.0,0.0,0.0,1.0,0.0,0.0,0.0,2
core,wrong_objective,objective_revision,True,MDL-Flat,16,core,1.0,0.0,0.0,1.0,0.0,0.0,0.0,2
core,wrong_objective,objective_revision,True,MDL-Flat,17,core,1.0,0.0,0.0,1.0,0.0,0.0,0.0,2
core,wrong_objective,objective_revision,True,MDL-Flat,18,core,1.0,0.0,0.0,1.0,0.0,0.0,0.0,2
core,wrong_objective,objective_revision,True,MDL-Flat,19,core,1.0,0.0,0.0,1.0,0.0,0.0,0.0,2
core,wrong_objective,objective_revision,True,MDL-Flat,20,core,1.0,0.0,0.0,1.0,0.0,0.0,0.0,2
core,wrong_objective,objective_revision,True,MDL-Flat,21,core,1.0,0.0,0.0,1.0,0.0,0.0,0.0,2
core,wrong_objective,objective_revision,True,MDL-Flat,22,core,1.0,0.0,0.0,1.0,0.0,0.0,0.0,2
core,wrong_objective,objective_revision,True,MDL-Flat,23,core,1.0,0.0,0.0,1.0,0.0,0.0,0.0,2
core,wrong_objective,objective_revision,True,MDL-Flat,24,core,1.0,0.0,0.0,1.0,0.0,0.0,0.0,2
core,wrong_objective,objective_revision,True,MDL-Flat,25,core,1.0,0.0,0.0,1.0,0.0,0.0,0.0,2
core,wrong_objective,objective_revision,True,MDL-Flat,26,core,1.0,0.0,0.0,1.0,0.0,0.0,0.0,2
core,wrong_objective,objective_revision,True,MDL-Flat,27,core,1.0,0.0,0.0,1.0,0.0,0.0,0.0,2
core,wrong_objective,objective_revision,True,MDL-Flat,28,core,1.0,0.0,0.0,1.0,0.0,0.0,0.0,2
core,wrong_objective,objective_revision,True,MDL-Flat,29,core,1.0,0.0,0.0,1.0,0.0,0.0,0.0,2
core,wrong_objective,objective_revision,True,MDL-Flat,30,core,1.0,0.0,0.0,1.0,0.0,0.0,0.0,2
core,wrong_objective,objective_revision,True,MDL-Flat,31,core,1.0,0.0,0.0,1.0,0.0,0.0,0.0,2
core,wrong_objective,objective_revision,True,MDL-Flat,32,core,1.0,0.0,0.0,1.0,0.0,0.0,0.0,2
core,wrong_objective,objective_revision,True,MDL-Flat,33,core,1.0,0.0,0.0,1.0,0.0,0.0,0.0,2
core,wrong_objective,objective_revision,True,MDL-Flat,34,core,1.0,0.0,0.0,1.0,0.0,0.0,0.0,2
core,wrong_objective,objective_revision,True,MDL-Flat,35,core,1.0,0.0,0.0,1.0,0.0,0.0,0.0,2
core,wrong_objective,objective_revision,True,MDL-Flat,36,core,1.0,0.0,0.0,1.0,0.0,0.0,0.0,2
core,wrong_objective,objective_revision,True,MDL-Flat,37,core,1.0,0.0,0.0,1.0,0.0,0.0,0.0,2
core,wrong_objective,objective_revision,True,MDL-Flat,38,core,1.0,0.0,0.0,1.0,0.0,0.0,0.0,2
core,wrong_objective,objective_revision,True,MDL-Flat,39,core,1.0,0.0,0.0,1.0,0.0,0.0,0.0,2
core,wrong_objective,objective_revision,True,MDL-Flat,40,core,1.0,0.0,0.0,1.0,0.0,0.0,0.0,2
core,wrong_objective,objective_revision,True,MDL-Flat,41,core,1.0,0.0,0.0,1.0,0.0,0.0,0.0,2
core,wrong_objective,objective_revision,True,MDL-Flat,42,core,1.0,0.0,0.0,1.0,0.0,0.0,0.0,2
core,wrong_objective,objective_revision,True,MDL-Flat,43,core,1.0,0.0,0.0,1.0,0.0,0.0,0.0,2
core,wrong_objective,objective_revision,True,MDL-Flat,44,core,1.0,0.0,0.0,1.0,0.0,0.0,0.0,2
core,wrong_objective,objective_revision,True,MDL-Flat,45,core,1.0,0.0,0.0,1.0,0.0,0.0,0.0,2
core,wrong_objective,objective_revision,True,MDL-Flat,46,core,1.0,0.0,0.0,1.0,0.0,0.0,0.0,2
core,wrong_objective,objective_revision,True,MDL-Flat,47,core,1.0,0.0,0.0,1.0,0.0,0.0,0.0,2
core,wrong_objective,objective_revision,True,MDL-Flat,48,core,1.0,0.0,0.0,1.0,0.0,0.0,0.0,2
core,wrong_objective,objective_revision,True,MDL-Flat,49,core,1.0,0.0,0.0,1.0,0.0,0.0,0.0,2
core,wrong_objective,objective_revision,True,EIC-NoMargin,0,core,1.0,0.0,0.0,1.0,0.0,0.0,0.0,2
core,wrong_objective,objective_revision,True,EIC-NoMargin,1,core,1.0,0.0,0.0,1.0,0.0,0.0,0.0,2
core,wrong_objective,objective_revision,True,EIC-NoMargin,2,core,1.0,0.0,0.0,1.0,0.0,0.0,0.0,2
core,wrong_objective,objective_revision,True,EIC-NoMargin,3,core,1.0,0.0,0.0,1.0,0.0,0.0,0.0,2
core,wrong_objective,objective_revision,True,EIC-NoMargin,4,core,1.0,0.0,0.0,1.0,0.0,0.0,0.0,2
core,wrong_objective,objective_revision,True,EIC-NoMargin,5,core,1.0,0.0,0.0,1.0,0.0,0.0,0.0,2
core,wrong_objective,objective_revision,True,EIC-NoMargin,6,core,1.0,0.0,0.0,1.0,0.0,0.0,0.0,2
core,wrong_objective,objective_revision,True,EIC-NoMargin,7,core,1.0,0.0,0.0,1.0,0.0,0.0,0.0,2
core,wrong_objective,objective_revision,True,EIC-NoMargin,8,core,1.0,0.0,0.0,1.0,0.0,0.0,0.0,2
core,wrong_objective,objective_revision,True,EIC-NoMargin,9,core,1.0,0.0,0.0,1.0,0.0,0.0,0.0,2
core,wrong_objective,objective_revision,True,EIC-NoMargin,10,core,1.0,0.0,0.0,1.0,0.0,0.0,0.0,2
core,wrong_objective,objective_revision,True,EIC-NoMargin,11,core,1.0,0.0,0.0,1.0,0.0,0.0,0.0,2
core,wrong_objective,objective_revision,True,EIC-NoMargin,12,core,1.0,0.0,0.0,1.0,0.0,0.0,0.0,2
core,wrong_objective,objective_revision,True,EIC-NoMargin,13,core,1.0,0.0,0.0,1.0,0.0,0.0,0.0,2
core,wrong_objective,objective_revision,True,EIC-NoMargin,14,core,1.0,0.0,0.0,1.0,0.0,0.0,0.0,2
core,wrong_objective,objective_revision,True,EIC-NoMargin,15,core,1.0,0.0,0.0,1.0,0.0,0.0,0.0,2
core,wrong_objective,objective_revision,True,EIC-NoMargin,16,core,1.0,0.0,0.0,1.0,0.0,0.0,0.0,2
core,wrong_objective,objective_revision,True,EIC-NoMargin,17,core,1.0,0.0,0.0,1.0,0.0,0.0,0.0,2
core,wrong_objective,objective_revision,True,EIC-NoMargin,18,core,1.0,0.0,0.0,1.0,0.0,0.0,0.0,2
core,wrong_objective,objective_revision,True,EIC-NoMargin,19,core,1.0,0.0,0.0,1.0,0.0,0.0,0.0,2
core,wrong_objective,objective_revision,True,EIC-NoMargin,20,core,1.0,0.0,0.0,1.0,0.0,0.0,0.0,2
core,wrong_objective,objective_revision,True,EIC-NoMargin,21,core,1.0,0.0,0.0,1.0,0.0,0.0,0.0,2
core,wrong_objective,objective_revision,True,EIC-NoMargin,22,core,1.0,0.0,0.0,1.0,0.0,0.0,0.0,2
core,wrong_objective,objective_revision,True,EIC-NoMargin,23,core,1.0,0.0,0.0,1.0,0.0,0.0,0.0,2
core,wrong_objective,objective_revision,True,EIC-NoMargin,24,core,1.0,0.0,0.0,1.0,0.0,0.0,0.0,2
core,wrong_objective,objective_revision,True,EIC-NoMargin,25,core,1.0,0.0,0.0,1.0,0.0,0.0,0.0,2
core,wrong_objective,objective_revision,True,EIC-NoMargin,26,core,1.0,0.0,0.0,1.0,0.0,0.0,0.0,2
core,wrong_objective,objective_revision,True,EIC-NoMargin,27,core,1.0,0.0,0.0,1.0,0.0,0.0,0.0,2
core,wrong_objective,objective_revision,True,EIC-NoMargin,28,core,1.0,0.0,0.0,1.0,0.0,0.0,0.0,2
core,wrong_objective,objective_revision,True,EIC-NoMargin,29,core,1.0,0.0,0.0,1.0,0.0,0.0,0.0,2
core,wrong_objective,objective_revision,True,EIC-NoMargin,30,core,1.0,0.0,0.0,1.0,0.0,0.0,0.0,2
core,wrong_objective,objective_revision,True,EIC-NoMargin,31,core,1.0,0.0,0.0,1.0,0.0,0.0,0.0,2
core,wrong_objective,objective_revision,True,EIC-NoMargin,32,core,1.0,0.0,0.0,1.0,0.0,0.0,0.0,2
core,wrong_objective,objective_revision,True,EIC-NoMargin,33,core,1.0,0.0,0.0,1.0,0.0,0.0,0.0,2
core,wrong_objective,objective_revision,True,EIC-NoMargin,34,core,1.0,0.0,0.0,1.0,0.0,0.0,0.0,2
core,wrong_objective,objective_revision,True,EIC-NoMargin,35,core,1.0,0.0,0.0,1.0,0.0,0.0,0.0,2
core,wrong_objective,objective_revision,True,EIC-NoMargin,36,core,1.0,0.0,0.0,1.0,0.0,0.0,0.0,2
core,wrong_objective,objective_revision,True,EIC-NoMargin,37,core,1.0,0.0,0.0,1.0,0.0,0.0,0.0,2
core,wrong_objective,objective_revision,True,EIC-NoMargin,38,core,1.0,0.0,0.0,1.0,0.0,0.0,0.0,2
core,wrong_objective,objective_revision,True,EIC-NoMargin,39,core,1.0,0.0,0.0,1.0,0.0,0.0,0.0,2
core,wrong_objective,objective_revision,True,EIC-NoMargin,40,core,1.0,0.0,0.0,1.0,0.0,0.0,0.0,2
core,wrong_objective,objective_revision,True,EIC-NoMargin,41,core,1.0,0.0,0.0,1.0,0.0,0.0,0.0,2
core,wrong_objective,objective_revision,True,EIC-NoMargin,42,core,1.0,0.0,0.0,1.0,0.0,0.0,0.0,2
core,wrong_objective,objective_revision,True,EIC-NoMargin,43,core,1.0,0.0,0.0,1.0,0.0,0.0,0.0,2
core,wrong_objective,objective_revision,True,EIC-NoMargin,44,core,1.0,0.0,0.0,1.0,0.0,0.0,0.0,2
core,wrong_objective,objective_revision,True,EIC-NoMargin,45,core,1.0,0.0,0.0,1.0,0.0,0.0,0.0,2
core,wrong_objective,objective_revision,True,EIC-NoMargin,46,core,1.0,0.0,0.0,1.0,0.0,0.0,0.0,2
core,wrong_objective,objective_revision,True,EIC-NoMargin,47,core,1.0,0.0,0.0,1.0,0.0,0.0,0.0,2
core,wrong_objective,objective_revision,True,EIC-NoMargin,48,core,1.0,0.0,0.0,1.0,0.0,0.0,0.0,2
core,wrong_objective,objective_revision,True,EIC-NoMargin,49,core,1.0,0.0,0.0,1.0,0.0,0.0,0.0,2
core,wrong_objective,objective_revision,True,EIC-NoCost,0,core,1.0,0.0,0.0,1.0,0.0,0.0,0.0,2
core,wrong_objective,objective_revision,True,EIC-NoCost,1,core,1.0,0.0,0.0,1.0,0.0,0.0,0.0,2
core,wrong_objective,objective_revision,True,EIC-NoCost,2,core,1.0,0.0,0.0,1.0,0.0,0.0,0.0,2
core,wrong_objective,objective_revision,True,EIC-NoCost,3,core,1.0,0.0,0.0,1.0,0.0,0.0,0.0,2
core,wrong_objective,objective_revision,True,EIC-NoCost,4,core,1.0,0.0,0.0,1.0,0.0,0.0,0.0,2
core,wrong_objective,objective_revision,True,EIC-NoCost,5,core,1.0,0.0,0.0,1.0,0.0,0.0,0.0,2
core,wrong_objective,objective_revision,True,EIC-NoCost,6,core,1.0,0.0,0.0,1.0,0.0,0.0,0.0,2
core,wrong_objective,objective_revision,True,EIC-NoCost,7,core,1.0,0.0,0.0,1.0,0.0,0.0,0.0,2
core,wrong_objective,objective_revision,True,EIC-NoCost,8,core,1.0,0.0,0.0,1.0,0.0,0.0,0.0,2
core,wrong_objective,objective_revision,True,EIC-NoCost,9,core,1.0,0.0,0.0,1.0,0.0,0.0,0.0,2
core,wrong_objective,objective_revision,True,EIC-NoCost,10,core,1.0,0.0,0.0,1.0,0.0,0.0,0.0,2
core,wrong_objective,objective_revision,True,EIC-NoCost,11,core,1.0,0.0,0.0,1.0,0.0,0.0,0.0,2
core,wrong_objective,objective_revision,True,EIC-NoCost,12,core,1.0,0.0,0.0,1.0,0.0,0.0,0.0,2
core,wrong_objective,objective_revision,True,EIC-NoCost,13,core,1.0,0.0,0.0,1.0,0.0,0.0,0.0,2
core,wrong_objective,objective_revision,True,EIC-NoCost,14,core,1.0,0.0,0.0,1.0,0.0,0.0,0.0,2
core,wrong_objective,objective_revision,True,EIC-NoCost,15,core,1.0,0.0,0.0,1.0,0.0,0.0,0.0,2
core,wrong_objective,objective_revision,True,EIC-NoCost,16,core,1.0,0.0,0.0,1.0,0.0,0.0,0.0,2
core,wrong_objective,objective_revision,True,EIC-NoCost,17,core,1.0,0.0,0.0,1.0,0.0,0.0,0.0,2
core,wrong_objective,objective_revision,True,EIC-NoCost,18,core,1.0,0.0,0.0,1.0,0.0,0.0,0.0,2
core,wrong_objective,objective_revision,True,EIC-NoCost,19,core,1.0,0.0,0.0,1.0,0.0,0.0,0.0,2
core,wrong_objective,objective_revision,True,EIC-NoCost,20,core,1.0,0.0,0.0,1.0,0.0,0.0,0.0,2
core,wrong_objective,objective_revision,True,EIC-NoCost,21,core,1.0,0.0,0.0,1.0,0.0,0.0,0.0,2
core,wrong_objective,objective_revision,True,EIC-NoCost,22,core,1.0,0.0,0.0,1.0,0.0,0.0,0.0,2
core,wrong_objective,objective_revision,True,EIC-NoCost,23,core,1.0,0.0,0.0,1.0,0.0,0.0,0.0,2
core,wrong_objective,objective_revision,True,EIC-NoCost,24,core,1.0,0.0,0.0,1.0,0.0,0.0,0.0,2
core,wrong_objective,objective_revision,True,EIC-NoCost,25,core,1.0,0.0,0.0,1.0,0.0,0.0,0.0,2
core,wrong_objective,objective_revision,True,EIC-NoCost,26,core,1.0,0.0,0.0,1.0,0.0,0.0,0.0,2
core,wrong_objective,objective_revision,True,EIC-NoCost,27,core,1.0,0.0,0.0,1.0,0.0,0.0,0.0,2
core,wrong_objective,objective_revision,True,EIC-NoCost,28,core,1.0,0.0,0.0,1.0,0.0,0.0,0.0,2
core,wrong_objective,objective_revision,True,EIC-NoCost,29,core,1.0,0.0,0.0,1.0,0.0,0.0,0.0,2
core,wrong_objective,objective_revision,True,EIC-NoCost,30,core,1.0,0.0,0.0,1.0,0.0,0.0,0.0,2
core,wrong_objective,objective_revision,True,EIC-NoCost,31,core,1.0,0.0,0.0,1.0,0.0,0.0,0.0,2
core,wrong_objective,objective_revision,True,EIC-NoCost,32,core,1.0,0.0,0.0,1.0,0.0,0.0,0.0,2
core,wrong_objective,objective_revision,True,EIC-NoCost,33,core,1.0,0.0,0.0,1.0,0.0,0.0,0.0,2
core,wrong_objective,objective_revision,True,EIC-NoCost,34,core,1.0,0.0,0.0,1.0,0.0,0.0,0.0,2
core,wrong_objective,objective_revision,True,EIC-NoCost,35,core,1.0,0.0,0.0,1.0,0.0,0.0,0.0,2
core,wrong_objective,objective_revision,True,EIC-NoCost,36,core,1.0,0.0,0.0,1.0,0.0,0.0,0.0,2
core,wrong_objective,objective_revision,True,EIC-NoCost,37,core,1.0,0.0,0.0,1.0,0.0,0.0,0.0,2
core,wrong_objective,objective_revision,True,EIC-NoCost,38,core,1.0,0.0,0.0,1.0,0.0,0.0,0.0,2
core,wrong_objective,objective_revision,True,EIC-NoCost,39,core,1.0,0.0,0.0,1.0,0.0,0.0,0.0,2
core,wrong_objective,objective_revision,True,EIC-NoCost,40,core,1.0,0.0,0.0,1.0,0.0,0.0,0.0,2
core,wrong_objective,objective_revision,True,EIC-NoCost,41,core,1.0,0.0,0.0,1.0,0.0,0.0,0.0,2
core,wrong_objective,objective_revision,True,EIC-NoCost,42,core,1.0,0.0,0.0,1.0,0.0,0.0,0.0,2
core,wrong_objective,objective_revision,True,EIC-NoCost,43,core,1.0,0.0,0.0,1.0,0.0,0.0,0.0,2
core,wrong_objective,objective_revision,True,EIC-NoCost,44,core,1.0,0.0,0.0,1.0,0.0,0.0,0.0,2
core,wrong_objective,objective_revision,True,EIC-NoCost,45,core,1.0,0.0,0.0,1.0,0.0,0.0,0.0,2
core,wrong_objective,objective_revision,True,EIC-NoCost,46,core,1.0,0.0,0.0,1.0,0.0,0.0,0.0,2
core,wrong_objective,objective_revision,True,EIC-NoCost,47,core,1.0,0.0,0.0,1.0,0.0,0.0,0.0,2
core,wrong_objective,objective_revision,True,EIC-NoCost,48,core,1.0,0.0,0.0,1.0,0.0,0.0,0.0,2
core,wrong_objective,objective_revision,True,EIC-NoCost,49,core,1.0,0.0,0.0,1.0,0.0,0.0,0.0,2
core,wrong_objective,objective_revision,True,EIC-Greedy,0,core,1.0,0.0,0.0,1.0,0.0,0.0,0.0,2
core,wrong_objective,objective_revision,True,EIC-Greedy,1,core,1.0,0.0,0.0,1.0,0.0,0.0,0.0,2
core,wrong_objective,objective_revision,True,EIC-Greedy,2,core,1.0,0.0,0.0,1.0,0.0,0.0,0.0,2
core,wrong_objective,objective_revision,True,EIC-Greedy,3,core,1.0,0.0,0.0,1.0,0.0,0.0,0.0,2
core,wrong_objective,objective_revision,True,EIC-Greedy,4,core,1.0,0.0,0.0,1.0,0.0,0.0,0.0,2
core,wrong_objective,objective_revision,True,EIC-Greedy,5,core,1.0,0.0,0.0,1.0,0.0,0.0,0.0,2
core,wrong_objective,objective_revision,True,EIC-Greedy,6,core,1.0,0.0,0.0,1.0,0.0,0.0,0.0,2
core,wrong_objective,objective_revision,True,EIC-Greedy,7,core,1.0,0.0,0.0,1.0,0.0,0.0,0.0,2
core,wrong_objective,objective_revision,True,EIC-Greedy,8,core,1.0,0.0,0.0,1.0,0.0,0.0,0.0,2
core,wrong_objective,objective_revision,True,EIC-Greedy,9,core,1.0,0.0,0.0,1.0,0.0,0.0,0.0,2
core,wrong_objective,objective_revision,True,EIC-Greedy,10,core,1.0,0.0,0.0,1.0,0.0,0.0,0.0,2
core,wrong_objective,objective_revision,True,EIC-Greedy,11,core,1.0,0.0,0.0,1.0,0.0,0.0,0.0,2
core,wrong_objective,objective_revision,True,EIC-Greedy,12,core,1.0,0.0,0.0,1.0,0.0,0.0,0.0,2
core,wrong_objective,objective_revision,True,EIC-Greedy,13,core,1.0,0.0,0.0,1.0,0.0,0.0,0.0,2
core,wrong_objective,objective_revision,True,EIC-Greedy,14,core,1.0,0.0,0.0,1.0,0.0,0.0,0.0,2
core,wrong_objective,objective_revision,True,EIC-Greedy,15,core,1.0,0.0,0.0,1.0,0.0,0.0,0.0,2
core,wrong_objective,objective_revision,True,EIC-Greedy,16,core,1.0,0.0,0.0,1.0,0.0,0.0,0.0,2
core,wrong_objective,objective_revision,True,EIC-Greedy,17,core,1.0,0.0,0.0,1.0,0.0,0.0,0.0,2
core,wrong_objective,objective_revision,True,EIC-Greedy,18,core,1.0,0.0,0.0,1.0,0.0,0.0,0.0,2
core,wrong_objective,objective_revision,True,EIC-Greedy,19,core,1.0,0.0,0.0,1.0,0.0,0.0,0.0,2
core,wrong_objective,objective_revision,True,EIC-Greedy,20,core,1.0,0.0,0.0,1.0,0.0,0.0,0.0,2
core,wrong_objective,objective_revision,True,EIC-Greedy,21,core,1.0,0.0,0.0,1.0,0.0,0.0,0.0,2
core,wrong_objective,objective_revision,True,EIC-Greedy,22,core,1.0,0.0,0.0,1.0,0.0,0.0,0.0,2
core,wrong_objective,objective_revision,True,EIC-Greedy,23,core,1.0,0.0,0.0,1.0,0.0,0.0,0.0,2
core,wrong_objective,objective_revision,True,EIC-Greedy,24,core,1.0,0.0,0.0,1.0,0.0,0.0,0.0,2
core,wrong_objective,objective_revision,True,EIC-Greedy,25,core,1.0,0.0,0.0,1.0,0.0,0.0,0.0,2
core,wrong_objective,objective_revision,True,EIC-Greedy,26,core,1.0,0.0,0.0,1.0,0.0,0.0,0.0,2
core,wrong_objective,objective_revision,True,EIC-Greedy,27,core,1.0,0.0,0.0,1.0,0.0,0.0,0.0,2
core,wrong_objective,objective_revision,True,EIC-Greedy,28,core,1.0,0.0,0.0,1.0,0.0,0.0,0.0,2
core,wrong_objective,objective_revision,True,EIC-Greedy,29,core,1.0,0.0,0.0,1.0,0.0,0.0,0.0,2
core,wrong_objective,objective_revision,True,EIC-Greedy,30,core,1.0,0.0,0.0,1.0,0.0,0.0,0.0,2
core,wrong_objective,objective_revision,True,EIC-Greedy,31,core,1.0,0.0,0.0,1.0,0.0,0.0,0.0,2
core,wrong_objective,objective_revision,True,EIC-Greedy,32,core,1.0,0.0,0.0,1.0,0.0,0.0,0.0,2
core,wrong_objective,objective_revision,True,EIC-Greedy,33,core,1.0,0.0,0.0,1.0,0.0,0.0,0.0,2
core,wrong_objective,objective_revision,True,EIC-Greedy,34,core,1.0,0.0,0.0,1.0,0.0,0.0,0.0,2
core,wrong_objective,objective_revision,True,EIC-Greedy,35,core,1.0,0.0,0.0,1.0,0.0,0.0,0.0,2
core,wrong_objective,objective_revision,True,EIC-Greedy,36,core,1.0,0.0,0.0,1.0,0.0,0.0,0.0,2
core,wrong_objective,objective_revision,True,EIC-Greedy,37,core,1.0,0.0,0.0,1.0,0.0,0.0,0.0,2
core,wrong_objective,objective_revision,True,EIC-Greedy,38,core,1.0,0.0,0.0,1.0,0.0,0.0,0.0,2
core,wrong_objective,objective_revision,True,EIC-Greedy,39,core,1.0,0.0,0.0,1.0,0.0,0.0,0.0,2
core,wrong_objective,objective_revision,True,EIC-Greedy,40,core,1.0,0.0,0.0,1.0,0.0,0.0,0.0,2
core,wrong_objective,objective_revision,True,EIC-Greedy,41,core,1.0,0.0,0.0,1.0,0.0,0.0,0.0,2
core,wrong_objective,objective_revision,True,EIC-Greedy,42,core,1.0,0.0,0.0,1.0,0.0,0.0,0.0,2
core,wrong_objective,objective_revision,True,EIC-Greedy,43,core,1.0,0.0,0.0,1.0,0.0,0.0,0.0,2
core,wrong_objective,objective_revision,True,EIC-Greedy,44,core,1.0,0.0,0.0,1.0,0.0,0.0,0.0,2
core,wrong_objective,objective_revision,True,EIC-Greedy,45,core,1.0,0.0,0.0,1.0,0.0,0.0,0.0,2
core,wrong_objective,objective_revision,True,EIC-Greedy,46,core,1.0,0.0,0.0,1.0,0.0,0.0,0.0,2
core,wrong_objective,objective_revision,True,EIC-Greedy,47,core,1.0,0.0,0.0,1.0,0.0,0.0,0.0,2
core,wrong_objective,objective_revision,True,EIC-Greedy,48,core,1.0,0.0,0.0,1.0,0.0,0.0,0.0,2
core,wrong_objective,objective_revision,True,EIC-Greedy,49,core,1.0,0.0,0.0,1.0,0.0,0.0,0.0,2
core,wrong_objective,objective_revision,True,Oracle,0,core,1.0,0.0,0.0,1.0,0.0,0.0,0.0,2
core,wrong_objective,objective_revision,True,Oracle,1,core,1.0,0.0,0.0,1.0,0.0,0.0,0.0,2
core,wrong_objective,objective_revision,True,Oracle,2,core,1.0,0.0,0.0,1.0,0.0,0.0,0.0,2
core,wrong_objective,objective_revision,True,Oracle,3,core,1.0,0.0,0.0,1.0,0.0,0.0,0.0,2
core,wrong_objective,objective_revision,True,Oracle,4,core,1.0,0.0,0.0,1.0,0.0,0.0,0.0,2
core,wrong_objective,objective_revision,True,Oracle,5,core,1.0,0.0,0.0,1.0,0.0,0.0,0.0,2
core,wrong_objective,objective_revision,True,Oracle,6,core,1.0,0.0,0.0,1.0,0.0,0.0,0.0,2
core,wrong_objective,objective_revision,True,Oracle,7,core,1.0,0.0,0.0,1.0,0.0,0.0,0.0,2
core,wrong_objective,objective_revision,True,Oracle,8,core,1.0,0.0,0.0,1.0,0.0,0.0,0.0,2
core,wrong_objective,objective_revision,True,Oracle,9,core,1.0,0.0,0.0,1.0,0.0,0.0,0.0,2
core,wrong_objective,objective_revision,True,Oracle,10,core,1.0,0.0,0.0,1.0,0.0,0.0,0.0,2
core,wrong_objective,objective_revision,True,Oracle,11,core,1.0,0.0,0.0,1.0,0.0,0.0,0.0,2
core,wrong_objective,objective_revision,True,Oracle,12,core,1.0,0.0,0.0,1.0,0.0,0.0,0.0,2
core,wrong_objective,objective_revision,True,Oracle,13,core,1.0,0.0,0.0,1.0,0.0,0.0,0.0,2
core,wrong_objective,objective_revision,True,Oracle,14,core,1.0,0.0,0.0,1.0,0.0,0.0,0.0,2
core,wrong_objective,objective_revision,True,Oracle,15,core,1.0,0.0,0.0,1.0,0.0,0.0,0.0,2
core,wrong_objective,objective_revision,True,Oracle,16,core,1.0,0.0,0.0,1.0,0.0,0.0,0.0,2
core,wrong_objective,objective_revision,True,Oracle,17,core,1.0,0.0,0.0,1.0,0.0,0.0,0.0,2
core,wrong_objective,objective_revision,True,Oracle,18,core,1.0,0.0,0.0,1.0,0.0,0.0,0.0,2
core,wrong_objective,objective_revision,True,Oracle,19,core,1.0,0.0,0.0,1.0,0.0,0.0,0.0,2
core,wrong_objective,objective_revision,True,Oracle,20,core,1.0,0.0,0.0,1.0,0.0,0.0,0.0,2
core,wrong_objective,objective_revision,True,Oracle,21,core,1.0,0.0,0.0,1.0,0.0,0.0,0.0,2
core,wrong_objective,objective_revision,True,Oracle,22,core,1.0,0.0,0.0,1.0,0.0,0.0,0.0,2
core,wrong_objective,objective_revision,True,Oracle,23,core,1.0,0.0,0.0,1.0,0.0,0.0,0.0,2
core,wrong_objective,objective_revision,True,Oracle,24,core,1.0,0.0,0.0,1.0,0.0,0.0,0.0,2
core,wrong_objective,objective_revision,True,Oracle,25,core,1.0,0.0,0.0,1.0,0.0,0.0,0.0,2
core,wrong_objective,objective_revision,True,Oracle,26,core,1.0,0.0,0.0,1.0,0.0,0.0,0.0,2
core,wrong_objective,objective_revision,True,Oracle,27,core,1.0,0.0,0.0,1.0,0.0,0.0,0.0,2
core,wrong_objective,objective_revision,True,Oracle,28,core,1.0,0.0,0.0,1.0,0.0,0.0,0.0,2
core,wrong_objective,objective_revision,True,Oracle,29,core,1.0,0.0,0.0,1.0,0.0,0.0,0.0,2
core,wrong_objective,objective_revision,True,Oracle,30,core,1.0,0.0,0.0,1.0,0.0,0.0,0.0,2
core,wrong_objective,objective_revision,True,Oracle,31,core,1.0,0.0,0.0,1.0,0.0,0.0,0.0,2
core,wrong_objective,objective_revision,True,Oracle,32,core,1.0,0.0,0.0,1.0,0.0,0.0,0.0,2
core,wrong_objective,objective_revision,True,Oracle,33,core,1.0,0.0,0.0,1.0,0.0,0.0,0.0,2
core,wrong_objective,objective_revision,True,Oracle,34,core,1.0,0.0,0.0,1.0,0.0,0.0,0.0,2
core,wrong_objective,objective_revision,True,Oracle,35,core,1.0,0.0,0.0,1.0,0.0,0.0,0.0,2
core,wrong_objective,objective_revision,True,Oracle,36,core,1.0,0.0,0.0,1.0,0.0,0.0,0.0,2
core,wrong_objective,objective_revision,True,Oracle,37,core,1.0,0.0,0.0,1.0,0.0,0.0,0.0,2
core,wrong_objective,objective_revision,True,Oracle,38,core,1.0,0.0,0.0,1.0,0.0,0.0,0.0,2
core,wrong_objective,objective_revision,True,Oracle,39,core,1.0,0.0,0.0,1.0,0.0,0.0,0.0,2
core,wrong_objective,objective_revision,True,Oracle,40,core,1.0,0.0,0.0,1.0,0.0,0.0,0.0,2
core,wrong_objective,objective_revision,True,Oracle,41,core,1.0,0.0,0.0,1.0,0.0,0.0,0.0,2
core,wrong_objective,objective_revision,True,Oracle,42,core,1.0,0.0,0.0,1.0,0.0,0.0,0.0,2
core,wrong_objective,objective_revision,True,Oracle,43,core,1.0,0.0,0.0,1.0,0.0,0.0,0.0,2
core,wrong_objective,objective_revision,True,Oracle,44,core,1.0,0.0,0.0,1.0,0.0,0.0,0.0,2
core,wrong_objective,objective_revision,True,Oracle,45,core,1.0,0.0,0.0,1.0,0.0,0.0,0.0,2
core,wrong_objective,objective_revision,True,Oracle,46,core,1.0,0.0,0.0,1.0,0.0,0.0,0.0,2
core,wrong_objective,objective_revision,True,Oracle,47,core,1.0,0.0,0.0,1.0,0.0,0.0,0.0,2
core,wrong_objective,objective_revision,True,Oracle,48,core,1.0,0.0,0.0,1.0,0.0,0.0,0.0,2
core,wrong_objective,objective_revision,True,Oracle,49,core,1.0,0.0,0.0,1.0,0.0,0.0,0.0,2
core,missing_action,action_expansion,False,Fixed-Frame,0,core,0.2,4.0,4.0,0.0,0.0,0.0,0.0,2
core,missing_action,action_expansion,False,Fixed-Frame,1,core,0.2,4.0,4.0,0.0,0.0,0.0,0.0,2
core,missing_action,action_expansion,False,Fixed-Frame,2,core,0.2,4.0,4.0,0.0,0.0,0.0,0.0,2
core,missing_action,action_expansion,False,Fixed-Frame,3,core,0.2,4.0,4.0,0.0,0.0,0.0,0.0,2
core,missing_action,action_expansion,False,Fixed-Frame,4,core,0.2,4.0,4.0,0.0,0.0,0.0,0.0,2
core,missing_action,action_expansion,False,Fixed-Frame,5,core,0.2,4.0,4.0,0.0,0.0,0.0,0.0,2
core,missing_action,action_expansion,False,Fixed-Frame,6,core,0.2,4.0,4.0,0.0,0.0,0.0,0.0,2
core,missing_action,action_expansion,False,Fixed-Frame,7,core,0.2,4.0,4.0,0.0,0.0,0.0,0.0,2
core,missing_action,action_expansion,False,Fixed-Frame,8,core,0.2,4.0,4.0,0.0,0.0,0.0,0.0,2
core,missing_action,action_expansion,False,Fixed-Frame,9,core,0.2,4.0,4.0,0.0,0.0,0.0,0.0,2
core,missing_action,action_expansion,False,Fixed-Frame,10,core,0.2,4.0,4.0,0.0,0.0,0.0,0.0,2
core,missing_action,action_expansion,False,Fixed-Frame,11,core,0.2,4.0,4.0,0.0,0.0,0.0,0.0,2
core,missing_action,action_expansion,False,Fixed-Frame,12,core,0.2,4.0,4.0,0.0,0.0,0.0,0.0,2
core,missing_action,action_expansion,False,Fixed-Frame,13,core,0.2,4.0,4.0,0.0,0.0,0.0,0.0,2
core,missing_action,action_expansion,False,Fixed-Frame,14,core,0.2,4.0,4.0,0.0,0.0,0.0,0.0,2
core,missing_action,action_expansion,False,Fixed-Frame,15,core,0.2,4.0,4.0,0.0,0.0,0.0,0.0,2
core,missing_action,action_expansion,False,Fixed-Frame,16,core,0.2,4.0,4.0,0.0,0.0,0.0,0.0,2
core,missing_action,action_expansion,False,Fixed-Frame,17,core,0.2,4.0,4.0,0.0,0.0,0.0,0.0,2
core,missing_action,action_expansion,False,Fixed-Frame,18,core,0.2,4.0,4.0,0.0,0.0,0.0,0.0,2
core,missing_action,action_expansion,False,Fixed-Frame,19,core,0.2,4.0,4.0,0.0,0.0,0.0,0.0,2
core,missing_action,action_expansion,False,Fixed-Frame,20,core,0.2,4.0,4.0,0.0,0.0,0.0,0.0,2
core,missing_action,action_expansion,False,Fixed-Frame,21,core,0.2,4.0,4.0,0.0,0.0,0.0,0.0,2
core,missing_action,action_expansion,False,Fixed-Frame,22,core,0.2,4.0,4.0,0.0,0.0,0.0,0.0,2
core,missing_action,action_expansion,False,Fixed-Frame,23,core,0.2,4.0,4.0,0.0,0.0,0.0,0.0,2
core,missing_action,action_expansion,False,Fixed-Frame,24,core,0.2,4.0,4.0,0.0,0.0,0.0,0.0,2
core,missing_action,action_expansion,False,Fixed-Frame,25,core,0.2,4.0,4.0,0.0,0.0,0.0,0.0,2
core,missing_action,action_expansion,False,Fixed-Frame,26,core,0.2,4.0,4.0,0.0,0.0,0.0,0.0,2
core,missing_action,action_expansion,False,Fixed-Frame,27,core,0.2,4.0,4.0,0.0,0.0,0.0,0.0,2
core,missing_action,action_expansion,False,Fixed-Frame,28,core,0.2,4.0,4.0,0.0,0.0,0.0,0.0,2
core,missing_action,action_expansion,False,Fixed-Frame,29,core,0.2,4.0,4.0,0.0,0.0,0.0,0.0,2
core,missing_action,action_expansion,False,Fixed-Frame,30,core,0.2,4.0,4.0,0.0,0.0,0.0,0.0,2
core,missing_action,action_expansion,False,Fixed-Frame,31,core,0.2,4.0,4.0,0.0,0.0,0.0,0.0,2
core,missing_action,action_expansion,False,Fixed-Frame,32,core,0.2,4.0,4.0,0.0,0.0,0.0,0.0,2
core,missing_action,action_expansion,False,Fixed-Frame,33,core,0.2,4.0,4.0,0.0,0.0,0.0,0.0,2
core,missing_action,action_expansion,False,Fixed-Frame,34,core,0.2,4.0,4.0,0.0,0.0,0.0,0.0,2
core,missing_action,action_expansion,False,Fixed-Frame,35,core,0.2,4.0,4.0,0.0,0.0,0.0,0.0,2
core,missing_action,action_expansion,False,Fixed-Frame,36,core,0.2,4.0,4.0,0.0,0.0,0.0,0.0,2
core,missing_action,action_expansion,False,Fixed-Frame,37,core,0.2,4.0,4.0,0.0,0.0,0.0,0.0,2
core,missing_action,action_expansion,False,Fixed-Frame,38,core,0.2,4.0,4.0,0.0,0.0,0.0,0.0,2
core,missing_action,action_expansion,False,Fixed-Frame,39,core,0.2,4.0,4.0,0.0,0.0,0.0,0.0,2
core,missing_action,action_expansion,False,Fixed-Frame,40,core,0.2,4.0,4.0,0.0,0.0,0.0,0.0,2
core,missing_action,action_expansion,False,Fixed-Frame,41,core,0.2,4.0,4.0,0.0,0.0,0.0,0.0,2
core,missing_action,action_expansion,False,Fixed-Frame,42,core,0.2,4.0,4.0,0.0,0.0,0.0,0.0,2
core,missing_action,action_expansion,False,Fixed-Frame,43,core,0.2,4.0,4.0,0.0,0.0,0.0,0.0,2
core,missing_action,action_expansion,False,Fixed-Frame,44,core,0.2,4.0,4.0,0.0,0.0,0.0,0.0,2
core,missing_action,action_expansion,False,Fixed-Frame,45,core,0.2,4.0,4.0,0.0,0.0,0.0,0.0,2
core,missing_action,action_expansion,False,Fixed-Frame,46,core,0.2,4.0,4.0,0.0,0.0,0.0,0.0,2
core,missing_action,action_expansion,False,Fixed-Frame,47,core,0.2,4.0,4.0,0.0,0.0,0.0,0.0,2
core,missing_action,action_expansion,False,Fixed-Frame,48,core,0.2,4.0,4.0,0.0,0.0,0.0,0.0,2
core,missing_action,action_expansion,False,Fixed-Frame,49,core,0.2,4.0,4.0,0.0,0.0,0.0,0.0,2
core,missing_action,action_expansion,False,Random-Edit,0,core,0.2,4.0,4.0,0.0,0.0,0.0,0.0,2
core,missing_action,action_expansion,False,Random-Edit,1,core,0.9999939974770296,6.002559001037556e-06,4.0,1.0,1.0,1.0,0.3999969987385148,2
core,missing_action,action_expansion,False,Random-Edit,2,core,0.2,4.0,4.0,0.0,0.0,0.0,0.0,2
core,missing_action,action_expansion,False,Random-Edit,3,core,0.9997697246622153,0.00023032837672946644,4.0,1.0,1.0,1.0,0.39988486233110765,2
core,missing_action,action_expansion,False,Random-Edit,4,core,0.9999152609046063,8.474627671663924e-05,4.0,1.0,1.0,1.0,0.39995763045230315,2
core,missing_action,action_expansion,False,Random-Edit,5,core,0.9999708508792534,2.9149970442647307e-05,4.0,1.0,1.0,1.0,0.3999854254396267,2
core,missing_action,action_expansion,False,Random-Edit,6,core,0.9995404314787225,0.00045977982161022804,4.0,1.0,1.0,1.0,0.3997702157393612,2
core,missing_action,action_expansion,False,Random-Edit,7,core,0.9999918270312328,8.173035565166805e-06,4.0,1.0,1.0,1.0,0.39999591351561636,2
core,missing_action,action_expansion,False,Random-Edit,8,core,0.999999985079117,1.492088323199519e-08,4.0,1.0,1.0,1.0,0.39999999253955854,2
core,missing_action,action_expansion,False,Random-Edit,9,core,0.9999110219631502,8.898595464536241e-05,4.0,1.0,1.0,1.0,0.3999555109815751,2
core,missing_action,action_expansion,False,Random-Edit,10,core,0.9999999196171392,8.038286719451489e-08,4.0,1.0,1.0,1.0,0.3999999598085696,2
core,missing_action,action_expansion,False,Random-Edit,11,core,0.9999995484003693,4.515998345888102e-07,4.0,1.0,1.0,1.0,0.3999997742001846,2
core,missing_action,action_expansion,False,Random-Edit,12,core,0.2,4.0,4.0,0.0,0.0,0.0,0.0,2
core,missing_action,action_expansion,False,Random-Edit,13,core,0.9995733987813314,0.0004267832849381433,4.0,1.0,1.0,1.0,0.3997866993906657,2
core,missing_action,action_expansion,False,Random-Edit,14,core,0.2,4.0,4.0,0.0,0.0,0.0,0.0,2
core,missing_action,action_expansion,False,Random-Edit,15,core,0.9999556966637433,4.430529912924298e-05,4.0,1.0,1.0,1.0,0.39997784833187167,2
core,missing_action,action_expansion,False,Random-Edit,16,core,0.9999958550357385,4.1449814422487045e-06,4.0,1.0,1.0,1.0,0.3999979275178692,2
core,missing_action,action_expansion,False,Random-Edit,17,core,0.9999806689013071,1.9331472391533695e-05,4.0,1.0,1.0,1.0,0.3999903344506536,2
core,missing_action,action_expansion,False,Random-Edit,18,core,0.2,4.0,4.0,0.0,0.0,0.0,0.0,2
core,missing_action,action_expansion,False,Random-Edit,19,core,0.9999917329407129,8.267127631950348e-06,4.0,1.0,1.0,1.0,0.39999586647035645,2
core,missing_action,action_expansion,False,Random-Edit,20,core,0.2,4.0,4.0,0.0,0.0,0.0,0.0,2
core,missing_action,action_expansion,False,Random-Edit,21,core,0.2,4.0,4.0,0.0,0.0,0.0,0.0,2
core,missing_action,action_expansion,False,Random-Edit,22,core,0.2,4.0,4.0,0.0,0.0,0.0,0.0,2
core,missing_action,action_expansion,False,Random-Edit,23,core,0.9999980987420617,1.9012615530736464e-06,4.0,1.0,1.0,1.0,0.3999990493710308,2
core,missing_action,action_expansion,False,Random-Edit,24,core,0.2,4.0,4.0,0.0,0.0,0.0,0.0,2
core,missing_action,action_expansion,False,Random-Edit,25,core,0.999993062074176,6.937973959096174e-06,4.0,1.0,1.0,1.0,0.399996531037088,2
core,missing_action,action_expansion,False,Random-Edit,26,core,0.2,4.0,4.0,0.0,0.0,0.0,0.0,2
core,missing_action,action_expansion,False,Random-Edit,27,core,0.9999991132214981,8.867792882373772e-07,4.0,1.0,1.0,1.0,0.39999955661074904,2
core,missing_action,action_expansion,False,Random-Edit,28,core,0.9999967504802131,3.2495303464421242e-06,4.0,1.0,1.0,1.0,0.3999983752401065,2
core,missing_action,action_expansion,False,Random-Edit,29,core,0.9999988474124206,1.1525889079396237e-06,4.0,1.0,1.0,1.0,0.39999942370621033,2
core,missing_action,action_expansion,False,Random-Edit,30,core,0.9999266437456353,7.336163589941641e-05,4.0,1.0,1.0,1.0,0.3999633218728177,2
core,missing_action,action_expansion,False,Random-Edit,31,core,0.2,4.0,4.0,0.0,0.0,0.0,0.0,2
core,missing_action,action_expansion,False,Random-Edit,32,core,0.2,4.0,4.0,0.0,0.0,0.0,0.0,2
core,missing_action,action_expansion,False,Random-Edit,33,core,0.2,4.0,4.0,0.0,0.0,0.0,0.0,2
core,missing_action,action_expansion,False,Random-Edit,34,core,0.2,4.0,4.0,0.0,0.0,0.0,0.0,2
core,missing_action,action_expansion,False,Random-Edit,35,core,0.2,4.0,4.0,0.0,0.0,0.0,0.0,2
core,missing_action,action_expansion,False,Random-Edit,36,core,0.9999999847036856,1.5296314676168066e-08,4.0,1.0,1.0,1.0,0.3999999923518428,2
core,missing_action,action_expansion,False,Random-Edit,37,core,0.9999815802667291,1.842007256379182e-05,4.0,1.0,1.0,1.0,0.3999907901333646,2
core,missing_action,action_expansion,False,Random-Edit,38,core,0.2,4.0,4.0,0.0,0.0,0.0,0.0,2
core,missing_action,action_expansion,False,Random-Edit,39,core,0.2,4.0,4.0,0.0,0.0,0.0,0.0,2
core,missing_action,action_expansion,False,Random-Edit,40,core,0.2,4.0,4.0,0.0,0.0,0.0,0.0,2
core,missing_action,action_expansion,False,Random-Edit,41,core,0.2,4.0,4.0,0.0,0.0,0.0,0.0,2
core,missing_action,action_expansion,False,Random-Edit,42,core,0.2,4.0,4.0,0.0,0.0,0.0,0.0,2
core,missing_action,action_expansion,False,Random-Edit,43,core,0.2,4.0,4.0,0.0,0.0,0.0,0.0,2
core,missing_action,action_expansion,False,Random-Edit,44,core,0.2,4.0,4.0,0.0,0.0,0.0,0.0,2
core,missing_action,action_expansion,False,Random-Edit,45,core,0.9999855782085104,1.4421999480593219e-05,4.0,1.0,1.0,1.0,0.3999927891042552,2
core,missing_action,action_expansion,False,Random-Edit,46,core,0.2,4.0,4.0,0.0,0.0,0.0,0.0,2
core,missing_action,action_expansion,False,Random-Edit,47,core,0.2,4.0,4.0,0.0,0.0,0.0,0.0,2
core,missing_action,action_expansion,False,Random-Edit,48,core,0.2,4.0,4.0,0.0,0.0,0.0,0.0,2
core,missing_action,action_expansion,False,Random-Edit,49,core,0.99996759633786,3.240471217140172e-05,4.0,1.0,1.0,1.0,0.39998379816893004,2
core,missing_action,action_expansion,False,Flat-Search,0,core,0.9999850159823884,1.4984242135645662e-05,4.0,1.0,1.0,1.0,0.39999250799119423,2
core,missing_action,action_expansion,False,Flat-Search,1,core,0.9999939974770296,6.002559001037556e-06,4.0,1.0,1.0,1.0,0.3999969987385148,2
core,missing_action,action_expansion,False,Flat-Search,2,core,0.9999996976875359,3.0231255539754784e-07,4.0,1.0,1.0,1.0,0.39999984884376794,2
core,missing_action,action_expansion,False,Flat-Search,3,core,0.9997697246622153,0.00023032837672946644,4.0,1.0,1.0,1.0,0.39988486233110765,2
core,missing_action,action_expansion,False,Flat-Search,4,core,0.9999152609046063,8.474627671663924e-05,4.0,1.0,1.0,1.0,0.39995763045230315,2
core,missing_action,action_expansion,False,Flat-Search,5,core,0.9999708508792534,2.9149970442647307e-05,4.0,1.0,1.0,1.0,0.3999854254396267,2
core,missing_action,action_expansion,False,Flat-Search,6,core,0.9995404314787225,0.00045977982161022804,4.0,1.0,1.0,1.0,0.3997702157393612,2
core,missing_action,action_expansion,False,Flat-Search,7,core,0.9999918270312328,8.173035565166805e-06,4.0,1.0,1.0,1.0,0.39999591351561636,2
core,missing_action,action_expansion,False,Flat-Search,8,core,0.999999985079117,1.492088323199519e-08,4.0,1.0,1.0,1.0,0.39999999253955854,2
core,missing_action,action_expansion,False,Flat-Search,9,core,0.9999110219631502,8.898595464536241e-05,4.0,1.0,1.0,1.0,0.3999555109815751,2
core,missing_action,action_expansion,False,Flat-Search,10,core,0.9999999196171392,8.038286719451489e-08,4.0,1.0,1.0,1.0,0.3999999598085696,2
core,missing_action,action_expansion,False,Flat-Search,11,core,0.9999995484003693,4.515998345888102e-07,4.0,1.0,1.0,1.0,0.3999997742001846,2
core,missing_action,action_expansion,False,Flat-Search,12,core,0.9999976996837282,2.3003215632173497e-06,4.0,1.0,1.0,1.0,0.39999884984186407,2
core,missing_action,action_expansion,False,Flat-Search,13,core,0.9995733987813314,0.0004267832849381433,4.0,1.0,1.0,1.0,0.3997866993906657,2
core,missing_action,action_expansion,False,Flat-Search,14,core,0.9999910970991337,8.902980128578032e-06,4.0,1.0,1.0,1.0,0.39999554854956687,2
core,missing_action,action_expansion,False,Flat-Search,15,core,0.9999556966637433,4.430529912924298e-05,4.0,1.0,1.0,1.0,0.39997784833187167,2
core,missing_action,action_expansion,False,Flat-Search,16,core,0.9999958550357385,4.1449814422487045e-06,4.0,1.0,1.0,1.0,0.3999979275178692,2
core,missing_action,action_expansion,False,Flat-Search,17,core,0.9999806689013071,1.9331472391533695e-05,4.0,1.0,1.0,1.0,0.3999903344506536,2
core,missing_action,action_expansion,False,Flat-Search,18,core,0.9999177771058254,8.222965533494817e-05,4.0,1.0,1.0,1.0,0.39995888855291273,2
core,missing_action,action_expansion,False,Flat-Search,19,core,0.9999917329407129,8.267127631950348e-06,4.0,1.0,1.0,1.0,0.39999586647035645,2
core,missing_action,action_expansion,False,Flat-Search,20,core,0.9999990759698504,9.240310034757973e-07,4.0,1.0,1.0,1.0,0.39999953798492516,2
core,missing_action,action_expansion,False,Flat-Search,21,core,0.9997333178688003,0.00026675326953013606,4.0,1.0,1.0,1.0,0.3998666589344001,2
core,missing_action,action_expansion,False,Flat-Search,22,core,0.9999997590168769,2.409831812040741e-07,4.0,1.0,1.0,1.0,0.3999998795084384,2
core,missing_action,action_expansion,False,Flat-Search,23,core,0.9999980987420617,1.9012615530736464e-06,4.0,1.0,1.0,1.0,0.3999990493710308,2
core,missing_action,action_expansion,False,Flat-Search,24,core,0.9999431998666635,5.68033597750671e-05,4.0,1.0,1.0,1.0,0.39997159993333176,2
core,missing_action,action_expansion,False,Flat-Search,25,core,0.999993062074176,6.937973959096174e-06,4.0,1.0,1.0,1.0,0.399996531037088,2
core,missing_action,action_expansion,False,Flat-Search,26,core,0.999555415135088,0.0004447826085278206,4.0,1.0,1.0,1.0,0.39977770756754405,2
core,missing_action,action_expansion,False,Flat-Search,27,core,0.9999991132214981,8.867792882373772e-07,4.0,1.0,1.0,1.0,0.39999955661074904,2
core,missing_action,action_expansion,False,Flat-Search,28,core,0.9999967504802131,3.2495303464421242e-06,4.0,1.0,1.0,1.0,0.3999983752401065,2
core,missing_action,action_expansion,False,Flat-Search,29,core,0.9999988474124206,1.1525889079396237e-06,4.0,1.0,1.0,1.0,0.39999942370621033,2
core,missing_action,action_expansion,False,Flat-Search,30,core,0.9999266437456353,7.336163589941641e-05,4.0,1.0,1.0,1.0,0.3999633218728177,2
core,missing_action,action_expansion,False,Flat-Search,31,core,0.999997064672685,2.9353359313166634e-06,4.0,1.0,1.0,1.0,0.3999985323363425,2
core,missing_action,action_expansion,False,Flat-Search,32,core,0.9999849327109878,1.5067516038885888e-05,4.0,1.0,1.0,1.0,0.3999924663554939,2
core,missing_action,action_expansion,False,Flat-Search,33,core,0.9999665008101349,3.350031209845051e-05,4.0,1.0,1.0,1.0,0.39998325040506744,2
core,missing_action,action_expansion,False,Flat-Search,34,core,0.9996252906677269,0.00037484979198845487,4.0,1.0,1.0,1.0,0.3998126453338634,2
core,missing_action,action_expansion,False,Flat-Search,35,core,0.9999964522729365,3.5477396498399586e-06,4.0,1.0,1.0,1.0,0.3999982261364683,2
core,missing_action,action_expansion,False,Flat-Search,36,core,0.9999999847036856,1.5296314676168066e-08,4.0,1.0,1.0,1.0,0.3999999923518428,2
core,missing_action,action_expansion,False,Flat-Search,37,core,0.9999815802667291,1.842007256379182e-05,4.0,1.0,1.0,1.0,0.3999907901333646,2
core,missing_action,action_expansion,False,Flat-Search,38,core,0.9999995639698973,4.360302926521946e-07,4.0,1.0,1.0,1.0,0.3999997819849487,2
core,missing_action,action_expansion,False,Flat-Search,39,core,0.9999996888093885,3.111907083611957e-07,4.0,1.0,1.0,1.0,0.39999984440469427,2
core,missing_action,action_expansion,False,Flat-Search,40,core,0.9999975638197889,2.436186146091583e-06,4.0,1.0,1.0,1.0,0.39999878190989446,2
core,missing_action,action_expansion,False,Flat-Search,41,core,0.9999981427947005,1.857208748846211e-06,4.0,1.0,1.0,1.0,0.39999907139735025,2
core,missing_action,action_expansion,False,Flat-Search,42,core,0.9999186548798189,8.135173774797727e-05,4.0,1.0,1.0,1.0,0.3999593274399095,2
core,missing_action,action_expansion,False,Flat-Search,43,core,0.999960359811501,3.964175990567556e-05,4.0,1.0,1.0,1.0,0.3999801799057505,2
core,missing_action,action_expansion,False,Flat-Search,44,core,0.9999987282697392,1.2717318779333373e-06,4.0,1.0,1.0,1.0,0.3999993641348696,2
core,missing_action,action_expansion,False,Flat-Search,45,core,0.9999855782085104,1.4421999480593219e-05,4.0,1.0,1.0,1.0,0.3999927891042552,2
core,missing_action,action_expansion,False,Flat-Search,46,core,0.9999454741019833,5.4528871252327564e-05,4.0,1.0,1.0,1.0,0.3999727370509917,2
core,missing_action,action_expansion,False,Flat-Search,47,core,0.999901461027595,9.854868329105181e-05,4.0,1.0,1.0,1.0,0.3999507305137975,2
core,missing_action,action_expansion,False,Flat-Search,48,core,0.9999670415301659,3.295955613062114e-05,4.0,1.0,1.0,1.0,0.3999835207650829,2
core,missing_action,action_expansion,False,Flat-Search,49,core,0.99996759633786,3.240471217140172e-05,4.0,1.0,1.0,1.0,0.39998379816893004,2
core,missing_action,action_expansion,False,MDL-Flat,0,core,0.9999850159823884,1.4984242135645662e-05,4.0,1.0,1.0,1.0,0.39999250799119423,2
core,missing_action,action_expansion,False,MDL-Flat,1,core,0.9999939974770296,6.002559001037556e-06,4.0,1.0,1.0,1.0,0.3999969987385148,2
core,missing_action,action_expansion,False,MDL-Flat,2,core,0.9999996976875359,3.0231255539754784e-07,4.0,1.0,1.0,1.0,0.39999984884376794,2
core,missing_action,action_expansion,False,MDL-Flat,3,core,0.9997697246622153,0.00023032837672946644,4.0,1.0,1.0,1.0,0.39988486233110765,2
core,missing_action,action_expansion,False,MDL-Flat,4,core,0.9999152609046063,8.474627671663924e-05,4.0,1.0,1.0,1.0,0.39995763045230315,2
core,missing_action,action_expansion,False,MDL-Flat,5,core,0.9999708508792534,2.9149970442647307e-05,4.0,1.0,1.0,1.0,0.3999854254396267,2
core,missing_action,action_expansion,False,MDL-Flat,6,core,0.9995404314787225,0.00045977982161022804,4.0,1.0,1.0,1.0,0.3997702157393612,2
core,missing_action,action_expansion,False,MDL-Flat,7,core,0.9999918270312328,8.173035565166805e-06,4.0,1.0,1.0,1.0,0.39999591351561636,2
core,missing_action,action_expansion,False,MDL-Flat,8,core,0.999999985079117,1.492088323199519e-08,4.0,1.0,1.0,1.0,0.39999999253955854,2
core,missing_action,action_expansion,False,MDL-Flat,9,core,0.9999110219631502,8.898595464536241e-05,4.0,1.0,1.0,1.0,0.3999555109815751,2
core,missing_action,action_expansion,False,MDL-Flat,10,core,0.9999999196171392,8.038286719451489e-08,4.0,1.0,1.0,1.0,0.3999999598085696,2
core,missing_action,action_expansion,False,MDL-Flat,11,core,0.9999995484003693,4.515998345888102e-07,4.0,1.0,1.0,1.0,0.3999997742001846,2
core,missing_action,action_expansion,False,MDL-Flat,12,core,0.9999976996837282,2.3003215632173497e-06,4.0,1.0,1.0,1.0,0.39999884984186407,2
core,missing_action,action_expansion,False,MDL-Flat,13,core,0.9995733987813314,0.0004267832849381433,4.0,1.0,1.0,1.0,0.3997866993906657,2
core,missing_action,action_expansion,False,MDL-Flat,14,core,0.9999910970991337,8.902980128578032e-06,4.0,1.0,1.0,1.0,0.39999554854956687,2
core,missing_action,action_expansion,False,MDL-Flat,15,core,0.9999556966637433,4.430529912924298e-05,4.0,1.0,1.0,1.0,0.39997784833187167,2
core,missing_action,action_expansion,False,MDL-Flat,16,core,0.9999958550357385,4.1449814422487045e-06,4.0,1.0,1.0,1.0,0.3999979275178692,2
core,missing_action,action_expansion,False,MDL-Flat,17,core,0.9999806689013071,1.9331472391533695e-05,4.0,1.0,1.0,1.0,0.3999903344506536,2
core,missing_action,action_expansion,False,MDL-Flat,18,core,0.9999177771058254,8.222965533494817e-05,4.0,1.0,1.0,1.0,0.39995888855291273,2
core,missing_action,action_expansion,False,MDL-Flat,19,core,0.9999917329407129,8.267127631950348e-06,4.0,1.0,1.0,1.0,0.39999586647035645,2
core,missing_action,action_expansion,False,MDL-Flat,20,core,0.9999990759698504,9.240310034757973e-07,4.0,1.0,1.0,1.0,0.39999953798492516,2
core,missing_action,action_expansion,False,MDL-Flat,21,core,0.9997333178688003,0.00026675326953013606,4.0,1.0,1.0,1.0,0.3998666589344001,2
core,missing_action,action_expansion,False,MDL-Flat,22,core,0.9999997590168769,2.409831812040741e-07,4.0,1.0,1.0,1.0,0.3999998795084384,2
core,missing_action,action_expansion,False,MDL-Flat,23,core,0.9999980987420617,1.9012615530736464e-06,4.0,1.0,1.0,1.0,0.3999990493710308,2
core,missing_action,action_expansion,False,MDL-Flat,24,core,0.9999431998666635,5.68033597750671e-05,4.0,1.0,1.0,1.0,0.39997159993333176,2
core,missing_action,action_expansion,False,MDL-Flat,25,core,0.999993062074176,6.937973959096174e-06,4.0,1.0,1.0,1.0,0.399996531037088,2
core,missing_action,action_expansion,False,MDL-Flat,26,core,0.999555415135088,0.0004447826085278206,4.0,1.0,1.0,1.0,0.39977770756754405,2
core,missing_action,action_expansion,False,MDL-Flat,27,core,0.9999991132214981,8.867792882373772e-07,4.0,1.0,1.0,1.0,0.39999955661074904,2
core,missing_action,action_expansion,False,MDL-Flat,28,core,0.9999967504802131,3.2495303464421242e-06,4.0,1.0,1.0,1.0,0.3999983752401065,2
core,missing_action,action_expansion,False,MDL-Flat,29,core,0.9999988474124206,1.1525889079396237e-06,4.0,1.0,1.0,1.0,0.39999942370621033,2
core,missing_action,action_expansion,False,MDL-Flat,30,core,0.9999266437456353,7.336163589941641e-05,4.0,1.0,1.0,1.0,0.3999633218728177,2
core,missing_action,action_expansion,False,MDL-Flat,31,core,0.999997064672685,2.9353359313166634e-06,4.0,1.0,1.0,1.0,0.3999985323363425,2
core,missing_action,action_expansion,False,MDL-Flat,32,core,0.9999849327109878,1.5067516038885888e-05,4.0,1.0,1.0,1.0,0.3999924663554939,2
core,missing_action,action_expansion,False,MDL-Flat,33,core,0.9999665008101349,3.350031209845051e-05,4.0,1.0,1.0,1.0,0.39998325040506744,2
core,missing_action,action_expansion,False,MDL-Flat,34,core,0.9996252906677269,0.00037484979198845487,4.0,1.0,1.0,1.0,0.3998126453338634,2
core,missing_action,action_expansion,False,MDL-Flat,35,core,0.9999964522729365,3.5477396498399586e-06,4.0,1.0,1.0,1.0,0.3999982261364683,2
core,missing_action,action_expansion,False,MDL-Flat,36,core,0.9999999847036856,1.5296314676168066e-08,4.0,1.0,1.0,1.0,0.3999999923518428,2
core,missing_action,action_expansion,False,MDL-Flat,37,core,0.9999815802667291,1.842007256379182e-05,4.0,1.0,1.0,1.0,0.3999907901333646,2
core,missing_action,action_expansion,False,MDL-Flat,38,core,0.9999995639698973,4.360302926521946e-07,4.0,1.0,1.0,1.0,0.3999997819849487,2
core,missing_action,action_expansion,False,MDL-Flat,39,core,0.9999996888093885,3.111907083611957e-07,4.0,1.0,1.0,1.0,0.39999984440469427,2
core,missing_action,action_expansion,False,MDL-Flat,40,core,0.9999975638197889,2.436186146091583e-06,4.0,1.0,1.0,1.0,0.39999878190989446,2
core,missing_action,action_expansion,False,MDL-Flat,41,core,0.9999981427947005,1.857208748846211e-06,4.0,1.0,1.0,1.0,0.39999907139735025,2
core,missing_action,action_expansion,False,MDL-Flat,42,core,0.9999186548798189,8.135173774797727e-05,4.0,1.0,1.0,1.0,0.3999593274399095,2
core,missing_action,action_expansion,False,MDL-Flat,43,core,0.999960359811501,3.964175990567556e-05,4.0,1.0,1.0,1.0,0.3999801799057505,2
core,missing_action,action_expansion,False,MDL-Flat,44,core,0.9999987282697392,1.2717318779333373e-06,4.0,1.0,1.0,1.0,0.3999993641348696,2
core,missing_action,action_expansion,False,MDL-Flat,45,core,0.9999855782085104,1.4421999480593219e-05,4.0,1.0,1.0,1.0,0.3999927891042552,2
core,missing_action,action_expansion,False,MDL-Flat,46,core,0.9999454741019833,5.4528871252327564e-05,4.0,1.0,1.0,1.0,0.3999727370509917,2
core,missing_action,action_expansion,False,MDL-Flat,47,core,0.999901461027595,9.854868329105181e-05,4.0,1.0,1.0,1.0,0.3999507305137975,2
core,missing_action,action_expansion,False,MDL-Flat,48,core,0.9999670415301659,3.295955613062114e-05,4.0,1.0,1.0,1.0,0.3999835207650829,2
core,missing_action,action_expansion,False,MDL-Flat,49,core,0.99996759633786,3.240471217140172e-05,4.0,1.0,1.0,1.0,0.39998379816893004,2
core,missing_action,action_expansion,False,EIC-NoMargin,0,core,0.9999850159823884,1.4984242135645662e-05,4.0,1.0,1.0,1.0,0.39999250799119423,2
core,missing_action,action_expansion,False,EIC-NoMargin,1,core,0.9999939974770296,6.002559001037556e-06,4.0,1.0,1.0,1.0,0.3999969987385148,2
core,missing_action,action_expansion,False,EIC-NoMargin,2,core,0.9999996976875359,3.0231255539754784e-07,4.0,1.0,1.0,1.0,0.39999984884376794,2
core,missing_action,action_expansion,False,EIC-NoMargin,3,core,0.9997697246622153,0.00023032837672946644,4.0,1.0,1.0,1.0,0.39988486233110765,2
core,missing_action,action_expansion,False,EIC-NoMargin,4,core,0.9999152609046063,8.474627671663924e-05,4.0,1.0,1.0,1.0,0.39995763045230315,2
core,missing_action,action_expansion,False,EIC-NoMargin,5,core,0.9999708508792534,2.9149970442647307e-05,4.0,1.0,1.0,1.0,0.3999854254396267,2
core,missing_action,action_expansion,False,EIC-NoMargin,6,core,0.9995404314787225,0.00045977982161022804,4.0,1.0,1.0,1.0,0.3997702157393612,2
core,missing_action,action_expansion,False,EIC-NoMargin,7,core,0.9999918270312328,8.173035565166805e-06,4.0,1.0,1.0,1.0,0.39999591351561636,2
core,missing_action,action_expansion,False,EIC-NoMargin,8,core,0.999999985079117,1.492088323199519e-08,4.0,1.0,1.0,1.0,0.39999999253955854,2
core,missing_action,action_expansion,False,EIC-NoMargin,9,core,0.9999110219631502,8.898595464536241e-05,4.0,1.0,1.0,1.0,0.3999555109815751,2
core,missing_action,action_expansion,False,EIC-NoMargin,10,core,0.9999999196171392,8.038286719451489e-08,4.0,1.0,1.0,1.0,0.3999999598085696,2
core,missing_action,action_expansion,False,EIC-NoMargin,11,core,0.9999995484003693,4.515998345888102e-07,4.0,1.0,1.0,1.0,0.3999997742001846,2
core,missing_action,action_expansion,False,EIC-NoMargin,12,core,0.9999976996837282,2.3003215632173497e-06,4.0,1.0,1.0,1.0,0.39999884984186407,2
core,missing_action,action_expansion,False,EIC-NoMargin,13,core,0.9995733987813314,0.0004267832849381433,4.0,1.0,1.0,1.0,0.3997866993906657,2
core,missing_action,action_expansion,False,EIC-NoMargin,14,core,0.9999910970991337,8.902980128578032e-06,4.0,1.0,1.0,1.0,0.39999554854956687,2
core,missing_action,action_expansion,False,EIC-NoMargin,15,core,0.9999556966637433,4.430529912924298e-05,4.0,1.0,1.0,1.0,0.39997784833187167,2
core,missing_action,action_expansion,False,EIC-NoMargin,16,core,0.9999958550357385,4.1449814422487045e-06,4.0,1.0,1.0,1.0,0.3999979275178692,2
core,missing_action,action_expansion,False,EIC-NoMargin,17,core,0.9999806689013071,1.9331472391533695e-05,4.0,1.0,1.0,1.0,0.3999903344506536,2
core,missing_action,action_expansion,False,EIC-NoMargin,18,core,0.9999177771058254,8.222965533494817e-05,4.0,1.0,1.0,1.0,0.39995888855291273,2
core,missing_action,action_expansion,False,EIC-NoMargin,19,core,0.9999917329407129,8.267127631950348e-06,4.0,1.0,1.0,1.0,0.39999586647035645,2
core,missing_action,action_expansion,False,EIC-NoMargin,20,core,0.9999990759698504,9.240310034757973e-07,4.0,1.0,1.0,1.0,0.39999953798492516,2
core,missing_action,action_expansion,False,EIC-NoMargin,21,core,0.9997333178688003,0.00026675326953013606,4.0,1.0,1.0,1.0,0.3998666589344001,2
core,missing_action,action_expansion,False,EIC-NoMargin,22,core,0.9999997590168769,2.409831812040741e-07,4.0,1.0,1.0,1.0,0.3999998795084384,2
core,missing_action,action_expansion,False,EIC-NoMargin,23,core,0.9999980987420617,1.9012615530736464e-06,4.0,1.0,1.0,1.0,0.3999990493710308,2
core,missing_action,action_expansion,False,EIC-NoMargin,24,core,0.9999431998666635,5.68033597750671e-05,4.0,1.0,1.0,1.0,0.39997159993333176,2
core,missing_action,action_expansion,False,EIC-NoMargin,25,core,0.999993062074176,6.937973959096174e-06,4.0,1.0,1.0,1.0,0.399996531037088,2
core,missing_action,action_expansion,False,EIC-NoMargin,26,core,0.999555415135088,0.0004447826085278206,4.0,1.0,1.0,1.0,0.39977770756754405,2
core,missing_action,action_expansion,False,EIC-NoMargin,27,core,0.9999991132214981,8.867792882373772e-07,4.0,1.0,1.0,1.0,0.39999955661074904,2
core,missing_action,action_expansion,False,EIC-NoMargin,28,core,0.9999967504802131,3.2495303464421242e-06,4.0,1.0,1.0,1.0,0.3999983752401065,2
core,missing_action,action_expansion,False,EIC-NoMargin,29,core,0.9999988474124206,1.1525889079396237e-06,4.0,1.0,1.0,1.0,0.39999942370621033,2
core,missing_action,action_expansion,False,EIC-NoMargin,30,core,0.9999266437456353,7.336163589941641e-05,4.0,1.0,1.0,1.0,0.3999633218728177,2
core,missing_action,action_expansion,False,EIC-NoMargin,31,core,0.999997064672685,2.9353359313166634e-06,4.0,1.0,1.0,1.0,0.3999985323363425,2
core,missing_action,action_expansion,False,EIC-NoMargin,32,core,0.9999849327109878,1.5067516038885888e-05,4.0,1.0,1.0,1.0,0.3999924663554939,2
core,missing_action,action_expansion,False,EIC-NoMargin,33,core,0.9999665008101349,3.350031209845051e-05,4.0,1.0,1.0,1.0,0.39998325040506744,2
core,missing_action,action_expansion,False,EIC-NoMargin,34,core,0.9996252906677269,0.00037484979198845487,4.0,1.0,1.0,1.0,0.3998126453338634,2
core,missing_action,action_expansion,False,EIC-NoMargin,35,core,0.9999964522729365,3.5477396498399586e-06,4.0,1.0,1.0,1.0,0.3999982261364683,2
core,missing_action,action_expansion,False,EIC-NoMargin,36,core,0.9999999847036856,1.5296314676168066e-08,4.0,1.0,1.0,1.0,0.3999999923518428,2
core,missing_action,action_expansion,False,EIC-NoMargin,37,core,0.9999815802667291,1.842007256379182e-05,4.0,1.0,1.0,1.0,0.3999907901333646,2
core,missing_action,action_expansion,False,EIC-NoMargin,38,core,0.9999995639698973,4.360302926521946e-07,4.0,1.0,1.0,1.0,0.3999997819849487,2
core,missing_action,action_expansion,False,EIC-NoMargin,39,core,0.9999996888093885,3.111907083611957e-07,4.0,1.0,1.0,1.0,0.39999984440469427,2
core,missing_action,action_expansion,False,EIC-NoMargin,40,core,0.9999975638197889,2.436186146091583e-06,4.0,1.0,1.0,1.0,0.39999878190989446,2
core,missing_action,action_expansion,False,EIC-NoMargin,41,core,0.9999981427947005,1.857208748846211e-06,4.0,1.0,1.0,1.0,0.39999907139735025,2
core,missing_action,action_expansion,False,EIC-NoMargin,42,core,0.9999186548798189,8.135173774797727e-05,4.0,1.0,1.0,1.0,0.3999593274399095,2
core,missing_action,action_expansion,False,EIC-NoMargin,43,core,0.999960359811501,3.964175990567556e-05,4.0,1.0,1.0,1.0,0.3999801799057505,2
core,missing_action,action_expansion,False,EIC-NoMargin,44,core,0.9999987282697392,1.2717318779333373e-06,4.0,1.0,1.0,1.0,0.3999993641348696,2
core,missing_action,action_expansion,False,EIC-NoMargin,45,core,0.9999855782085104,1.4421999480593219e-05,4.0,1.0,1.0,1.0,0.3999927891042552,2
core,missing_action,action_expansion,False,EIC-NoMargin,46,core,0.9999454741019833,5.4528871252327564e-05,4.0,1.0,1.0,1.0,0.3999727370509917,2
core,missing_action,action_expansion,False,EIC-NoMargin,47,core,0.999901461027595,9.854868329105181e-05,4.0,1.0,1.0,1.0,0.3999507305137975,2
core,missing_action,action_expansion,False,EIC-NoMargin,48,core,0.9999670415301659,3.295955613062114e-05,4.0,1.0,1.0,1.0,0.3999835207650829,2
core,missing_action,action_expansion,False,EIC-NoMargin,49,core,0.99996759633786,3.240471217140172e-05,4.0,1.0,1.0,1.0,0.39998379816893004,2
core,missing_action,action_expansion,False,EIC-NoCost,0,core,0.9999850159823884,1.4984242135645662e-05,4.0,1.0,1.0,1.0,0.39999250799119423,2
core,missing_action,action_expansion,False,EIC-NoCost,1,core,0.9999939974770296,6.002559001037556e-06,4.0,1.0,1.0,1.0,0.3999969987385148,2
core,missing_action,action_expansion,False,EIC-NoCost,2,core,0.9999996976875359,3.0231255539754784e-07,4.0,1.0,1.0,1.0,0.39999984884376794,2
core,missing_action,action_expansion,False,EIC-NoCost,3,core,0.9997697246622153,0.00023032837672946644,4.0,1.0,1.0,1.0,0.39988486233110765,2
core,missing_action,action_expansion,False,EIC-NoCost,4,core,0.9999152609046063,8.474627671663924e-05,4.0,1.0,1.0,1.0,0.39995763045230315,2
core,missing_action,action_expansion,False,EIC-NoCost,5,core,0.9999708508792534,2.9149970442647307e-05,4.0,1.0,1.0,1.0,0.3999854254396267,2
core,missing_action,action_expansion,False,EIC-NoCost,6,core,0.9995404314787225,0.00045977982161022804,4.0,1.0,1.0,1.0,0.3997702157393612,2
core,missing_action,action_expansion,False,EIC-NoCost,7,core,0.9999918270312328,8.173035565166805e-06,4.0,1.0,1.0,1.0,0.39999591351561636,2
core,missing_action,action_expansion,False,EIC-NoCost,8,core,0.999999985079117,1.492088323199519e-08,4.0,1.0,1.0,1.0,0.39999999253955854,2
core,missing_action,action_expansion,False,EIC-NoCost,9,core,0.9999110219631502,8.898595464536241e-05,4.0,1.0,1.0,1.0,0.3999555109815751,2
core,missing_action,action_expansion,False,EIC-NoCost,10,core,0.9999999196171392,8.038286719451489e-08,4.0,1.0,1.0,1.0,0.3999999598085696,2
core,missing_action,action_expansion,False,EIC-NoCost,11,core,0.9999995484003693,4.515998345888102e-07,4.0,1.0,1.0,1.0,0.3999997742001846,2
core,missing_action,action_expansion,False,EIC-NoCost,12,core,0.9999976996837282,2.3003215632173497e-06,4.0,1.0,1.0,1.0,0.39999884984186407,2
core,missing_action,action_expansion,False,EIC-NoCost,13,core,0.9995733987813314,0.0004267832849381433,4.0,1.0,1.0,1.0,0.3997866993906657,2
core,missing_action,action_expansion,False,EIC-NoCost,14,core,0.9999910970991337,8.902980128578032e-06,4.0,1.0,1.0,1.0,0.39999554854956687,2
core,missing_action,action_expansion,False,EIC-NoCost,15,core,0.9999556966637433,4.430529912924298e-05,4.0,1.0,1.0,1.0,0.39997784833187167,2
core,missing_action,action_expansion,False,EIC-NoCost,16,core,0.9999958550357385,4.1449814422487045e-06,4.0,1.0,1.0,1.0,0.3999979275178692,2
core,missing_action,action_expansion,False,EIC-NoCost,17,core,0.9999806689013071,1.9331472391533695e-05,4.0,1.0,1.0,1.0,0.3999903344506536,2
core,missing_action,action_expansion,False,EIC-NoCost,18,core,0.9999177771058254,8.222965533494817e-05,4.0,1.0,1.0,1.0,0.39995888855291273,2
core,missing_action,action_expansion,False,EIC-NoCost,19,core,0.9999917329407129,8.267127631950348e-06,4.0,1.0,1.0,1.0,0.39999586647035645,2
core,missing_action,action_expansion,False,EIC-NoCost,20,core,0.9999990759698504,9.240310034757973e-07,4.0,1.0,1.0,1.0,0.39999953798492516,2
core,missing_action,action_expansion,False,EIC-NoCost,21,core,0.9997333178688003,0.00026675326953013606,4.0,1.0,1.0,1.0,0.3998666589344001,2
core,missing_action,action_expansion,False,EIC-NoCost,22,core,0.9999997590168769,2.409831812040741e-07,4.0,1.0,1.0,1.0,0.3999998795084384,2
core,missing_action,action_expansion,False,EIC-NoCost,23,core,0.9999980987420617,1.9012615530736464e-06,4.0,1.0,1.0,1.0,0.3999990493710308,2
core,missing_action,action_expansion,False,EIC-NoCost,24,core,0.9999431998666635,5.68033597750671e-05,4.0,1.0,1.0,1.0,0.39997159993333176,2
core,missing_action,action_expansion,False,EIC-NoCost,25,core,0.999993062074176,6.937973959096174e-06,4.0,1.0,1.0,1.0,0.399996531037088,2
core,missing_action,action_expansion,False,EIC-NoCost,26,core,0.999555415135088,0.0004447826085278206,4.0,1.0,1.0,1.0,0.39977770756754405,2
core,missing_action,action_expansion,False,EIC-NoCost,27,core,0.9999991132214981,8.867792882373772e-07,4.0,1.0,1.0,1.0,0.39999955661074904,2
core,missing_action,action_expansion,False,EIC-NoCost,28,core,0.9999967504802131,3.2495303464421242e-06,4.0,1.0,1.0,1.0,0.3999983752401065,2
core,missing_action,action_expansion,False,EIC-NoCost,29,core,0.9999988474124206,1.1525889079396237e-06,4.0,1.0,1.0,1.0,0.39999942370621033,2
core,missing_action,action_expansion,False,EIC-NoCost,30,core,0.9999266437456353,7.336163589941641e-05,4.0,1.0,1.0,1.0,0.3999633218728177,2
core,missing_action,action_expansion,False,EIC-NoCost,31,core,0.999997064672685,2.9353359313166634e-06,4.0,1.0,1.0,1.0,0.3999985323363425,2
core,missing_action,action_expansion,False,EIC-NoCost,32,core,0.9999849327109878,1.5067516038885888e-05,4.0,1.0,1.0,1.0,0.3999924663554939,2
core,missing_action,action_expansion,False,EIC-NoCost,33,core,0.9999665008101349,3.350031209845051e-05,4.0,1.0,1.0,1.0,0.39998325040506744,2
core,missing_action,action_expansion,False,EIC-NoCost,34,core,0.9996252906677269,0.00037484979198845487,4.0,1.0,1.0,1.0,0.3998126453338634,2
core,missing_action,action_expansion,False,EIC-NoCost,35,core,0.9999964522729365,3.5477396498399586e-06,4.0,1.0,1.0,1.0,0.3999982261364683,2
core,missing_action,action_expansion,False,EIC-NoCost,36,core,0.9999999847036856,1.5296314676168066e-08,4.0,1.0,1.0,1.0,0.3999999923518428,2
core,missing_action,action_expansion,False,EIC-NoCost,37,core,0.9999815802667291,1.842007256379182e-05,4.0,1.0,1.0,1.0,0.3999907901333646,2
core,missing_action,action_expansion,False,EIC-NoCost,38,core,0.9999995639698973,4.360302926521946e-07,4.0,1.0,1.0,1.0,0.3999997819849487,2
core,missing_action,action_expansion,False,EIC-NoCost,39,core,0.9999996888093885,3.111907083611957e-07,4.0,1.0,1.0,1.0,0.39999984440469427,2
core,missing_action,action_expansion,False,EIC-NoCost,40,core,0.9999975638197889,2.436186146091583e-06,4.0,1.0,1.0,1.0,0.39999878190989446,2
core,missing_action,action_expansion,False,EIC-NoCost,41,core,0.9999981427947005,1.857208748846211e-06,4.0,1.0,1.0,1.0,0.39999907139735025,2
core,missing_action,action_expansion,False,EIC-NoCost,42,core,0.9999186548798189,8.135173774797727e-05,4.0,1.0,1.0,1.0,0.3999593274399095,2
core,missing_action,action_expansion,False,EIC-NoCost,43,core,0.999960359811501,3.964175990567556e-05,4.0,1.0,1.0,1.0,0.3999801799057505,2
core,missing_action,action_expansion,False,EIC-NoCost,44,core,0.9999987282697392,1.2717318779333373e-06,4.0,1.0,1.0,1.0,0.3999993641348696,2
core,missing_action,action_expansion,False,EIC-NoCost,45,core,0.9999855782085104,1.4421999480593219e-05,4.0,1.0,1.0,1.0,0.3999927891042552,2
core,missing_action,action_expansion,False,EIC-NoCost,46,core,0.9999454741019833,5.4528871252327564e-05,4.0,1.0,1.0,1.0,0.3999727370509917,2
core,missing_action,action_expansion,False,EIC-NoCost,47,core,0.999901461027595,9.854868329105181e-05,4.0,1.0,1.0,1.0,0.3999507305137975,2
core,missing_action,action_expansion,False,EIC-NoCost,48,core,0.9999670415301659,3.295955613062114e-05,4.0,1.0,1.0,1.0,0.3999835207650829,2
core,missing_action,action_expansion,False,EIC-NoCost,49,core,0.99996759633786,3.240471217140172e-05,4.0,1.0,1.0,1.0,0.39998379816893004,2
core,missing_action,action_expansion,False,EIC-Greedy,0,core,0.9999850159823884,1.4984242135645662e-05,4.0,1.0,1.0,1.0,0.39999250799119423,2
core,missing_action,action_expansion,False,EIC-Greedy,1,core,0.9999939974770296,6.002559001037556e-06,4.0,1.0,1.0,1.0,0.3999969987385148,2
core,missing_action,action_expansion,False,EIC-Greedy,2,core,0.9999996976875359,3.0231255539754784e-07,4.0,1.0,1.0,1.0,0.39999984884376794,2
core,missing_action,action_expansion,False,EIC-Greedy,3,core,0.9997697246622153,0.00023032837672946644,4.0,1.0,1.0,1.0,0.39988486233110765,2
core,missing_action,action_expansion,False,EIC-Greedy,4,core,0.9999152609046063,8.474627671663924e-05,4.0,1.0,1.0,1.0,0.39995763045230315,2
core,missing_action,action_expansion,False,EIC-Greedy,5,core,0.9999708508792534,2.9149970442647307e-05,4.0,1.0,1.0,1.0,0.3999854254396267,2
core,missing_action,action_expansion,False,EIC-Greedy,6,core,0.9995404314787225,0.00045977982161022804,4.0,1.0,1.0,1.0,0.3997702157393612,2
core,missing_action,action_expansion,False,EIC-Greedy,7,core,0.9999918270312328,8.173035565166805e-06,4.0,1.0,1.0,1.0,0.39999591351561636,2
core,missing_action,action_expansion,False,EIC-Greedy,8,core,0.999999985079117,1.492088323199519e-08,4.0,1.0,1.0,1.0,0.39999999253955854,2
core,missing_action,action_expansion,False,EIC-Greedy,9,core,0.9999110219631502,8.898595464536241e-05,4.0,1.0,1.0,1.0,0.3999555109815751,2
core,missing_action,action_expansion,False,EIC-Greedy,10,core,0.9999999196171392,8.038286719451489e-08,4.0,1.0,1.0,1.0,0.3999999598085696,2
core,missing_action,action_expansion,False,EIC-Greedy,11,core,0.9999995484003693,4.515998345888102e-07,4.0,1.0,1.0,1.0,0.3999997742001846,2
core,missing_action,action_expansion,False,EIC-Greedy,12,core,0.9999976996837282,2.3003215632173497e-06,4.0,1.0,1.0,1.0,0.39999884984186407,2
core,missing_action,action_expansion,False,EIC-Greedy,13,core,0.9995733987813314,0.0004267832849381433,4.0,1.0,1.0,1.0,0.3997866993906657,2
core,missing_action,action_expansion,False,EIC-Greedy,14,core,0.9999910970991337,8.902980128578032e-06,4.0,1.0,1.0,1.0,0.39999554854956687,2
core,missing_action,action_expansion,False,EIC-Greedy,15,core,0.9999556966637433,4.430529912924298e-05,4.0,1.0,1.0,1.0,0.39997784833187167,2
core,missing_action,action_expansion,False,EIC-Greedy,16,core,0.9999958550357385,4.1449814422487045e-06,4.0,1.0,1.0,1.0,0.3999979275178692,2
core,missing_action,action_expansion,False,EIC-Greedy,17,core,0.9999806689013071,1.9331472391533695e-05,4.0,1.0,1.0,1.0,0.3999903344506536,2
core,missing_action,action_expansion,False,EIC-Greedy,18,core,0.9999177771058254,8.222965533494817e-05,4.0,1.0,1.0,1.0,0.39995888855291273,2
core,missing_action,action_expansion,False,EIC-Greedy,19,core,0.9999917329407129,8.267127631950348e-06,4.0,1.0,1.0,1.0,0.39999586647035645,2
core,missing_action,action_expansion,False,EIC-Greedy,20,core,0.9999990759698504,9.240310034757973e-07,4.0,1.0,1.0,1.0,0.39999953798492516,2
core,missing_action,action_expansion,False,EIC-Greedy,21,core,0.9997333178688003,0.00026675326953013606,4.0,1.0,1.0,1.0,0.3998666589344001,2
core,missing_action,action_expansion,False,EIC-Greedy,22,core,0.9999997590168769,2.409831812040741e-07,4.0,1.0,1.0,1.0,0.3999998795084384,2
core,missing_action,action_expansion,False,EIC-Greedy,23,core,0.9999980987420617,1.9012615530736464e-06,4.0,1.0,1.0,1.0,0.3999990493710308,2
core,missing_action,action_expansion,False,EIC-Greedy,24,core,0.9999431998666635,5.68033597750671e-05,4.0,1.0,1.0,1.0,0.39997159993333176,2
core,missing_action,action_expansion,False,EIC-Greedy,25,core,0.999993062074176,6.937973959096174e-06,4.0,1.0,1.0,1.0,0.399996531037088,2
core,missing_action,action_expansion,False,EIC-Greedy,26,core,0.999555415135088,0.0004447826085278206,4.0,1.0,1.0,1.0,0.39977770756754405,2
core,missing_action,action_expansion,False,EIC-Greedy,27,core,0.9999991132214981,8.867792882373772e-07,4.0,1.0,1.0,1.0,0.39999955661074904,2
core,missing_action,action_expansion,False,EIC-Greedy,28,core,0.9999967504802131,3.2495303464421242e-06,4.0,1.0,1.0,1.0,0.3999983752401065,2
core,missing_action,action_expansion,False,EIC-Greedy,29,core,0.9999988474124206,1.1525889079396237e-06,4.0,1.0,1.0,1.0,0.39999942370621033,2
core,missing_action,action_expansion,False,EIC-Greedy,30,core,0.9999266437456353,7.336163589941641e-05,4.0,1.0,1.0,1.0,0.3999633218728177,2
core,missing_action,action_expansion,False,EIC-Greedy,31,core,0.999997064672685,2.9353359313166634e-06,4.0,1.0,1.0,1.0,0.3999985323363425,2
core,missing_action,action_expansion,False,EIC-Greedy,32,core,0.9999849327109878,1.5067516038885888e-05,4.0,1.0,1.0,1.0,0.3999924663554939,2
core,missing_action,action_expansion,False,EIC-Greedy,33,core,0.9999665008101349,3.350031209845051e-05,4.0,1.0,1.0,1.0,0.39998325040506744,2
core,missing_action,action_expansion,False,EIC-Greedy,34,core,0.9996252906677269,0.00037484979198845487,4.0,1.0,1.0,1.0,0.3998126453338634,2
core,missing_action,action_expansion,False,EIC-Greedy,35,core,0.9999964522729365,3.5477396498399586e-06,4.0,1.0,1.0,1.0,0.3999982261364683,2
core,missing_action,action_expansion,False,EIC-Greedy,36,core,0.9999999847036856,1.5296314676168066e-08,4.0,1.0,1.0,1.0,0.3999999923518428,2
core,missing_action,action_expansion,False,EIC-Greedy,37,core,0.9999815802667291,1.842007256379182e-05,4.0,1.0,1.0,1.0,0.3999907901333646,2
core,missing_action,action_expansion,False,EIC-Greedy,38,core,0.9999995639698973,4.360302926521946e-07,4.0,1.0,1.0,1.0,0.3999997819849487,2
core,missing_action,action_expansion,False,EIC-Greedy,39,core,0.9999996888093885,3.111907083611957e-07,4.0,1.0,1.0,1.0,0.39999984440469427,2
core,missing_action,action_expansion,False,EIC-Greedy,40,core,0.9999975638197889,2.436186146091583e-06,4.0,1.0,1.0,1.0,0.39999878190989446,2
core,missing_action,action_expansion,False,EIC-Greedy,41,core,0.9999981427947005,1.857208748846211e-06,4.0,1.0,1.0,1.0,0.39999907139735025,2
core,missing_action,action_expansion,False,EIC-Greedy,42,core,0.9999186548798189,8.135173774797727e-05,4.0,1.0,1.0,1.0,0.3999593274399095,2
core,missing_action,action_expansion,False,EIC-Greedy,43,core,0.999960359811501,3.964175990567556e-05,4.0,1.0,1.0,1.0,0.3999801799057505,2
core,missing_action,action_expansion,False,EIC-Greedy,44,core,0.9999987282697392,1.2717318779333373e-06,4.0,1.0,1.0,1.0,0.3999993641348696,2
core,missing_action,action_expansion,False,EIC-Greedy,45,core,0.9999855782085104,1.4421999480593219e-05,4.0,1.0,1.0,1.0,0.3999927891042552,2
core,missing_action,action_expansion,False,EIC-Greedy,46,core,0.9999454741019833,5.4528871252327564e-05,4.0,1.0,1.0,1.0,0.3999727370509917,2
core,missing_action,action_expansion,False,EIC-Greedy,47,core,0.999901461027595,9.854868329105181e-05,4.0,1.0,1.0,1.0,0.3999507305137975,2
core,missing_action,action_expansion,False,EIC-Greedy,48,core,0.9999670415301659,3.295955613062114e-05,4.0,1.0,1.0,1.0,0.3999835207650829,2
core,missing_action,action_expansion,False,EIC-Greedy,49,core,0.99996759633786,3.240471217140172e-05,4.0,1.0,1.0,1.0,0.39998379816893004,2
core,missing_action,action_expansion,False,Oracle,0,core,0.9999850159823884,1.4984242135645662e-05,4.0,1.0,1.0,1.0,0.39999250799119423,2
core,missing_action,action_expansion,False,Oracle,1,core,0.9999939974770296,6.002559001037556e-06,4.0,1.0,1.0,1.0,0.3999969987385148,2
core,missing_action,action_expansion,False,Oracle,2,core,0.9999996976875359,3.0231255539754784e-07,4.0,1.0,1.0,1.0,0.39999984884376794,2
core,missing_action,action_expansion,False,Oracle,3,core,0.9997697246622153,0.00023032837672946644,4.0,1.0,1.0,1.0,0.39988486233110765,2
core,missing_action,action_expansion,False,Oracle,4,core,0.9999152609046063,8.474627671663924e-05,4.0,1.0,1.0,1.0,0.39995763045230315,2
core,missing_action,action_expansion,False,Oracle,5,core,0.9999708508792534,2.9149970442647307e-05,4.0,1.0,1.0,1.0,0.3999854254396267,2
core,missing_action,action_expansion,False,Oracle,6,core,0.9995404314787225,0.00045977982161022804,4.0,1.0,1.0,1.0,0.3997702157393612,2
core,missing_action,action_expansion,False,Oracle,7,core,0.9999918270312328,8.173035565166805e-06,4.0,1.0,1.0,1.0,0.39999591351561636,2
core,missing_action,action_expansion,False,Oracle,8,core,0.999999985079117,1.492088323199519e-08,4.0,1.0,1.0,1.0,0.39999999253955854,2
core,missing_action,action_expansion,False,Oracle,9,core,0.9999110219631502,8.898595464536241e-05,4.0,1.0,1.0,1.0,0.3999555109815751,2
core,missing_action,action_expansion,False,Oracle,10,core,0.9999999196171392,8.038286719451489e-08,4.0,1.0,1.0,1.0,0.3999999598085696,2
core,missing_action,action_expansion,False,Oracle,11,core,0.9999995484003693,4.515998345888102e-07,4.0,1.0,1.0,1.0,0.3999997742001846,2
core,missing_action,action_expansion,False,Oracle,12,core,0.9999976996837282,2.3003215632173497e-06,4.0,1.0,1.0,1.0,0.39999884984186407,2
core,missing_action,action_expansion,False,Oracle,13,core,0.9995733987813314,0.0004267832849381433,4.0,1.0,1.0,1.0,0.3997866993906657,2
core,missing_action,action_expansion,False,Oracle,14,core,0.9999910970991337,8.902980128578032e-06,4.0,1.0,1.0,1.0,0.39999554854956687,2
core,missing_action,action_expansion,False,Oracle,15,core,0.9999556966637433,4.430529912924298e-05,4.0,1.0,1.0,1.0,0.39997784833187167,2
core,missing_action,action_expansion,False,Oracle,16,core,0.9999958550357385,4.1449814422487045e-06,4.0,1.0,1.0,1.0,0.3999979275178692,2
core,missing_action,action_expansion,False,Oracle,17,core,0.9999806689013071,1.9331472391533695e-05,4.0,1.0,1.0,1.0,0.3999903344506536,2
core,missing_action,action_expansion,False,Oracle,18,core,0.9999177771058254,8.222965533494817e-05,4.0,1.0,1.0,1.0,0.39995888855291273,2
core,missing_action,action_expansion,False,Oracle,19,core,0.9999917329407129,8.267127631950348e-06,4.0,1.0,1.0,1.0,0.39999586647035645,2
core,missing_action,action_expansion,False,Oracle,20,core,0.9999990759698504,9.240310034757973e-07,4.0,1.0,1.0,1.0,0.39999953798492516,2
core,missing_action,action_expansion,False,Oracle,21,core,0.9997333178688003,0.00026675326953013606,4.0,1.0,1.0,1.0,0.3998666589344001,2
core,missing_action,action_expansion,False,Oracle,22,core,0.9999997590168769,2.409831812040741e-07,4.0,1.0,1.0,1.0,0.3999998795084384,2
core,missing_action,action_expansion,False,Oracle,23,core,0.9999980987420617,1.9012615530736464e-06,4.0,1.0,1.0,1.0,0.3999990493710308,2
core,missing_action,action_expansion,False,Oracle,24,core,0.9999431998666635,5.68033597750671e-05,4.0,1.0,1.0,1.0,0.39997159993333176,2
core,missing_action,action_expansion,False,Oracle,25,core,0.999993062074176,6.937973959096174e-06,4.0,1.0,1.0,1.0,0.399996531037088,2
core,missing_action,action_expansion,False,Oracle,26,core,0.999555415135088,0.0004447826085278206,4.0,1.0,1.0,1.0,0.39977770756754405,2
core,missing_action,action_expansion,False,Oracle,27,core,0.9999991132214981,8.867792882373772e-07,4.0,1.0,1.0,1.0,0.39999955661074904,2
core,missing_action,action_expansion,False,Oracle,28,core,0.9999967504802131,3.2495303464421242e-06,4.0,1.0,1.0,1.0,0.3999983752401065,2
core,missing_action,action_expansion,False,Oracle,29,core,0.9999988474124206,1.1525889079396237e-06,4.0,1.0,1.0,1.0,0.39999942370621033,2
core,missing_action,action_expansion,False,Oracle,30,core,0.9999266437456353,7.336163589941641e-05,4.0,1.0,1.0,1.0,0.3999633218728177,2
core,missing_action,action_expansion,False,Oracle,31,core,0.999997064672685,2.9353359313166634e-06,4.0,1.0,1.0,1.0,0.3999985323363425,2
core,missing_action,action_expansion,False,Oracle,32,core,0.9999849327109878,1.5067516038885888e-05,4.0,1.0,1.0,1.0,0.3999924663554939,2
core,missing_action,action_expansion,False,Oracle,33,core,0.9999665008101349,3.350031209845051e-05,4.0,1.0,1.0,1.0,0.39998325040506744,2
core,missing_action,action_expansion,False,Oracle,34,core,0.9996252906677269,0.00037484979198845487,4.0,1.0,1.0,1.0,0.3998126453338634,2
core,missing_action,action_expansion,False,Oracle,35,core,0.9999964522729365,3.5477396498399586e-06,4.0,1.0,1.0,1.0,0.3999982261364683,2
core,missing_action,action_expansion,False,Oracle,36,core,0.9999999847036856,1.5296314676168066e-08,4.0,1.0,1.0,1.0,0.3999999923518428,2
core,missing_action,action_expansion,False,Oracle,37,core,0.9999815802667291,1.842007256379182e-05,4.0,1.0,1.0,1.0,0.3999907901333646,2
core,missing_action,action_expansion,False,Oracle,38,core,0.9999995639698973,4.360302926521946e-07,4.0,1.0,1.0,1.0,0.3999997819849487,2
core,missing_action,action_expansion,False,Oracle,39,core,0.9999996888093885,3.111907083611957e-07,4.0,1.0,1.0,1.0,0.39999984440469427,2
core,missing_action,action_expansion,False,Oracle,40,core,0.9999975638197889,2.436186146091583e-06,4.0,1.0,1.0,1.0,0.39999878190989446,2
core,missing_action,action_expansion,False,Oracle,41,core,0.9999981427947005,1.857208748846211e-06,4.0,1.0,1.0,1.0,0.39999907139735025,2
core,missing_action,action_expansion,False,Oracle,42,core,0.9999186548798189,8.135173774797727e-05,4.0,1.0,1.0,1.0,0.3999593274399095,2
core,missing_action,action_expansion,False,Oracle,43,core,0.999960359811501,3.964175990567556e-05,4.0,1.0,1.0,1.0,0.3999801799057505,2
core,missing_action,action_expansion,False,Oracle,44,core,0.9999987282697392,1.2717318779333373e-06,4.0,1.0,1.0,1.0,0.3999993641348696,2
core,missing_action,action_expansion,False,Oracle,45,core,0.9999855782085104,1.4421999480593219e-05,4.0,1.0,1.0,1.0,0.3999927891042552,2
core,missing_action,action_expansion,False,Oracle,46,core,0.9999454741019833,5.4528871252327564e-05,4.0,1.0,1.0,1.0,0.3999727370509917,2
core,missing_action,action_expansion,False,Oracle,47,core,0.999901461027595,9.854868329105181e-05,4.0,1.0,1.0,1.0,0.3999507305137975,2
core,missing_action,action_expansion,False,Oracle,48,core,0.9999670415301659,3.295955613062114e-05,4.0,1.0,1.0,1.0,0.3999835207650829,2
core,missing_action,action_expansion,False,Oracle,49,core,0.99996759633786,3.240471217140172e-05,4.0,1.0,1.0,1.0,0.39998379816893004,2
core,missing_action,action_expansion,True,Fixed-Frame,0,core,1.0,0.0,0.0,1.0,0.0,0.0,0.0,2
core,missing_action,action_expansion,True,Fixed-Frame,1,core,1.0,0.0,0.0,1.0,0.0,0.0,0.0,2
core,missing_action,action_expansion,True,Fixed-Frame,2,core,1.0,0.0,0.0,1.0,0.0,0.0,0.0,2
core,missing_action,action_expansion,True,Fixed-Frame,3,core,1.0,0.0,0.0,1.0,0.0,0.0,0.0,2
core,missing_action,action_expansion,True,Fixed-Frame,4,core,1.0,0.0,0.0,1.0,0.0,0.0,0.0,2
core,missing_action,action_expansion,True,Fixed-Frame,5,core,1.0,0.0,0.0,1.0,0.0,0.0,0.0,2
core,missing_action,action_expansion,True,Fixed-Frame,6,core,1.0,0.0,0.0,1.0,0.0,0.0,0.0,2
core,missing_action,action_expansion,True,Fixed-Frame,7,core,1.0,0.0,0.0,1.0,0.0,0.0,0.0,2
core,missing_action,action_expansion,True,Fixed-Frame,8,core,1.0,0.0,0.0,1.0,0.0,0.0,0.0,2
core,missing_action,action_expansion,True,Fixed-Frame,9,core,1.0,0.0,0.0,1.0,0.0,0.0,0.0,2
core,missing_action,action_expansion,True,Fixed-Frame,10,core,1.0,0.0,0.0,1.0,0.0,0.0,0.0,2
core,missing_action,action_expansion,True,Fixed-Frame,11,core,1.0,0.0,0.0,1.0,0.0,0.0,0.0,2
core,missing_action,action_expansion,True,Fixed-Frame,12,core,1.0,0.0,0.0,1.0,0.0,0.0,0.0,2
core,missing_action,action_expansion,True,Fixed-Frame,13,core,1.0,0.0,0.0,1.0,0.0,0.0,0.0,2
core,missing_action,action_expansion,True,Fixed-Frame,14,core,1.0,0.0,0.0,1.0,0.0,0.0,0.0,2
core,missing_action,action_expansion,True,Fixed-Frame,15,core,1.0,0.0,0.0,1.0,0.0,0.0,0.0,2
core,missing_action,action_expansion,True,Fixed-Frame,16,core,1.0,0.0,0.0,1.0,0.0,0.0,0.0,2
core,missing_action,action_expansion,True,Fixed-Frame,17,core,1.0,0.0,0.0,1.0,0.0,0.0,0.0,2
core,missing_action,action_expansion,True,Fixed-Frame,18,core,1.0,0.0,0.0,1.0,0.0,0.0,0.0,2
core,missing_action,action_expansion,True,Fixed-Frame,19,core,1.0,0.0,0.0,1.0,0.0,0.0,0.0,2
core,missing_action,action_expansion,True,Fixed-Frame,20,core,1.0,0.0,0.0,1.0,0.0,0.0,0.0,2
core,missing_action,action_expansion,True,Fixed-Frame,21,core,1.0,0.0,0.0,1.0,0.0,0.0,0.0,2
core,missing_action,action_expansion,True,Fixed-Frame,22,core,1.0,0.0,0.0,1.0,0.0,0.0,0.0,2
core,missing_action,action_expansion,True,Fixed-Frame,23,core,1.0,0.0,0.0,1.0,0.0,0.0,0.0,2
core,missing_action,action_expansion,True,Fixed-Frame,24,core,1.0,0.0,0.0,1.0,0.0,0.0,0.0,2
core,missing_action,action_expansion,True,Fixed-Frame,25,core,1.0,0.0,0.0,1.0,0.0,0.0,0.0,2
core,missing_action,action_expansion,True,Fixed-Frame,26,core,1.0,0.0,0.0,1.0,0.0,0.0,0.0,2
core,missing_action,action_expansion,True,Fixed-Frame,27,core,1.0,0.0,0.0,1.0,0.0,0.0,0.0,2
core,missing_action,action_expansion,True,Fixed-Frame,28,core,1.0,0.0,0.0,1.0,0.0,0.0,0.0,2
core,missing_action,action_expansion,True,Fixed-Frame,29,core,1.0,0.0,0.0,1.0,0.0,0.0,0.0,2
core,missing_action,action_expansion,True,Fixed-Frame,30,core,1.0,0.0,0.0,1.0,0.0,0.0,0.0,2
core,missing_action,action_expansion,True,Fixed-Frame,31,core,1.0,0.0,0.0,1.0,0.0,0.0,0.0,2
core,missing_action,action_expansion,True,Fixed-Frame,32,core,1.0,0.0,0.0,1.0,0.0,0.0,0.0,2
core,missing_action,action_expansion,True,Fixed-Frame,33,core,1.0,0.0,0.0,1.0,0.0,0.0,0.0,2
core,missing_action,action_expansion,True,Fixed-Frame,34,core,1.0,0.0,0.0,1.0,0.0,0.0,0.0,2
core,missing_action,action_expansion,True,Fixed-Frame,35,core,1.0,0.0,0.0,1.0,0.0,0.0,0.0,2
core,missing_action,action_expansion,True,Fixed-Frame,36,core,1.0,0.0,0.0,1.0,0.0,0.0,0.0,2
core,missing_action,action_expansion,True,Fixed-Frame,37,core,1.0,0.0,0.0,1.0,0.0,0.0,0.0,2
core,missing_action,action_expansion,True,Fixed-Frame,38,core,1.0,0.0,0.0,1.0,0.0,0.0,0.0,2
core,missing_action,action_expansion,True,Fixed-Frame,39,core,1.0,0.0,0.0,1.0,0.0,0.0,0.0,2
core,missing_action,action_expansion,True,Fixed-Frame,40,core,1.0,0.0,0.0,1.0,0.0,0.0,0.0,2
core,missing_action,action_expansion,True,Fixed-Frame,41,core,1.0,0.0,0.0,1.0,0.0,0.0,0.0,2
core,missing_action,action_expansion,True,Fixed-Frame,42,core,1.0,0.0,0.0,1.0,0.0,0.0,0.0,2
core,missing_action,action_expansion,True,Fixed-Frame,43,core,1.0,0.0,0.0,1.0,0.0,0.0,0.0,2
core,missing_action,action_expansion,True,Fixed-Frame,44,core,1.0,0.0,0.0,1.0,0.0,0.0,0.0,2
core,missing_action,action_expansion,True,Fixed-Frame,45,core,1.0,0.0,0.0,1.0,0.0,0.0,0.0,2
core,missing_action,action_expansion,True,Fixed-Frame,46,core,1.0,0.0,0.0,1.0,0.0,0.0,0.0,2
core,missing_action,action_expansion,True,Fixed-Frame,47,core,1.0,0.0,0.0,1.0,0.0,0.0,0.0,2
core,missing_action,action_expansion,True,Fixed-Frame,48,core,1.0,0.0,0.0,1.0,0.0,0.0,0.0,2
core,missing_action,action_expansion,True,Fixed-Frame,49,core,1.0,0.0,0.0,1.0,0.0,0.0,0.0,2
core,missing_action,action_expansion,True,Random-Edit,0,core,1.0,0.0,0.0,1.0,0.0,0.0,0.0,2
core,missing_action,action_expansion,True,Random-Edit,1,core,0.9999944809440772,5.519086383003455e-06,0.0,0.0,1.0,1.0,0.0,2
core,missing_action,action_expansion,True,Random-Edit,2,core,1.0,0.0,0.0,1.0,0.0,0.0,0.0,2
core,missing_action,action_expansion,True,Random-Edit,3,core,0.9993130204677608,0.0006874517975535294,0.0,0.0,1.0,1.0,0.0,2
core,missing_action,action_expansion,True,Random-Edit,4,core,0.9999608917881408,3.9109741371207596e-05,0.0,0.0,1.0,1.0,0.0,2
core,missing_action,action_expansion,True,Random-Edit,5,core,0.9999971252380269,2.8747702373312576e-06,0.0,0.0,1.0,1.0,0.0,2
core,missing_action,action_expansion,True,Random-Edit,6,core,0.9999943785097246,5.621521876692658e-06,0.0,0.0,1.0,1.0,0.0,2
core,missing_action,action_expansion,True,Random-Edit,7,core,0.9999989460281014,1.053973009593894e-06,0.0,0.0,1.0,1.0,0.0,2
core,missing_action,action_expansion,True,Random-Edit,8,core,0.9999930669108187,6.933137249424279e-06,0.0,0.0,1.0,1.0,0.0,2
core,missing_action,action_expansion,True,Random-Edit,9,core,0.9999857059497983,1.4294254524526302e-05,0.0,0.0,1.0,1.0,0.0,2
core,missing_action,action_expansion,True,Random-Edit,10,core,0.9999941234280642,5.876606470058305e-06,0.0,0.0,1.0,1.0,0.0,2
core,missing_action,action_expansion,True,Random-Edit,11,core,0.9999265230903028,7.348230895015943e-05,0.0,0.0,1.0,1.0,0.0,2
core,missing_action,action_expansion,True,Random-Edit,12,core,1.0,0.0,0.0,1.0,0.0,0.0,0.0,2
core,missing_action,action_expansion,True,Random-Edit,13,core,0.9992936400875241,0.0007068592094851134,0.0,0.0,1.0,1.0,0.0,2
core,missing_action,action_expansion,True,Random-Edit,14,core,1.0,0.0,0.0,1.0,0.0,0.0,0.0,2
core,missing_action,action_expansion,True,Random-Edit,15,core,0.9999695733293118,3.0427596498581434e-05,0.0,0.0,1.0,1.0,0.0,2
core,missing_action,action_expansion,True,Random-Edit,16,core,0.9999221965115808,7.780954227319493e-05,0.0,0.0,1.0,1.0,0.0,2
core,missing_action,action_expansion,True,Random-Edit,17,core,0.9999570125967362,4.2989251260132266e-05,0.0,0.0,1.0,1.0,0.0,2
core,missing_action,action_expansion,True,Random-Edit,18,core,1.0,0.0,0.0,1.0,0.0,0.0,0.0,2
core,missing_action,action_expansion,True,Random-Edit,19,core,0.99993462471521,6.537955899722812e-05,0.0,0.0,1.0,1.0,0.0,2
core,missing_action,action_expansion,True,Random-Edit,20,core,1.0,0.0,0.0,1.0,0.0,0.0,0.0,2
core,missing_action,action_expansion,True,Random-Edit,21,core,1.0,0.0,0.0,1.0,0.0,0.0,0.0,2
core,missing_action,action_expansion,True,Random-Edit,22,core,1.0,0.0,0.0,1.0,0.0,0.0,0.0,2
core,missing_action,action_expansion,True,Random-Edit,23,core,0.9999927163649834,7.2836880683057515e-06,0.0,0.0,1.0,1.0,0.0,2
core,missing_action,action_expansion,True,Random-Edit,24,core,1.0,0.0,0.0,1.0,0.0,0.0,0.0,2
core,missing_action,action_expansion,True,Random-Edit,25,core,0.999989293268183,1.0706846452322903e-05,0.0,0.0,1.0,1.0,0.0,2
core,missing_action,action_expansion,True,Random-Edit,26,core,1.0,0.0,0.0,1.0,0.0,0.0,0.0,2
core,missing_action,action_expansion,True,Random-Edit,27,core,0.9999917297171945,8.27035120371616e-06,0.0,0.0,1.0,1.0,0.0,2
core,missing_action,action_expansion,True,Random-Edit,28,core,0.9999315200413659,6.848464845988714e-05,0.0,0.0,1.0,1.0,0.0,2
core,missing_action,action_expansion,True,Random-Edit,29,core,0.999993333203727,6.666840719475037e-06,0.0,0.0,1.0,1.0,0.0,2
core,missing_action,action_expansion,True,Random-Edit,30,core,0.9999294959346519,7.05090365218177e-05,0.0,0.0,1.0,1.0,0.0,2
core,missing_action,action_expansion,True,Random-Edit,31,core,1.0,0.0,0.0,1.0,0.0,0.0,0.0,2
core,missing_action,action_expansion,True,Random-Edit,32,core,1.0,0.0,0.0,1.0,0.0,0.0,0.0,2
core,missing_action,action_expansion,True,Random-Edit,33,core,1.0,0.0,0.0,1.0,0.0,0.0,0.0,2
core,missing_action,action_expansion,True,Random-Edit,34,core,1.0,0.0,0.0,1.0,0.0,0.0,0.0,2
core,missing_action,action_expansion,True,Random-Edit,35,core,1.0,0.0,0.0,1.0,0.0,0.0,0.0,2
core,missing_action,action_expansion,True,Random-Edit,36,core,0.9999696891304923,3.031178828416564e-05,0.0,0.0,1.0,1.0,0.0,2
core,missing_action,action_expansion,True,Random-Edit,37,core,0.9998894684253541,0.00011054379322543681,0.0,0.0,1.0,1.0,0.0,2
core,missing_action,action_expansion,True,Random-Edit,38,core,1.0,0.0,0.0,1.0,0.0,0.0,0.0,2
core,missing_action,action_expansion,True,Random-Edit,39,core,1.0,0.0,0.0,1.0,0.0,0.0,0.0,2
core,missing_action,action_expansion,True,Random-Edit,40,core,1.0,0.0,0.0,1.0,0.0,0.0,0.0,2
core,missing_action,action_expansion,True,Random-Edit,41,core,1.0,0.0,0.0,1.0,0.0,0.0,0.0,2
core,missing_action,action_expansion,True,Random-Edit,42,core,1.0,0.0,0.0,1.0,0.0,0.0,0.0,2
core,missing_action,action_expansion,True,Random-Edit,43,core,1.0,0.0,0.0,1.0,0.0,0.0,0.0,2
core,missing_action,action_expansion,True,Random-Edit,44,core,1.0,0.0,0.0,1.0,0.0,0.0,0.0,2
core,missing_action,action_expansion,True,Random-Edit,45,core,0.9999999731295927,2.6870408220092157e-08,0.0,0.0,1.0,1.0,0.0,2
core,missing_action,action_expansion,True,Random-Edit,46,core,1.0,0.0,0.0,1.0,0.0,0.0,0.0,2
core,missing_action,action_expansion,True,Random-Edit,47,core,1.0,0.0,0.0,1.0,0.0,0.0,0.0,2
core,missing_action,action_expansion,True,Random-Edit,48,core,1.0,0.0,0.0,1.0,0.0,0.0,0.0,2
core,missing_action,action_expansion,True,Random-Edit,49,core,0.9999878154739553,1.2184674509112586e-05,0.0,0.0,1.0,1.0,0.0,2
core,missing_action,action_expansion,True,Flat-Search,0,core,1.0,0.0,0.0,1.0,0.0,0.0,0.0,2
core,missing_action,action_expansion,True,Flat-Search,1,core,1.0,0.0,0.0,1.0,0.0,0.0,0.0,2
core,missing_action,action_expansion,True,Flat-Search,2,core,1.0,0.0,0.0,1.0,0.0,0.0,0.0,2
core,missing_action,action_expansion,True,Flat-Search,3,core,1.0,0.0,0.0,1.0,0.0,0.0,0.0,2
core,missing_action,action_expansion,True,Flat-Search,4,core,1.0,0.0,0.0,1.0,0.0,0.0,0.0,2
core,missing_action,action_expansion,True,Flat-Search,5,core,1.0,0.0,0.0,1.0,0.0,0.0,0.0,2
core,missing_action,action_expansion,True,Flat-Search,6,core,1.0,0.0,0.0,1.0,0.0,0.0,0.0,2
core,missing_action,action_expansion,True,Flat-Search,7,core,1.0,0.0,0.0,1.0,0.0,0.0,0.0,2
core,missing_action,action_expansion,True,Flat-Search,8,core,1.0,0.0,0.0,1.0,0.0,0.0,0.0,2
core,missing_action,action_expansion,True,Flat-Search,9,core,1.0,0.0,0.0,1.0,0.0,0.0,0.0,2
core,missing_action,action_expansion,True,Flat-Search,10,core,1.0,0.0,0.0,1.0,0.0,0.0,0.0,2
core,missing_action,action_expansion,True,Flat-Search,11,core,1.0,0.0,0.0,1.0,0.0,0.0,0.0,2
core,missing_action,action_expansion,True,Flat-Search,12,core,1.0,0.0,0.0,1.0,0.0,0.0,0.0,2
core,missing_action,action_expansion,True,Flat-Search,13,core,1.0,0.0,0.0,1.0,0.0,0.0,0.0,2
core,missing_action,action_expansion,True,Flat-Search,14,core,1.0,0.0,0.0,1.0,0.0,0.0,0.0,2
core,missing_action,action_expansion,True,Flat-Search,15,core,1.0,0.0,0.0,1.0,0.0,0.0,0.0,2
core,missing_action,action_expansion,True,Flat-Search,16,core,1.0,0.0,0.0,1.0,0.0,0.0,0.0,2
core,missing_action,action_expansion,True,Flat-Search,17,core,1.0,0.0,0.0,1.0,0.0,0.0,0.0,2
core,missing_action,action_expansion,True,Flat-Search,18,core,1.0,0.0,0.0,1.0,0.0,0.0,0.0,2
core,missing_action,action_expansion,True,Flat-Search,19,core,1.0,0.0,0.0,1.0,0.0,0.0,0.0,2
core,missing_action,action_expansion,True,Flat-Search,20,core,1.0,0.0,0.0,1.0,0.0,0.0,0.0,2
core,missing_action,action_expansion,True,Flat-Search,21,core,1.0,0.0,0.0,1.0,0.0,0.0,0.0,2
core,missing_action,action_expansion,True,Flat-Search,22,core,1.0,0.0,0.0,1.0,0.0,0.0,0.0,2
core,missing_action,action_expansion,True,Flat-Search,23,core,1.0,0.0,0.0,1.0,0.0,0.0,0.0,2
core,missing_action,action_expansion,True,Flat-Search,24,core,1.0,0.0,0.0,1.0,0.0,0.0,0.0,2
core,missing_action,action_expansion,True,Flat-Search,25,core,1.0,0.0,0.0,1.0,0.0,0.0,0.0,2
core,missing_action,action_expansion,True,Flat-Search,26,core,1.0,0.0,0.0,1.0,0.0,0.0,0.0,2
core,missing_action,action_expansion,True,Flat-Search,27,core,1.0,0.0,0.0,1.0,0.0,0.0,0.0,2
core,missing_action,action_expansion,True,Flat-Search,28,core,1.0,0.0,0.0,1.0,0.0,0.0,0.0,2
core,missing_action,action_expansion,True,Flat-Search,29,core,1.0,0.0,0.0,1.0,0.0,0.0,0.0,2
core,missing_action,action_expansion,True,Flat-Search,30,core,1.0,0.0,0.0,1.0,0.0,0.0,0.0,2
core,missing_action,action_expansion,True,Flat-Search,31,core,1.0,0.0,0.0,1.0,0.0,0.0,0.0,2
core,missing_action,action_expansion,True,Flat-Search,32,core,1.0,0.0,0.0,1.0,0.0,0.0,0.0,2
core,missing_action,action_expansion,True,Flat-Search,33,core,1.0,0.0,0.0,1.0,0.0,0.0,0.0,2
core,missing_action,action_expansion,True,Flat-Search,34,core,1.0,0.0,0.0,1.0,0.0,0.0,0.0,2
core,missing_action,action_expansion,True,Flat-Search,35,core,1.0,0.0,0.0,1.0,0.0,0.0,0.0,2
core,missing_action,action_expansion,True,Flat-Search,36,core,1.0,0.0,0.0,1.0,0.0,0.0,0.0,2
core,missing_action,action_expansion,True,Flat-Search,37,core,1.0,0.0,0.0,1.0,0.0,0.0,0.0,2
core,missing_action,action_expansion,True,Flat-Search,38,core,1.0,0.0,0.0,1.0,0.0,0.0,0.0,2
core,missing_action,action_expansion,True,Flat-Search,39,core,1.0,0.0,0.0,1.0,0.0,0.0,0.0,2
core,missing_action,action_expansion,True,Flat-Search,40,core,1.0,0.0,0.0,1.0,0.0,0.0,0.0,2
core,missing_action,action_expansion,True,Flat-Search,41,core,1.0,0.0,0.0,1.0,0.0,0.0,0.0,2
core,missing_action,action_expansion,True,Flat-Search,42,core,1.0,0.0,0.0,1.0,0.0,0.0,0.0,2
core,missing_action,action_expansion,True,Flat-Search,43,core,1.0,0.0,0.0,1.0,0.0,0.0,0.0,2
core,missing_action,action_expansion,True,Flat-Search,44,core,1.0,0.0,0.0,1.0,0.0,0.0,0.0,2
core,missing_action,action_expansion,True,Flat-Search,45,core,1.0,0.0,0.0,1.0,0.0,0.0,0.0,2
core,missing_action,action_expansion,True,Flat-Search,46,core,1.0,0.0,0.0,1.0,0.0,0.0,0.0,2
core,missing_action,action_expansion,True,Flat-Search,47,core,1.0,0.0,0.0,1.0,0.0,0.0,0.0,2
core,missing_action,action_expansion,True,Flat-Search,48,core,1.0,0.0,0.0,1.0,0.0,0.0,0.0,2
core,missing_action,action_expansion,True,Flat-Search,49,core,1.0,0.0,0.0,1.0,0.0,0.0,0.0,2
core,missing_action,action_expansion,True,MDL-Flat,0,core,1.0,0.0,0.0,1.0,0.0,0.0,0.0,2
core,missing_action,action_expansion,True,MDL-Flat,1,core,1.0,0.0,0.0,1.0,0.0,0.0,0.0,2
core,missing_action,action_expansion,True,MDL-Flat,2,core,1.0,0.0,0.0,1.0,0.0,0.0,0.0,2
core,missing_action,action_expansion,True,MDL-Flat,3,core,1.0,0.0,0.0,1.0,0.0,0.0,0.0,2
core,missing_action,action_expansion,True,MDL-Flat,4,core,1.0,0.0,0.0,1.0,0.0,0.0,0.0,2
core,missing_action,action_expansion,True,MDL-Flat,5,core,1.0,0.0,0.0,1.0,0.0,0.0,0.0,2
core,missing_action,action_expansion,True,MDL-Flat,6,core,1.0,0.0,0.0,1.0,0.0,0.0,0.0,2
core,missing_action,action_expansion,True,MDL-Flat,7,core,1.0,0.0,0.0,1.0,0.0,0.0,0.0,2
core,missing_action,action_expansion,True,MDL-Flat,8,core,1.0,0.0,0.0,1.0,0.0,0.0,0.0,2
core,missing_action,action_expansion,True,MDL-Flat,9,core,1.0,0.0,0.0,1.0,0.0,0.0,0.0,2
core,missing_action,action_expansion,True,MDL-Flat,10,core,1.0,0.0,0.0,1.0,0.0,0.0,0.0,2
core,missing_action,action_expansion,True,MDL-Flat,11,core,1.0,0.0,0.0,1.0,0.0,0.0,0.0,2
core,missing_action,action_expansion,True,MDL-Flat,12,core,1.0,0.0,0.0,1.0,0.0,0.0,0.0,2
core,missing_action,action_expansion,True,MDL-Flat,13,core,1.0,0.0,0.0,1.0,0.0,0.0,0.0,2
core,missing_action,action_expansion,True,MDL-Flat,14,core,1.0,0.0,0.0,1.0,0.0,0.0,0.0,2
core,missing_action,action_expansion,True,MDL-Flat,15,core,1.0,0.0,0.0,1.0,0.0,0.0,0.0,2
core,missing_action,action_expansion,True,MDL-Flat,16,core,1.0,0.0,0.0,1.0,0.0,0.0,0.0,2
core,missing_action,action_expansion,True,MDL-Flat,17,core,1.0,0.0,0.0,1.0,0.0,0.0,0.0,2
core,missing_action,action_expansion,True,MDL-Flat,18,core,1.0,0.0,0.0,1.0,0.0,0.0,0.0,2
core,missing_action,action_expansion,True,MDL-Flat,19,core,1.0,0.0,0.0,1.0,0.0,0.0,0.0,2
core,missing_action,action_expansion,True,MDL-Flat,20,core,1.0,0.0,0.0,1.0,0.0,0.0,0.0,2
core,missing_action,action_expansion,True,MDL-Flat,21,core,1.0,0.0,0.0,1.0,0.0,0.0,0.0,2
core,missing_action,action_expansion,True,MDL-Flat,22,core,1.0,0.0,0.0,1.0,0.0,0.0,0.0,2
core,missing_action,action_expansion,True,MDL-Flat,23,core,1.0,0.0,0.0,1.0,0.0,0.0,0.0,2
core,missing_action,action_expansion,True,MDL-Flat,24,core,1.0,0.0,0.0,1.0,0.0,0.0,0.0,2
core,missing_action,action_expansion,True,MDL-Flat,25,core,1.0,0.0,0.0,1.0,0.0,0.0,0.0,2
core,missing_action,action_expansion,True,MDL-Flat,26,core,1.0,0.0,0.0,1.0,0.0,0.0,0.0,2
core,missing_action,action_expansion,True,MDL-Flat,27,core,1.0,0.0,0.0,1.0,0.0,0.0,0.0,2
core,missing_action,action_expansion,True,MDL-Flat,28,core,1.0,0.0,0.0,1.0,0.0,0.0,0.0,2
core,missing_action,action_expansion,True,MDL-Flat,29,core,1.0,0.0,0.0,1.0,0.0,0.0,0.0,2
core,missing_action,action_expansion,True,MDL-Flat,30,core,1.0,0.0,0.0,1.0,0.0,0.0,0.0,2
core,missing_action,action_expansion,True,MDL-Flat,31,core,1.0,0.0,0.0,1.0,0.0,0.0,0.0,2
core,missing_action,action_expansion,True,MDL-Flat,32,core,1.0,0.0,0.0,1.0,0.0,0.0,0.0,2
core,missing_action,action_expansion,True,MDL-Flat,33,core,1.0,0.0,0.0,1.0,0.0,0.0,0.0,2
core,missing_action,action_expansion,True,MDL-Flat,34,core,1.0,0.0,0.0,1.0,0.0,0.0,0.0,2
core,missing_action,action_expansion,True,MDL-Flat,35,core,1.0,0.0,0.0,1.0,0.0,0.0,0.0,2
core,missing_action,action_expansion,True,MDL-Flat,36,core,1.0,0.0,0.0,1.0,0.0,0.0,0.0,2
core,missing_action,action_expansion,True,MDL-Flat,37,core,1.0,0.0,0.0,1.0,0.0,0.0,0.0,2
core,missing_action,action_expansion,True,MDL-Flat,38,core,1.0,0.0,0.0,1.0,0.0,0.0,0.0,2
core,missing_action,action_expansion,True,MDL-Flat,39,core,1.0,0.0,0.0,1.0,0.0,0.0,0.0,2
core,missing_action,action_expansion,True,MDL-Flat,40,core,1.0,0.0,0.0,1.0,0.0,0.0,0.0,2
core,missing_action,action_expansion,True,MDL-Flat,41,core,1.0,0.0,0.0,1.0,0.0,0.0,0.0,2
core,missing_action,action_expansion,True,MDL-Flat,42,core,1.0,0.0,0.0,1.0,0.0,0.0,0.0,2
core,missing_action,action_expansion,True,MDL-Flat,43,core,1.0,0.0,0.0,1.0,0.0,0.0,0.0,2
core,missing_action,action_expansion,True,MDL-Flat,44,core,1.0,0.0,0.0,1.0,0.0,0.0,0.0,2
core,missing_action,action_expansion,True,MDL-Flat,45,core,1.0,0.0,0.0,1.0,0.0,0.0,0.0,2
core,missing_action,action_expansion,True,MDL-Flat,46,core,1.0,0.0,0.0,1.0,0.0,0.0,0.0,2
core,missing_action,action_expansion,True,MDL-Flat,47,core,1.0,0.0,0.0,1.0,0.0,0.0,0.0,2
core,missing_action,action_expansion,True,MDL-Flat,48,core,1.0,0.0,0.0,1.0,0.0,0.0,0.0,2
core,missing_action,action_expansion,True,MDL-Flat,49,core,1.0,0.0,0.0,1.0,0.0,0.0,0.0,2
core,missing_action,action_expansion,True,EIC-NoMargin,0,core,1.0,0.0,0.0,1.0,0.0,0.0,0.0,2
core,missing_action,action_expansion,True,EIC-NoMargin,1,core,1.0,0.0,0.0,1.0,0.0,0.0,0.0,2
core,missing_action,action_expansion,True,EIC-NoMargin,2,core,1.0,0.0,0.0,1.0,0.0,0.0,0.0,2
core,missing_action,action_expansion,True,EIC-NoMargin,3,core,1.0,0.0,0.0,1.0,0.0,0.0,0.0,2
core,missing_action,action_expansion,True,EIC-NoMargin,4,core,1.0,0.0,0.0,1.0,0.0,0.0,0.0,2
core,missing_action,action_expansion,True,EIC-NoMargin,5,core,1.0,0.0,0.0,1.0,0.0,0.0,0.0,2
core,missing_action,action_expansion,True,EIC-NoMargin,6,core,1.0,0.0,0.0,1.0,0.0,0.0,0.0,2
core,missing_action,action_expansion,True,EIC-NoMargin,7,core,1.0,0.0,0.0,1.0,0.0,0.0,0.0,2
core,missing_action,action_expansion,True,EIC-NoMargin,8,core,1.0,0.0,0.0,1.0,0.0,0.0,0.0,2
core,missing_action,action_expansion,True,EIC-NoMargin,9,core,1.0,0.0,0.0,1.0,0.0,0.0,0.0,2
core,missing_action,action_expansion,True,EIC-NoMargin,10,core,1.0,0.0,0.0,1.0,0.0,0.0,0.0,2
core,missing_action,action_expansion,True,EIC-NoMargin,11,core,1.0,0.0,0.0,1.0,0.0,0.0,0.0,2
core,missing_action,action_expansion,True,EIC-NoMargin,12,core,1.0,0.0,0.0,1.0,0.0,0.0,0.0,2
core,missing_action,action_expansion,True,EIC-NoMargin,13,core,1.0,0.0,0.0,1.0,0.0,0.0,0.0,2
core,missing_action,action_expansion,True,EIC-NoMargin,14,core,1.0,0.0,0.0,1.0,0.0,0.0,0.0,2
core,missing_action,action_expansion,True,EIC-NoMargin,15,core,1.0,0.0,0.0,1.0,0.0,0.0,0.0,2
core,missing_action,action_expansion,True,EIC-NoMargin,16,core,1.0,0.0,0.0,1.0,0.0,0.0,0.0,2
core,missing_action,action_expansion,True,EIC-NoMargin,17,core,1.0,0.0,0.0,1.0,0.0,0.0,0.0,2
core,missing_action,action_expansion,True,EIC-NoMargin,18,core,1.0,0.0,0.0,1.0,0.0,0.0,0.0,2
core,missing_action,action_expansion,True,EIC-NoMargin,19,core,1.0,0.0,0.0,1.0,0.0,0.0,0.0,2
core,missing_action,action_expansion,True,EIC-NoMargin,20,core,1.0,0.0,0.0,1.0,0.0,0.0,0.0,2
core,missing_action,action_expansion,True,EIC-NoMargin,21,core,1.0,0.0,0.0,1.0,0.0,0.0,0.0,2
core,missing_action,action_expansion,True,EIC-NoMargin,22,core,1.0,0.0,0.0,1.0,0.0,0.0,0.0,2
core,missing_action,action_expansion,True,EIC-NoMargin,23,core,1.0,0.0,0.0,1.0,0.0,0.0,0.0,2
core,missing_action,action_expansion,True,EIC-NoMargin,24,core,1.0,0.0,0.0,1.0,0.0,0.0,0.0,2
core,missing_action,action_expansion,True,EIC-NoMargin,25,core,1.0,0.0,0.0,1.0,0.0,0.0,0.0,2
core,missing_action,action_expansion,True,EIC-NoMargin,26,core,1.0,0.0,0.0,1.0,0.0,0.0,0.0,2
core,missing_action,action_expansion,True,EIC-NoMargin,27,core,1.0,0.0,0.0,1.0,0.0,0.0,0.0,2
core,missing_action,action_expansion,True,EIC-NoMargin,28,core,1.0,0.0,0.0,1.0,0.0,0.0,0.0,2
core,missing_action,action_expansion,True,EIC-NoMargin,29,core,1.0,0.0,0.0,1.0,0.0,0.0,0.0,2
core,missing_action,action_expansion,True,EIC-NoMargin,30,core,1.0,0.0,0.0,1.0,0.0,0.0,0.0,2
core,missing_action,action_expansion,True,EIC-NoMargin,31,core,1.0,0.0,0.0,1.0,0.0,0.0,0.0,2
core,missing_action,action_expansion,True,EIC-NoMargin,32,core,1.0,0.0,0.0,1.0,0.0,0.0,0.0,2
core,missing_action,action_expansion,True,EIC-NoMargin,33,core,1.0,0.0,0.0,1.0,0.0,0.0,0.0,2
core,missing_action,action_expansion,True,EIC-NoMargin,34,core,1.0,0.0,0.0,1.0,0.0,0.0,0.0,2
core,missing_action,action_expansion,True,EIC-NoMargin,35,core,1.0,0.0,0.0,1.0,0.0,0.0,0.0,2
core,missing_action,action_expansion,True,EIC-NoMargin,36,core,1.0,0.0,0.0,1.0,0.0,0.0,0.0,2
core,missing_action,action_expansion,True,EIC-NoMargin,37,core,1.0,0.0,0.0,1.0,0.0,0.0,0.0,2
core,missing_action,action_expansion,True,EIC-NoMargin,38,core,1.0,0.0,0.0,1.0,0.0,0.0,0.0,2
core,missing_action,action_expansion,True,EIC-NoMargin,39,core,1.0,0.0,0.0,1.0,0.0,0.0,0.0,2
core,missing_action,action_expansion,True,EIC-NoMargin,40,core,1.0,0.0,0.0,1.0,0.0,0.0,0.0,2
core,missing_action,action_expansion,True,EIC-NoMargin,41,core,1.0,0.0,0.0,1.0,0.0,0.0,0.0,2
core,missing_action,action_expansion,True,EIC-NoMargin,42,core,1.0,0.0,0.0,1.0,0.0,0.0,0.0,2
core,missing_action,action_expansion,True,EIC-NoMargin,43,core,1.0,0.0,0.0,1.0,0.0,0.0,0.0,2
core,missing_action,action_expansion,True,EIC-NoMargin,44,core,1.0,0.0,0.0,1.0,0.0,0.0,0.0,2
core,missing_action,action_expansion,True,EIC-NoMargin,45,core,1.0,0.0,0.0,1.0,0.0,0.0,0.0,2
core,missing_action,action_expansion,True,EIC-NoMargin,46,core,1.0,0.0,0.0,1.0,0.0,0.0,0.0,2
core,missing_action,action_expansion,True,EIC-NoMargin,47,core,1.0,0.0,0.0,1.0,0.0,0.0,0.0,2
core,missing_action,action_expansion,True,EIC-NoMargin,48,core,1.0,0.0,0.0,1.0,0.0,0.0,0.0,2
core,missing_action,action_expansion,True,EIC-NoMargin,49,core,1.0,0.0,0.0,1.0,0.0,0.0,0.0,2
core,missing_action,action_expansion,True,EIC-NoCost,0,core,1.0,0.0,0.0,1.0,0.0,0.0,0.0,2
core,missing_action,action_expansion,True,EIC-NoCost,1,core,1.0,0.0,0.0,1.0,0.0,0.0,0.0,2
core,missing_action,action_expansion,True,EIC-NoCost,2,core,1.0,0.0,0.0,1.0,0.0,0.0,0.0,2
core,missing_action,action_expansion,True,EIC-NoCost,3,core,1.0,0.0,0.0,1.0,0.0,0.0,0.0,2
core,missing_action,action_expansion,True,EIC-NoCost,4,core,1.0,0.0,0.0,1.0,0.0,0.0,0.0,2
core,missing_action,action_expansion,True,EIC-NoCost,5,core,1.0,0.0,0.0,1.0,0.0,0.0,0.0,2
core,missing_action,action_expansion,True,EIC-NoCost,6,core,1.0,0.0,0.0,1.0,0.0,0.0,0.0,2
core,missing_action,action_expansion,True,EIC-NoCost,7,core,1.0,0.0,0.0,1.0,0.0,0.0,0.0,2
core,missing_action,action_expansion,True,EIC-NoCost,8,core,1.0,0.0,0.0,1.0,0.0,0.0,0.0,2
core,missing_action,action_expansion,True,EIC-NoCost,9,core,1.0,0.0,0.0,1.0,0.0,0.0,0.0,2
core,missing_action,action_expansion,True,EIC-NoCost,10,core,1.0,0.0,0.0,1.0,0.0,0.0,0.0,2
core,missing_action,action_expansion,True,EIC-NoCost,11,core,1.0,0.0,0.0,1.0,0.0,0.0,0.0,2
core,missing_action,action_expansion,True,EIC-NoCost,12,core,1.0,0.0,0.0,1.0,0.0,0.0,0.0,2
core,missing_action,action_expansion,True,EIC-NoCost,13,core,1.0,0.0,0.0,1.0,0.0,0.0,0.0,2
core,missing_action,action_expansion,True,EIC-NoCost,14,core,1.0,0.0,0.0,1.0,0.0,0.0,0.0,2
core,missing_action,action_expansion,True,EIC-NoCost,15,core,1.0,0.0,0.0,1.0,0.0,0.0,0.0,2
core,missing_action,action_expansion,True,EIC-NoCost,16,core,1.0,0.0,0.0,1.0,0.0,0.0,0.0,2
core,missing_action,action_expansion,True,EIC-NoCost,17,core,1.0,0.0,0.0,1.0,0.0,0.0,0.0,2
core,missing_action,action_expansion,True,EIC-NoCost,18,core,1.0,0.0,0.0,1.0,0.0,0.0,0.0,2
core,missing_action,action_expansion,True,EIC-NoCost,19,core,1.0,0.0,0.0,1.0,0.0,0.0,0.0,2
core,missing_action,action_expansion,True,EIC-NoCost,20,core,1.0,0.0,0.0,1.0,0.0,0.0,0.0,2
core,missing_action,action_expansion,True,EIC-NoCost,21,core,1.0,0.0,0.0,1.0,0.0,0.0,0.0,2
core,missing_action,action_expansion,True,EIC-NoCost,22,core,1.0,0.0,0.0,1.0,0.0,0.0,0.0,2
core,missing_action,action_expansion,True,EIC-NoCost,23,core,1.0,0.0,0.0,1.0,0.0,0.0,0.0,2
core,missing_action,action_expansion,True,EIC-NoCost,24,core,1.0,0.0,0.0,1.0,0.0,0.0,0.0,2
core,missing_action,action_expansion,True,EIC-NoCost,25,core,1.0,0.0,0.0,1.0,0.0,0.0,0.0,2
core,missing_action,action_expansion,True,EIC-NoCost,26,core,1.0,0.0,0.0,1.0,0.0,0.0,0.0,2
core,missing_action,action_expansion,True,EIC-NoCost,27,core,1.0,0.0,0.0,1.0,0.0,0.0,0.0,2
core,missing_action,action_expansion,True,EIC-NoCost,28,core,1.0,0.0,0.0,1.0,0.0,0.0,0.0,2
core,missing_action,action_expansion,True,EIC-NoCost,29,core,1.0,0.0,0.0,1.0,0.0,0.0,0.0,2
core,missing_action,action_expansion,True,EIC-NoCost,30,core,1.0,0.0,0.0,1.0,0.0,0.0,0.0,2
core,missing_action,action_expansion,True,EIC-NoCost,31,core,1.0,0.0,0.0,1.0,0.0,0.0,0.0,2
core,missing_action,action_expansion,True,EIC-NoCost,32,core,1.0,0.0,0.0,1.0,0.0,0.0,0.0,2
core,missing_action,action_expansion,True,EIC-NoCost,33,core,1.0,0.0,0.0,1.0,0.0,0.0,0.0,2
core,missing_action,action_expansion,True,EIC-NoCost,34,core,1.0,0.0,0.0,1.0,0.0,0.0,0.0,2
core,missing_action,action_expansion,True,EIC-NoCost,35,core,1.0,0.0,0.0,1.0,0.0,0.0,0.0,2
core,missing_action,action_expansion,True,EIC-NoCost,36,core,1.0,0.0,0.0,1.0,0.0,0.0,0.0,2
core,missing_action,action_expansion,True,EIC-NoCost,37,core,1.0,0.0,0.0,1.0,0.0,0.0,0.0,2
core,missing_action,action_expansion,True,EIC-NoCost,38,core,1.0,0.0,0.0,1.0,0.0,0.0,0.0,2
core,missing_action,action_expansion,True,EIC-NoCost,39,core,1.0,0.0,0.0,1.0,0.0,0.0,0.0,2
core,missing_action,action_expansion,True,EIC-NoCost,40,core,1.0,0.0,0.0,1.0,0.0,0.0,0.0,2
core,missing_action,action_expansion,True,EIC-NoCost,41,core,1.0,0.0,0.0,1.0,0.0,0.0,0.0,2
core,missing_action,action_expansion,True,EIC-NoCost,42,core,1.0,0.0,0.0,1.0,0.0,0.0,0.0,2
core,missing_action,action_expansion,True,EIC-NoCost,43,core,1.0,0.0,0.0,1.0,0.0,0.0,0.0,2
core,missing_action,action_expansion,True,EIC-NoCost,44,core,1.0,0.0,0.0,1.0,0.0,0.0,0.0,2
core,missing_action,action_expansion,True,EIC-NoCost,45,core,1.0,0.0,0.0,1.0,0.0,0.0,0.0,2
core,missing_action,action_expansion,True,EIC-NoCost,46,core,1.0,0.0,0.0,1.0,0.0,0.0,0.0,2
core,missing_action,action_expansion,True,EIC-NoCost,47,core,1.0,0.0,0.0,1.0,0.0,0.0,0.0,2
core,missing_action,action_expansion,True,EIC-NoCost,48,core,1.0,0.0,0.0,1.0,0.0,0.0,0.0,2
core,missing_action,action_expansion,True,EIC-NoCost,49,core,1.0,0.0,0.0,1.0,0.0,0.0,0.0,2
core,missing_action,action_expansion,True,EIC-Greedy,0,core,1.0,0.0,0.0,1.0,0.0,0.0,0.0,2
core,missing_action,action_expansion,True,EIC-Greedy,1,core,1.0,0.0,0.0,1.0,0.0,0.0,0.0,2
core,missing_action,action_expansion,True,EIC-Greedy,2,core,1.0,0.0,0.0,1.0,0.0,0.0,0.0,2
core,missing_action,action_expansion,True,EIC-Greedy,3,core,1.0,0.0,0.0,1.0,0.0,0.0,0.0,2
core,missing_action,action_expansion,True,EIC-Greedy,4,core,1.0,0.0,0.0,1.0,0.0,0.0,0.0,2
core,missing_action,action_expansion,True,EIC-Greedy,5,core,1.0,0.0,0.0,1.0,0.0,0.0,0.0,2
core,missing_action,action_expansion,True,EIC-Greedy,6,core,1.0,0.0,0.0,1.0,0.0,0.0,0.0,2
core,missing_action,action_expansion,True,EIC-Greedy,7,core,1.0,0.0,0.0,1.0,0.0,0.0,0.0,2
core,missing_action,action_expansion,True,EIC-Greedy,8,core,1.0,0.0,0.0,1.0,0.0,0.0,0.0,2
core,missing_action,action_expansion,True,EIC-Greedy,9,core,1.0,0.0,0.0,1.0,0.0,0.0,0.0,2
core,missing_action,action_expansion,True,EIC-Greedy,10,core,1.0,0.0,0.0,1.0,0.0,0.0,0.0,2
core,missing_action,action_expansion,True,EIC-Greedy,11,core,1.0,0.0,0.0,1.0,0.0,0.0,0.0,2
core,missing_action,action_expansion,True,EIC-Greedy,12,core,1.0,0.0,0.0,1.0,0.0,0.0,0.0,2
core,missing_action,action_expansion,True,EIC-Greedy,13,core,1.0,0.0,0.0,1.0,0.0,0.0,0.0,2
core,missing_action,action_expansion,True,EIC-Greedy,14,core,1.0,0.0,0.0,1.0,0.0,0.0,0.0,2
core,missing_action,action_expansion,True,EIC-Greedy,15,core,1.0,0.0,0.0,1.0,0.0,0.0,0.0,2
core,missing_action,action_expansion,True,EIC-Greedy,16,core,1.0,0.0,0.0,1.0,0.0,0.0,0.0,2
core,missing_action,action_expansion,True,EIC-Greedy,17,core,1.0,0.0,0.0,1.0,0.0,0.0,0.0,2
core,missing_action,action_expansion,True,EIC-Greedy,18,core,1.0,0.0,0.0,1.0,0.0,0.0,0.0,2
core,missing_action,action_expansion,True,EIC-Greedy,19,core,1.0,0.0,0.0,1.0,0.0,0.0,0.0,2
core,missing_action,action_expansion,True,EIC-Greedy,20,core,1.0,0.0,0.0,1.0,0.0,0.0,0.0,2
core,missing_action,action_expansion,True,EIC-Greedy,21,core,1.0,0.0,0.0,1.0,0.0,0.0,0.0,2
core,missing_action,action_expansion,True,EIC-Greedy,22,core,1.0,0.0,0.0,1.0,0.0,0.0,0.0,2
core,missing_action,action_expansion,True,EIC-Greedy,23,core,1.0,0.0,0.0,1.0,0.0,0.0,0.0,2
core,missing_action,action_expansion,True,EIC-Greedy,24,core,1.0,0.0,0.0,1.0,0.0,0.0,0.0,2
core,missing_action,action_expansion,True,EIC-Greedy,25,core,1.0,0.0,0.0,1.0,0.0,0.0,0.0,2
core,missing_action,action_expansion,True,EIC-Greedy,26,core,1.0,0.0,0.0,1.0,0.0,0.0,0.0,2
core,missing_action,action_expansion,True,EIC-Greedy,27,core,1.0,0.0,0.0,1.0,0.0,0.0,0.0,2
core,missing_action,action_expansion,True,EIC-Greedy,28,core,1.0,0.0,0.0,1.0,0.0,0.0,0.0,2
core,missing_action,action_expansion,True,EIC-Greedy,29,core,1.0,0.0,0.0,1.0,0.0,0.0,0.0,2
core,missing_action,action_expansion,True,EIC-Greedy,30,core,1.0,0.0,0.0,1.0,0.0,0.0,0.0,2
core,missing_action,action_expansion,True,EIC-Greedy,31,core,1.0,0.0,0.0,1.0,0.0,0.0,0.0,2
core,missing_action,action_expansion,True,EIC-Greedy,32,core,1.0,0.0,0.0,1.0,0.0,0.0,0.0,2
core,missing_action,action_expansion,True,EIC-Greedy,33,core,1.0,0.0,0.0,1.0,0.0,0.0,0.0,2
core,missing_action,action_expansion,True,EIC-Greedy,34,core,1.0,0.0,0.0,1.0,0.0,0.0,0.0,2
core,missing_action,action_expansion,True,EIC-Greedy,35,core,1.0,0.0,0.0,1.0,0.0,0.0,0.0,2
core,missing_action,action_expansion,True,EIC-Greedy,36,core,1.0,0.0,0.0,1.0,0.0,0.0,0.0,2
core,missing_action,action_expansion,True,EIC-Greedy,37,core,1.0,0.0,0.0,1.0,0.0,0.0,0.0,2
core,missing_action,action_expansion,True,EIC-Greedy,38,core,1.0,0.0,0.0,1.0,0.0,0.0,0.0,2
core,missing_action,action_expansion,True,EIC-Greedy,39,core,1.0,0.0,0.0,1.0,0.0,0.0,0.0,2
core,missing_action,action_expansion,True,EIC-Greedy,40,core,1.0,0.0,0.0,1.0,0.0,0.0,0.0,2
core,missing_action,action_expansion,True,EIC-Greedy,41,core,1.0,0.0,0.0,1.0,0.0,0.0,0.0,2
core,missing_action,action_expansion,True,EIC-Greedy,42,core,1.0,0.0,0.0,1.0,0.0,0.0,0.0,2
core,missing_action,action_expansion,True,EIC-Greedy,43,core,1.0,0.0,0.0,1.0,0.0,0.0,0.0,2
core,missing_action,action_expansion,True,EIC-Greedy,44,core,1.0,0.0,0.0,1.0,0.0,0.0,0.0,2
core,missing_action,action_expansion,True,EIC-Greedy,45,core,1.0,0.0,0.0,1.0,0.0,0.0,0.0,2
core,missing_action,action_expansion,True,EIC-Greedy,46,core,1.0,0.0,0.0,1.0,0.0,0.0,0.0,2
core,missing_action,action_expansion,True,EIC-Greedy,47,core,1.0,0.0,0.0,1.0,0.0,0.0,0.0,2
core,missing_action,action_expansion,True,EIC-Greedy,48,core,1.0,0.0,0.0,1.0,0.0,0.0,0.0,2
core,missing_action,action_expansion,True,EIC-Greedy,49,core,1.0,0.0,0.0,1.0,0.0,0.0,0.0,2
core,missing_action,action_expansion,True,Oracle,0,core,1.0,0.0,0.0,1.0,0.0,0.0,0.0,2
core,missing_action,action_expansion,True,Oracle,1,core,1.0,0.0,0.0,1.0,0.0,0.0,0.0,2
core,missing_action,action_expansion,True,Oracle,2,core,1.0,0.0,0.0,1.0,0.0,0.0,0.0,2
core,missing_action,action_expansion,True,Oracle,3,core,1.0,0.0,0.0,1.0,0.0,0.0,0.0,2
core,missing_action,action_expansion,True,Oracle,4,core,1.0,0.0,0.0,1.0,0.0,0.0,0.0,2
core,missing_action,action_expansion,True,Oracle,5,core,1.0,0.0,0.0,1.0,0.0,0.0,0.0,2
core,missing_action,action_expansion,True,Oracle,6,core,1.0,0.0,0.0,1.0,0.0,0.0,0.0,2
core,missing_action,action_expansion,True,Oracle,7,core,1.0,0.0,0.0,1.0,0.0,0.0,0.0,2
core,missing_action,action_expansion,True,Oracle,8,core,1.0,0.0,0.0,1.0,0.0,0.0,0.0,2
core,missing_action,action_expansion,True,Oracle,9,core,1.0,0.0,0.0,1.0,0.0,0.0,0.0,2
core,missing_action,action_expansion,True,Oracle,10,core,1.0,0.0,0.0,1.0,0.0,0.0,0.0,2
core,missing_action,action_expansion,True,Oracle,11,core,1.0,0.0,0.0,1.0,0.0,0.0,0.0,2
core,missing_action,action_expansion,True,Oracle,12,core,1.0,0.0,0.0,1.0,0.0,0.0,0.0,2
core,missing_action,action_expansion,True,Oracle,13,core,1.0,0.0,0.0,1.0,0.0,0.0,0.0,2
core,missing_action,action_expansion,True,Oracle,14,core,1.0,0.0,0.0,1.0,0.0,0.0,0.0,2
core,missing_action,action_expansion,True,Oracle,15,core,1.0,0.0,0.0,1.0,0.0,0.0,0.0,2
core,missing_action,action_expansion,True,Oracle,16,core,1.0,0.0,0.0,1.0,0.0,0.0,0.0,2
core,missing_action,action_expansion,True,Oracle,17,core,1.0,0.0,0.0,1.0,0.0,0.0,0.0,2
core,missing_action,action_expansion,True,Oracle,18,core,1.0,0.0,0.0,1.0,0.0,0.0,0.0,2
core,missing_action,action_expansion,True,Oracle,19,core,1.0,0.0,0.0,1.0,0.0,0.0,0.0,2
core,missing_action,action_expansion,True,Oracle,20,core,1.0,0.0,0.0,1.0,0.0,0.0,0.0,2
core,missing_action,action_expansion,True,Oracle,21,core,1.0,0.0,0.0,1.0,0.0,0.0,0.0,2
core,missing_action,action_expansion,True,Oracle,22,core,1.0,0.0,0.0,1.0,0.0,0.0,0.0,2
core,missing_action,action_expansion,True,Oracle,23,core,1.0,0.0,0.0,1.0,0.0,0.0,0.0,2
core,missing_action,action_expansion,True,Oracle,24,core,1.0,0.0,0.0,1.0,0.0,0.0,0.0,2
core,missing_action,action_expansion,True,Oracle,25,core,1.0,0.0,0.0,1.0,0.0,0.0,0.0,2
core,missing_action,action_expansion,True,Oracle,26,core,1.0,0.0,0.0,1.0,0.0,0.0,0.0,2
core,missing_action,action_expansion,True,Oracle,27,core,1.0,0.0,0.0,1.0,0.0,0.0,0.0,2
core,missing_action,action_expansion,True,Oracle,28,core,1.0,0.0,0.0,1.0,0.0,0.0,0.0,2
core,missing_action,action_expansion,True,Oracle,29,core,1.0,0.0,0.0,1.0,0.0,0.0,0.0,2
core,missing_action,action_expansion,True,Oracle,30,core,1.0,0.0,0.0,1.0,0.0,0.0,0.0,2
core,missing_action,action_expansion,True,Oracle,31,core,1.0,0.0,0.0,1.0,0.0,0.0,0.0,2
core,missing_action,action_expansion,True,Oracle,32,core,1.0,0.0,0.0,1.0,0.0,0.0,0.0,2
core,missing_action,action_expansion,True,Oracle,33,core,1.0,0.0,0.0,1.0,0.0,0.0,0.0,2
core,missing_action,action_expansion,True,Oracle,34,core,1.0,0.0,0.0,1.0,0.0,0.0,0.0,2
core,missing_action,action_expansion,True,Oracle,35,core,1.0,0.0,0.0,1.0,0.0,0.0,0.0,2
core,missing_action,action_expansion,True,Oracle,36,core,1.0,0.0,0.0,1.0,0.0,0.0,0.0,2
core,missing_action,action_expansion,True,Oracle,37,core,1.0,0.0,0.0,1.0,0.0,0.0,0.0,2
core,missing_action,action_expansion,True,Oracle,38,core,1.0,0.0,0.0,1.0,0.0,0.0,0.0,2
core,missing_action,action_expansion,True,Oracle,39,core,1.0,0.0,0.0,1.0,0.0,0.0,0.0,2
core,missing_action,action_expansion,True,Oracle,40,core,1.0,0.0,0.0,1.0,0.0,0.0,0.0,2
core,missing_action,action_expansion,True,Oracle,41,core,1.0,0.0,0.0,1.0,0.0,0.0,0.0,2
core,missing_action,action_expansion,True,Oracle,42,core,1.0,0.0,0.0,1.0,0.0,0.0,0.0,2
core,missing_action,action_expansion,True,Oracle,43,core,1.0,0.0,0.0,1.0,0.0,0.0,0.0,2
core,missing_action,action_expansion,True,Oracle,44,core,1.0,0.0,0.0,1.0,0.0,0.0,0.0,2
core,missing_action,action_expansion,True,Oracle,45,core,1.0,0.0,0.0,1.0,0.0,0.0,0.0,2
core,missing_action,action_expansion,True,Oracle,46,core,1.0,0.0,0.0,1.0,0.0,0.0,0.0,2
core,missing_action,action_expansion,True,Oracle,47,core,1.0,0.0,0.0,1.0,0.0,0.0,0.0,2
core,missing_action,action_expansion,True,Oracle,48,core,1.0,0.0,0.0,1.0,0.0,0.0,0.0,2
core,missing_action,action_expansion,True,Oracle,49,core,1.0,0.0,0.0,1.0,0.0,0.0,0.0,2
