suite,benchmark,defect,control,method,seed,level,performance,loss,initial_loss,frame_recovered,reframe_cost,reframed,fde,candidates
scaling,hidden_variable,variable_addition,False,Fixed-Frame,0,L2-k2,0.6072671307230225,3.9123234296728358,3.9123234296728358,0.0,0.0,0.0,0.0,3
scaling,hidden_variable,variable_addition,False,Fixed-Frame,1,L2-k2,0.6282798655291287,3.464931565210815,3.464931565210815,0.0,0.0,0.0,0.0,3
scaling,hidden_variable,variable_addition,False,Fixed-Frame,2,L2-k2,0.6151815051148207,4.799497055733859,4.799497055733859,0.0,0.0,0.0,0.0,3
scaling,hidden_variable,variable_addition,False,Fixed-Frame,3,L2-k2,0.6259299268207843,4.858779508014402,4.858779508014402,0.0,0.0,0.0,0.0,3
scaling,hidden_variable,variable_addition,False,Fixed-Frame,4,L2-k2,0.6026964863373602,4.04975676312358,4.04975676312358,0.0,0.0,0.0,0.0,3
scaling,hidden_variable,variable_addition,False,Fixed-Frame,5,L2-k2,0.5470448339106655,4.104066775414324,4.104066775414324,0.0,0.0,0.0,0.0,3
scaling,hidden_variable,variable_addition,False,Fixed-Frame,6,L2-k2,0.5659547104512895,4.826625544811535,4.826625544811535,0.0,0.0,0.0,0.0,3
scaling,hidden_variable,variable_addition,False,Fixed-Frame,7,L2-k2,0.6139415227502175,4.5240181197334834,4.5240181197334834,0.0,0.0,0.0,0.0,3
scaling,hidden_variable,variable_addition,False,Fixed-Frame,8,L2-k2,0.6322552958092764,4.003370185382815,4.003370185382815,0.0,0.0,0.0,0.0,3
scaling,hidden_variable,variable_addition,False,Fixed-Frame,9,L2-k2,0.6131139845707312,3.7876292144728545,3.7876292144728545,0.0,0.0,0.0,0.0,3
scaling,hidden_variable,variable_addition,False,Fixed-Frame,10,L2-k2,0.6224191850962435,4.579862894329986,4.579862894329986,0.0,0.0,0.0,0.0,3
scaling,hidden_variable,variable_addition,False,Fixed-Frame,11,L2-k2,0.6328837755718392,3.721260931920272,3.721260931920272,0.0,0.0,0.0,0.0,3
scaling,hidden_variable,variable_addition,False,Fixed-Frame,12,L2-k2,0.5954587854394859,4.597103687589242,4.597103687589242,0.0,0.0,0.0,0.0,3
scaling,hidden_variable,variable_addition,False,Fixed-Frame,13,L2-k2,0.6005627187618734,3.8530889416672527,3.8530889416672527,0.0,0.0,0.0,0.0,3
scaling,hidden_variable,variable_addition,False,Fixed-Frame,14,L2-k2,0.6110394505207712,4.15905176778095,4.15905176778095,0.0,0.0,0.0,0.0,3
scaling,hidden_variable,variable_addition,False,Fixed-Frame,15,L2-k2,0.6243443508867721,3.2923568819397024,3.2923568819397024,0.0,0.0,0.0,0.0,3
scaling,hidden_variable,variable_addition,False,Fixed-Frame,16,L2-k2,0.5989934336606022,4.278105731026858,4.278105731026858,0.0,0.0,0.0,0.0,3
scaling,hidden_variable,variable_addition,False,Fixed-Frame,17,L2-k2,0.6630792841469607,3.3502098653396857,3.3502098653396857,0.0,0.0,0.0,0.0,3
scaling,hidden_variable,variable_addition,False,Fixed-Frame,18,L2-k2,0.6020813338897918,4.820924595579319,4.820924595579319,0.0,0.0,0.0,0.0,3
scaling,hidden_variable,variable_addition,False,Fixed-Frame,19,L2-k2,0.5705835296115841,5.055682152882108,5.055682152882108,0.0,0.0,0.0,0.0,3
scaling,hidden_variable,variable_addition,False,Fixed-Frame,20,L2-k2,0.6063614078479443,3.905465941837102,3.905465941837102,0.0,0.0,0.0,0.0,3
scaling,hidden_variable,variable_addition,False,Fixed-Frame,21,L2-k2,0.5557974188599478,4.938604488929355,4.938604488929355,0.0,0.0,0.0,0.0,3
scaling,hidden_variable,variable_addition,False,Fixed-Frame,22,L2-k2,0.5988953232511224,4.175390629782365,4.175390629782365,0.0,0.0,0.0,0.0,3
scaling,hidden_variable,variable_addition,False,Fixed-Frame,23,L2-k2,0.5820457545833965,4.152766564194727,4.152766564194727,0.0,0.0,0.0,0.0,3
scaling,hidden_variable,variable_addition,False,Fixed-Frame,24,L2-k2,0.610378069195497,4.484141980020044,4.484141980020044,0.0,0.0,0.0,0.0,3
scaling,hidden_variable,variable_addition,False,Fixed-Frame,25,L2-k2,0.6276271282816509,4.9956791285382876,4.9956791285382876,0.0,0.0,0.0,0.0,3
scaling,hidden_variable,variable_addition,False,Fixed-Frame,26,L2-k2,0.5817986028559584,4.8931282965780305,4.8931282965780305,0.0,0.0,0.0,0.0,3
scaling,hidden_variable,variable_addition,False,Fixed-Frame,27,L2-k2,0.641126600264207,3.8833394427580306,3.8833394427580306,0.0,0.0,0.0,0.0,3
scaling,hidden_variable,variable_addition,False,Fixed-Frame,28,L2-k2,0.6298782905839255,4.005543154229076,4.005543154229076,0.0,0.0,0.0,0.0,3
scaling,hidden_variable,variable_addition,False,Fixed-Frame,29,L2-k2,0.6243371431073602,4.140580588653087,4.140580588653087,0.0,0.0,0.0,0.0,3
scaling,hidden_variable,variable_addition,False,Fixed-Frame,30,L2-k2,0.6168272268060233,4.10339745620134,4.10339745620134,0.0,0.0,0.0,0.0,3
scaling,hidden_variable,variable_addition,False,Fixed-Frame,31,L2-k2,0.6152437856879727,4.385326787334262,4.385326787334262,0.0,0.0,0.0,0.0,3
scaling,hidden_variable,variable_addition,False,Fixed-Frame,32,L2-k2,0.5943274960664383,4.841903066870484,4.841903066870484,0.0,0.0,0.0,0.0,3
scaling,hidden_variable,variable_addition,False,Fixed-Frame,33,L2-k2,0.5524051640452545,4.226475341947956,4.226475341947956,0.0,0.0,0.0,0.0,3
scaling,hidden_variable,variable_addition,False,Fixed-Frame,34,L2-k2,0.6426165529558776,3.809703066116074,3.809703066116074,0.0,0.0,0.0,0.0,3
scaling,hidden_variable,variable_addition,False,Fixed-Frame,35,L2-k2,0.5990274085996731,4.530554713130812,4.530554713130812,0.0,0.0,0.0,0.0,3
scaling,hidden_variable,variable_addition,False,Fixed-Frame,36,L2-k2,0.600825471269938,4.692184817562557,4.692184817562557,0.0,0.0,0.0,0.0,3
scaling,hidden_variable,variable_addition,False,Fixed-Frame,37,L2-k2,0.6184299216656606,5.106993685436248,5.106993685436248,0.0,0.0,0.0,0.0,3
scaling,hidden_variable,variable_addition,False,Fixed-Frame,38,L2-k2,0.6246678493843248,3.7221045249193576,3.7221045249193576,0.0,0.0,0.0,0.0,3
scaling,hidden_variable,variable_addition,False,Fixed-Frame,39,L2-k2,0.6207103507054177,3.9507260790795335,3.9507260790795335,0.0,0.0,0.0,0.0,3
scaling,hidden_variable,variable_addition,False,Random-Edit,0,L2-k2,0.6072671307230225,3.9123234296728358,3.9123234296728358,0.0,0.0,0.0,0.0,3
scaling,hidden_variable,variable_addition,False,Random-Edit,1,L2-k2,0.6303125550665937,3.4348712403419555,3.464931565210815,0.0,1.0,1.0,0.001016344768732469,3
scaling,hidden_variable,variable_addition,False,Random-Edit,2,L2-k2,0.6151815051148207,4.799497055733859,4.799497055733859,0.0,0.0,0.0,0.0,3
scaling,hidden_variable,variable_addition,False,Random-Edit,3,L2-k2,0.6265383785999665,4.846165511313315,4.858779508014402,0.0,1.0,1.0,0.0003042258895911143,3
scaling,hidden_variable,variable_addition,False,Random-Edit,4,L2-k2,0.953533658949134,0.299369561272606,4.04975676312358,1.0,1.0,1.0,0.17541858630588691,3
scaling,hidden_variable,variable_addition,False,Random-Edit,5,L2-k2,0.5477038373273032,4.093164903289082,4.104066775414324,0.0,1.0,1.0,0.00032950170831885783,3
scaling,hidden_variable,variable_addition,False,Random-Edit,6,L2-k2,0.9543866793773468,0.3007859590657908,4.826625544811535,1.0,1.0,1.0,0.19421598446302862,3
scaling,hidden_variable,variable_addition,False,Random-Edit,7,L2-k2,0.6139415227502175,4.5240181197334834,4.5240181197334834,0.0,0.0,0.0,0.0,3
scaling,hidden_variable,variable_addition,False,Random-Edit,8,L2-k2,0.6324919046891789,3.9992977388465714,4.003370185382815,0.0,1.0,1.0,0.00011830443995125561,3
scaling,hidden_variable,variable_addition,False,Random-Edit,9,L2-k2,0.9553126848353808,0.2807788341117192,3.7876292144728545,1.0,1.0,1.0,0.1710993501323248,3
scaling,hidden_variable,variable_addition,False,Random-Edit,10,L2-k2,0.9651935903497749,0.2722515281659424,4.579862894329986,1.0,1.0,1.0,0.1713872026267657,3
scaling,hidden_variable,variable_addition,False,Random-Edit,11,L2-k2,0.9633832041405995,0.24383260358953696,3.721260931920272,1.0,1.0,1.0,0.16524971428438018,3
scaling,hidden_variable,variable_addition,False,Random-Edit,12,L2-k2,0.5950542364860851,4.6048293558526145,4.597103687589242,0.0,1.0,1.0,0.0,3
scaling,hidden_variable,variable_addition,False,Random-Edit,13,L2-k2,0.6018742431077996,3.832069022794193,3.8530889416672527,0.0,1.0,1.0,0.0006557621729630925,3
scaling,hidden_variable,variable_addition,False,Random-Edit,14,L2-k2,0.9595855421627613,0.2751763353654746,4.15905176778095,1.0,1.0,1.0,0.174273045820995,3
scaling,hidden_variable,variable_addition,False,Random-Edit,15,L2-k2,0.6243443508867721,3.2923568819397024,3.2923568819397024,0.0,0.0,0.0,0.0,3
scaling,hidden_variable,variable_addition,False,Random-Edit,16,L2-k2,0.5989934336606022,4.278105731026858,4.278105731026858,0.0,0.0,0.0,0.0,3
scaling,hidden_variable,variable_addition,False,Random-Edit,17,L2-k2,0.9580478002637621,0.2887202984607257,3.3502098653396857,1.0,1.0,1.0,0.1474842580584007,3
scaling,hidden_variable,variable_addition,False,Random-Edit,18,L2-k2,0.6020813338897918,4.820924595579319,4.820924595579319,0.0,0.0,0.0,0.0,3
scaling,hidden_variable,variable_addition,False,Random-Edit,19,L2-k2,0.9523690198397246,0.33597313723315886,5.055682152882108,1.0,1.0,1.0,0.19089274511407023,3
scaling,hidden_variable,variable_addition,False,Random-Edit,20,L2-k2,0.954792000540594,0.2848480527625534,3.905465941837102,1.0,1.0,1.0,0.17421529634632482,3
scaling,hidden_variable,variable_addition,False,Random-Edit,21,L2-k2,0.5557974188599478,4.938604488929355,4.938604488929355,0.0,0.0,0.0,0.0,3
scaling,hidden_variable,variable_addition,False,Random-Edit,22,L2-k2,0.9558323214662144,0.28808004044539387,4.175390629782365,1.0,1.0,1.0,0.17846849910754603,3
scaling,hidden_variable,variable_addition,False,Random-Edit,23,L2-k2,0.9489880551321597,0.31086873051789,4.152766564194727,1.0,1.0,1.0,0.1834711502743816,3
scaling,hidden_variable,variable_addition,False,Random-Edit,24,L2-k2,0.6103523851208488,4.484626285338487,4.484141980020044,0.0,1.0,1.0,0.0,3
scaling,hidden_variable,variable_addition,False,Random-Edit,25,L2-k2,0.968892804724808,0.27033565779182195,4.9956791285382876,1.0,1.0,1.0,0.17063283822157854,3
scaling,hidden_variable,variable_addition,False,Random-Edit,26,L2-k2,0.5817986028559584,4.8931282965780305,4.8931282965780305,0.0,0.0,0.0,0.0,3
scaling,hidden_variable,variable_addition,False,Random-Edit,27,L2-k2,0.9601191998218443,0.2881685558446231,3.8833394427580306,1.0,1.0,1.0,0.15949629977881868,3
scaling,hidden_variable,variable_addition,False,Random-Edit,28,L2-k2,0.6293692834062796,4.014295716696173,4.005543154229076,0.0,1.0,1.0,0.0,3
scaling,hidden_variable,variable_addition,False,Random-Edit,29,L2-k2,0.9674775585854839,0.23132597303457,4.140580588653087,1.0,1.0,1.0,0.17157020773906184,3
scaling,hidden_variable,variable_addition,False,Random-Edit,30,L2-k2,0.6168272268060233,4.10339745620134,4.10339745620134,0.0,0.0,0.0,0.0,3
scaling,hidden_variable,variable_addition,False,Random-Edit,31,L2-k2,0.6152437856879727,4.385326787334262,4.385326787334262,0.0,0.0,0.0,0.0,3
scaling,hidden_variable,variable_addition,False,Random-Edit,32,L2-k2,0.5943274960664383,4.841903066870484,4.841903066870484,0.0,0.0,0.0,0.0,3
scaling,hidden_variable,variable_addition,False,Random-Edit,33,L2-k2,0.5524051640452545,4.226475341947956,4.226475341947956,0.0,0.0,0.0,0.0,3
scaling,hidden_variable,variable_addition,False,Random-Edit,34,L2-k2,0.9605678217696676,0.2812103729383187,3.809703066116074,1.0,1.0,1.0,0.158975634406895,3
scaling,hidden_variable,variable_addition,False,Random-Edit,35,L2-k2,0.9665393717368284,0.2343138326321694,4.530554713130812,1.0,1.0,1.0,0.18375598156857764,3
scaling,hidden_variable,variable_addition,False,Random-Edit,36,L2-k2,0.6004047876110366,4.70042095878307,4.692184817562557,0.0,1.0,1.0,0.0,3
scaling,hidden_variable,variable_addition,False,Random-Edit,37,L2-k2,0.6195959475004884,5.081805863525019,5.106993685436248,0.0,1.0,1.0,0.0005830129174139165,3
scaling,hidden_variable,variable_addition,False,Random-Edit,38,L2-k2,0.6225440453559591,3.755935705587087,3.7221045249193576,0.0,1.0,1.0,0.0,3
scaling,hidden_variable,variable_addition,False,Random-Edit,39,L2-k2,0.9605387574246153,0.26561388794145996,3.9507260790795335,1.0,1.0,1.0,0.16991420335959878,3
scaling,hidden_variable,variable_addition,False,Flat-Search,0,L2-k2,0.9487809082589647,0.32657520695640435,3.9123234296728358,1.0,1.0,1.0,0.17075688876797107,3
scaling,hidden_variable,variable_addition,False,Flat-Search,1,L2-k2,0.9326065187254771,0.42320536246149754,3.464931565210815,1.0,1.0,1.0,0.15216332659817416,3
scaling,hidden_variable,variable_addition,False,Flat-Search,2,L2-k2,0.9557542573030519,0.3551962004839457,4.799497055733859,1.0,1.0,1.0,0.17028637609411557,3
scaling,hidden_variable,variable_addition,False,Flat-Search,3,L2-k2,0.9642184894777822,0.3017054520887067,4.858779508014402,1.0,1.0,1.0,0.16914428132849896,3
scaling,hidden_variable,variable_addition,False,Flat-Search,4,L2-k2,0.953533658949134,0.299369561272606,4.04975676312358,1.0,1.0,1.0,0.17541858630588691,3
scaling,hidden_variable,variable_addition,False,Flat-Search,5,L2-k2,0.9449921806935988,0.28852160245192826,4.104066775414324,1.0,1.0,1.0,0.19897367339146665,3
scaling,hidden_variable,variable_addition,False,Flat-Search,6,L2-k2,0.9543866793773468,0.3007859590657908,4.826625544811535,1.0,1.0,1.0,0.19421598446302862,3
scaling,hidden_variable,variable_addition,False,Flat-Search,7,L2-k2,0.9638340115990814,0.2699580861339465,4.5240181197334834,1.0,1.0,1.0,0.17494624442443196,3
scaling,hidden_variable,variable_addition,False,Flat-Search,8,L2-k2,0.9620556445536739,0.2714680897088048,4.003370185382815,1.0,1.0,1.0,0.16490017437219873,3
scaling,hidden_variable,variable_addition,False,Flat-Search,9,L2-k2,0.9553126848353808,0.2807788341117192,3.7876292144728545,1.0,1.0,1.0,0.1710993501323248,3
scaling,hidden_variable,variable_addition,False,Flat-Search,10,L2-k2,0.9651935903497749,0.2722515281659424,4.579862894329986,1.0,1.0,1.0,0.1713872026267657,3
scaling,hidden_variable,variable_addition,False,Flat-Search,11,L2-k2,0.9633832041405995,0.24383260358953696,3.721260931920272,1.0,1.0,1.0,0.16524971428438018,3
scaling,hidden_variable,variable_addition,False,Flat-Search,12,L2-k2,0.9477570805864246,0.37299553487305814,4.597103687589242,1.0,1.0,1.0,0.17614914757346933,3
scaling,hidden_variable,variable_addition,False,Flat-Search,13,L2-k2,0.952014865450917,0.2919992883408957,3.8530889416672527,1.0,1.0,1.0,0.17572607334452178,3
scaling,hidden_variable,variable_addition,False,Flat-Search,14,L2-k2,0.9595855421627613,0.2751763353654746,4.15905176778095,1.0,1.0,1.0,0.174273045820995,3
scaling,hidden_variable,variable_addition,False,Flat-Search,15,L2-k2,0.9518745433677577,0.27665359539846357,3.2923568819397024,1.0,1.0,1.0,0.1637650962404928,3
scaling,hidden_variable,variable_addition,False,Flat-Search,16,L2-k2,0.9510065718980204,0.32921256419386186,4.278105731026858,1.0,1.0,1.0,0.1760065691187091,3
scaling,hidden_variable,variable_addition,False,Flat-Search,17,L2-k2,0.9580478002637621,0.2887202984607257,3.3502098653396857,1.0,1.0,1.0,0.1474842580584007,3
scaling,hidden_variable,variable_addition,False,Flat-Search,18,L2-k2,0.9616548332474456,0.2908590637213311,4.820924595579319,1.0,1.0,1.0,0.1797867496788269,3
scaling,hidden_variable,variable_addition,False,Flat-Search,19,L2-k2,0.9523690198397246,0.33597313723315886,5.055682152882108,1.0,1.0,1.0,0.19089274511407023,3
scaling,hidden_variable,variable_addition,False,Flat-Search,20,L2-k2,0.954792000540594,0.2848480527625534,3.905465941837102,1.0,1.0,1.0,0.17421529634632482,3
scaling,hidden_variable,variable_addition,False,Flat-Search,21,L2-k2,0.9567489357452232,0.2793434581227019,4.938604488929355,1.0,1.0,1.0,0.2004757584426377,3
scaling,hidden_variable,variable_addition,False,Flat-Search,22,L2-k2,0.9558323214662144,0.28808004044539387,4.175390629782365,1.0,1.0,1.0,0.17846849910754603,3
scaling,hidden_variable,variable_addition,False,Flat-Search,23,L2-k2,0.9489880551321597,0.31086873051789,4.152766564194727,1.0,1.0,1.0,0.1834711502743816,3
scaling,hidden_variable,variable_addition,False,Flat-Search,24,L2-k2,0.960957856080994,0.28540672255122784,4.484141980020044,1.0,1.0,1.0,0.17528989344274853,3
scaling,hidden_variable,variable_addition,False,Flat-Search,25,L2-k2,0.968892804724808,0.27033565779182195,4.9956791285382876,1.0,1.0,1.0,0.17063283822157854,3
scaling,hidden_variable,variable_addition,False,Flat-Search,26,L2-k2,0.9576823780953257,0.30079703796863483,4.8931282965780305,1.0,1.0,1.0,0.18794188761968367,3
scaling,hidden_variable,variable_addition,False,Flat-Search,27,L2-k2,0.9601191998218443,0.2881685558446231,3.8833394427580306,1.0,1.0,1.0,0.15949629977881868,3
scaling,hidden_variable,variable_addition,False,Flat-Search,28,L2-k2,0.9499122214034481,0.35943618139325284,4.005543154229076,1.0,1.0,1.0,0.1600169654097613,3
scaling,hidden_variable,variable_addition,False,Flat-Search,29,L2-k2,0.9674775585854839,0.23132597303457,4.140580588653087,1.0,1.0,1.0,0.17157020773906184,3
scaling,hidden_variable,variable_addition,False,Flat-Search,30,L2-k2,0.9570032723731079,0.2967798827634843,4.10339745620134,1.0,1.0,1.0,0.1700880227835423,3
scaling,hidden_variable,variable_addition,False,Flat-Search,31,L2-k2,0.95875590158318,0.3016597167130371,4.385326787334262,1.0,1.0,1.0,0.17175605794760368,3
scaling,hidden_variable,variable_addition,False,Flat-Search,32,L2-k2,0.9585375601711409,0.30684006074722786,4.841903066870484,1.0,1.0,1.0,0.1821050320523513,3
scaling,hidden_variable,variable_addition,False,Flat-Search,33,L2-k2,0.9481572292821973,0.2852061233879555,4.226475341947956,1.0,1.0,1.0,0.19787603261847136,3
scaling,hidden_variable,variable_addition,False,Flat-Search,34,L2-k2,0.9605678217696676,0.2812103729383187,3.809703066116074,1.0,1.0,1.0,0.158975634406895,3
scaling,hidden_variable,variable_addition,False,Flat-Search,35,L2-k2,0.9665393717368284,0.2343138326321694,4.530554713130812,1.0,1.0,1.0,0.18375598156857764,3
scaling,hidden_variable,variable_addition,False,Flat-Search,36,L2-k2,0.9639540693277108,0.2640952113449157,4.692184817562557,1.0,1.0,1.0,0.18156429902888638,3
scaling,hidden_variable,variable_addition,False,Flat-Search,37,L2-k2,0.9585352929240041,0.35805685877920973,5.106993685436248,1.0,1.0,1.0,0.17005268562917175,3
scaling,hidden_variable,variable_addition,False,Flat-Search,38,L2-k2,0.9498815731919864,0.32685107609721575,3.7221045249193576,1.0,1.0,1.0,0.16260686190383078,3
scaling,hidden_variable,variable_addition,False,Flat-Search,39,L2-k2,0.9605387574246153,0.26561388794145996,3.9507260790795335,1.0,1.0,1.0,0.16991420335959878,3
scaling,hidden_variable,variable_addition,False,MDL-Flat,0,L2-k2,0.9487809082589647,0.32657520695640435,3.9123234296728358,1.0,1.0,1.0,0.17075688876797107,3
scaling,hidden_variable,variable_addition,False,MDL-Flat,1,L2-k2,0.9326065187254771,0.42320536246149754,3.464931565210815,1.0,1.0,1.0,0.15216332659817416,3
scaling,hidden_variable,variable_addition,False,MDL-Flat,2,L2-k2,0.9557542573030519,0.3551962004839457,4.799497055733859,1.0,1.0,1.0,0.17028637609411557,3
scaling,hidden_variable,variable_addition,False,MDL-Flat,3,L2-k2,0.9642184894777822,0.3017054520887067,4.858779508014402,1.0,1.0,1.0,0.16914428132849896,3
scaling,hidden_variable,variable_addition,False,MDL-Flat,4,L2-k2,0.953533658949134,0.299369561272606,4.04975676312358,1.0,1.0,1.0,0.17541858630588691,3
scaling,hidden_variable,variable_addition,False,MDL-Flat,5,L2-k2,0.9449921806935988,0.28852160245192826,4.104066775414324,1.0,1.0,1.0,0.19897367339146665,3
scaling,hidden_variable,variable_addition,False,MDL-Flat,6,L2-k2,0.9543866793773468,0.3007859590657908,4.826625544811535,1.0,1.0,1.0,0.19421598446302862,3
scaling,hidden_variable,variable_addition,False,MDL-Flat,7,L2-k2,0.9638340115990814,0.2699580861339465,4.5240181197334834,1.0,1.0,1.0,0.17494624442443196,3
scaling,hidden_variable,variable_addition,False,MDL-Flat,8,L2-k2,0.9620556445536739,0.2714680897088048,4.003370185382815,1.0,1.0,1.0,0.16490017437219873,3
scaling,hidden_variable,variable_addition,False,MDL-Flat,9,L2-k2,0.9553126848353808,0.2807788341117192,3.7876292144728545,1.0,1.0,1.0,0.1710993501323248,3
scaling,hidden_variable,variable_addition,False,MDL-Flat,10,L2-k2,0.9651935903497749,0.2722515281659424,4.579862894329986,1.0,1.0,1.0,0.1713872026267657,3
scaling,hidden_variable,variable_addition,False,MDL-Flat,11,L2-k2,0.9633832041405995,0.24383260358953696,3.721260931920272,1.0,1.0,1.0,0.16524971428438018,3
scaling,hidden_variable,variable_addition,False,MDL-Flat,12,L2-k2,0.9477570805864246,0.37299553487305814,4.597103687589242,1.0,1.0,1.0,0.17614914757346933,3
scaling,hidden_variable,variable_addition,False,MDL-Flat,13,L2-k2,0.952014865450917,0.2919992883408957,3.8530889416672527,1.0,1.0,1.0,0.17572607334452178,3
scaling,hidden_variable,variable_addition,False,MDL-Flat,14,L2-k2,0.9595855421627613,0.2751763353654746,4.15905176778095,1.0,1.0,1.0,0.174273045820995,3
scaling,hidden_variable,variable_addition,False,MDL-Flat,15,L2-k2,0.9518745433677577,0.27665359539846357,3.2923568819397024,1.0,1.0,1.0,0.1637650962404928,3
scaling,hidden_variable,variable_addition,False,MDL-Flat,16,L2-k2,0.9510065718980204,0.32921256419386186,4.278105731026858,1.0,1.0,1.0,0.1760065691187091,3
scaling,hidden_variable,variable_addition,False,MDL-Flat,17,L2-k2,0.9580478002637621,0.2887202984607257,3.3502098653396857,1.0,1.0,1.0,0.1474842580584007,3
scaling,hidden_variable,variable_addition,False,MDL-Flat,18,L2-k2,0.9616548332474456,0.2908590637213311,4.820924595579319,1.0,1.0,1.0,0.1797867496788269,3
scaling,hidden_variable,variable_addition,False,MDL-Flat,19,L2-k2,0.9523690198397246,0.33597313723315886,5.055682152882108,1.0,1.0,1.0,0.19089274511407023,3
scaling,hidden_variable,variable_addition,False,MDL-Flat,20,L2-k2,0.954792000540594,0.2848480527625534,3.905465941837102,1.0,1.0,1.0,0.17421529634632482,3
scaling,hidden_variable,variable_addition,False,MDL-Flat,21,L2-k2,0.9567489357452232,0.2793434581227019,4.938604488929355,1.0,1.0,1.0,0.2004757584426377,3
scaling,hidden_variable,variable_addition,False,MDL-Flat,22,L2-k2,0.9558323214662144,0.28808004044539387,4.175390629782365,1.0,1.0,1.0,0.17846849910754603,3
scaling,hidden_variable,variable_addition,False,MDL-Flat,23,L2-k2,0.9489880551321597,0.31086873051789,4.152766564194727,1.0,1.0,1.0,0.1834711502743816,3
scaling,hidden_variable,variable_addition,False,MDL-Flat,24,L2-k2,0.960957856080994,0.28540672255122784,4.484141980020044,1.0,1.0,1.0,0.17528989344274853,3
scaling,hidden_variable,variable_addition,False,MDL-Flat,25,L2-k2,0.968892804724808,0.27033565779182195,4.9956791285382876,1.0,1.0,1.0,0.17063283822157854,3
scaling,hidden_variable,variable_addition,False,MDL-Flat,26,L2-k2,0.9576823780953257,0.30079703796863483,4.8931282965780305,1.0,1.0,1.0,0.18794188761968367,3
scaling,hidden_variable,variable_addition,False,MDL-Flat,27,L2-k2,0.9601191998218443,0.2881685558446231,3.8833394427580306,1.0,1.0,1.0,0.15949629977881868,3
scaling,hidden_variable,variable_addition,False,MDL-Flat,28,L2-k2,0.9499122214034481,0.35943618139325284,4.005543154229076,1.0,1.0,1.0,0.1600169654097613,3
scaling,hidden_variable,variable_addition,False,MDL-Flat,29,L2-k2,0.9674775585854839,0.23132597303457,4.140580588653087,1.0,1.0,1.0,0.17157020773906184,3
scaling,hidden_variable,variable_addition,False,MDL-Flat,30,L2-k2,0.9570032723731079,0.2967798827634843,4.10339745620134,1.0,1.0,1.0,0.1700880227835423,3
scaling,hidden_variable,variable_addition,False,MDL-Flat,31,L2-k2,0.95875590158318,0.3016597167130371,4.385326787334262,1.0,1.0,1.0,0.17175605794760368,3
scaling,hidden_variable,variable_addition,False,MDL-Flat,32,L2-k2,0.9585375601711409,0.30684006074722786,4.841903066870484,1.0,1.0,1.0,0.1821050320523513,3
scaling,hidden_variable,variable_addition,False,MDL-Flat,33,L2-k2,0.9481572292821973,0.2852061233879555,4.226475341947956,1.0,1.0,1.0,0.19787603261847136,3
scaling,hidden_variable,variable_addition,False,MDL-Flat,34,L2-k2,0.9605678217696676,0.2812103729383187,3.809703066116074,1.0,1.0,1.0,0.158975634406895,3
scaling,hidden_variable,variable_addition,False,MDL-Flat,35,L2-k2,0.9665393717368284,0.2343138326321694,4.530554713130812,1.0,1.0,1.0,0.18375598156857764,3
scaling,hidden_variable,variable_addition,False,MDL-Flat,36,L2-k2,0.9639540693277108,0.2640952113449157,4.692184817562557,1.0,1.0,1.0,0.18156429902888638,3
scaling,hidden_variable,variable_addition,False,MDL-Flat,37,L2-k2,0.9585352929240041,0.35805685877920973,5.106993685436248,1.0,1.0,1.0,0.17005268562917175,3
scaling,hidden_variable,variable_addition,False,MDL-Flat,38,L2-k2,0.9498815731919864,0.32685107609721575,3.7221045249193576,1.0,1.0,1.0,0.16260686190383078,3
scaling,hidden_variable,variable_addition,False,MDL-Flat,39,L2-k2,0.9605387574246153,0.26561388794145996,3.9507260790795335,1.0,1.0,1.0,0.16991420335959878,3
scaling,hidden_variable,variable_addition,False,EIC-Greedy,0,L2-k2,0.9487809082589647,0.32657520695640435,3.9123234296728358,1.0,1.0,1.0,0.17075688876797107,3
scaling,hidden_variable,variable_addition,False,EIC-Greedy,1,L2-k2,0.9326065187254771,0.42320536246149754,3.464931565210815,1.0,1.0,1.0,0.15216332659817416,3
scaling,hidden_variable,variable_addition,False,EIC-Greedy,2,L2-k2,0.9557542573030519,0.3551962004839457,4.799497055733859,1.0,1.0,1.0,0.17028637609411557,3
scaling,hidden_variable,variable_addition,False,EIC-Greedy,3,L2-k2,0.9642184894777822,0.3017054520887067,4.858779508014402,1.0,1.0,1.0,0.16914428132849896,3
scaling,hidden_variable,variable_addition,False,EIC-Greedy,4,L2-k2,0.953533658949134,0.299369561272606,4.04975676312358,1.0,1.0,1.0,0.17541858630588691,3
scaling,hidden_variable,variable_addition,False,EIC-Greedy,5,L2-k2,0.9449921806935988,0.28852160245192826,4.104066775414324,1.0,1.0,1.0,0.19897367339146665,3
scaling,hidden_variable,variable_addition,False,EIC-Greedy,6,L2-k2,0.9543866793773468,0.3007859590657908,4.826625544811535,1.0,1.0,1.0,0.19421598446302862,3
scaling,hidden_variable,variable_addition,False,EIC-Greedy,7,L2-k2,0.9638340115990814,0.2699580861339465,4.5240181197334834,1.0,1.0,1.0,0.17494624442443196,3
scaling,hidden_variable,variable_addition,False,EIC-Greedy,8,L2-k2,0.9620556445536739,0.2714680897088048,4.003370185382815,1.0,1.0,1.0,0.16490017437219873,3
scaling,hidden_variable,variable_addition,False,EIC-Greedy,9,L2-k2,0.9553126848353808,0.2807788341117192,3.7876292144728545,1.0,1.0,1.0,0.1710993501323248,3
scaling,hidden_variable,variable_addition,False,EIC-Greedy,10,L2-k2,0.9651935903497749,0.2722515281659424,4.579862894329986,1.0,1.0,1.0,0.1713872026267657,3
scaling,hidden_variable,variable_addition,False,EIC-Greedy,11,L2-k2,0.9633832041405995,0.24383260358953696,3.721260931920272,1.0,1.0,1.0,0.16524971428438018,3
scaling,hidden_variable,variable_addition,False,EIC-Greedy,12,L2-k2,0.9477570805864246,0.37299553487305814,4.597103687589242,1.0,1.0,1.0,0.17614914757346933,3
scaling,hidden_variable,variable_addition,False,EIC-Greedy,13,L2-k2,0.952014865450917,0.2919992883408957,3.8530889416672527,1.0,1.0,1.0,0.17572607334452178,3
scaling,hidden_variable,variable_addition,False,EIC-Greedy,14,L2-k2,0.9595855421627613,0.2751763353654746,4.15905176778095,1.0,1.0,1.0,0.174273045820995,3
scaling,hidden_variable,variable_addition,False,EIC-Greedy,15,L2-k2,0.9518745433677577,0.27665359539846357,3.2923568819397024,1.0,1.0,1.0,0.1637650962404928,3
scaling,hidden_variable,variable_addition,False,EIC-Greedy,16,L2-k2,0.9510065718980204,0.32921256419386186,4.278105731026858,1.0,1.0,1.0,0.1760065691187091,3
scaling,hidden_variable,variable_addition,False,EIC-Greedy,17,L2-k2,0.9580478002637621,0.2887202984607257,3.3502098653396857,1.0,1.0,1.0,0.1474842580584007,3
scaling,hidden_variable,variable_addition,False,EIC-Greedy,18,L2-k2,0.9616548332474456,0.2908590637213311,4.820924595579319,1.0,1.0,1.0,0.1797867496788269,3
scaling,hidden_variable,variable_addition,False,EIC-Greedy,19,L2-k2,0.9523690198397246,0.33597313723315886,5.055682152882108,1.0,1.0,1.0,0.19089274511407023,3
scaling,hidden_variable,variable_addition,False,EIC-Greedy,20,L2-k2,0.954792000540594,0.2848480527625534,3.905465941837102,1.0,1.0,1.0,0.17421529634632482,3
scaling,hidden_variable,variable_addition,False,EIC-Greedy,21,L2-k2,0.9567489357452232,0.2793434581227019,4.938604488929355,1.0,1.0,1.0,0.2004757584426377,3
scaling,hidden_variable,variable_addition,False,EIC-Greedy,22,L2-k2,0.9558323214662144,0.28808004044539387,4.175390629782365,1.0,1.0,1.0,0.17846849910754603,3
scaling,hidden_variable,variable_addition,False,EIC-Greedy,23,L2-k2,0.9489880551321597,0.31086873051789,4.152766564194727,1.0,1.0,1.0,0.1834711502743816,3
scaling,hidden_variable,variable_addition,False,EIC-Greedy,24,L2-k2,0.960957856080994,0.28540672255122784,4.484141980020044,1.0,1.0,1.0,0.17528989344274853,3
scaling,hidden_variable,variable_addition,False,EIC-Greedy,25,L2-k2,0.968892804724808,0.27033565779182195,4.9956791285382876,1.0,1.0,1.0,0.17063283822157854,3
scaling,hidden_variable,variable_addition,False,EIC-Greedy,26,L2-k2,0.9576823780953257,0.30079703796863483,4.8931282965780305,1.0,1.0,1.0,0.18794188761968367,3
scaling,hidden_variable,variable_addition,False,EIC-Greedy,27,L2-k2,0.9601191998218443,0.2881685558446231,3.8833394427580306,1.0,1.0,1.0,0.15949629977881868,3
scaling,hidden_variable,variable_addition,False,EIC-Greedy,28,L2-k2,0.9499122214034481,0.35943618139325284,4.005543154229076,1.0,1.0,1.0,0.1600169654097613,3
scaling,hidden_variable,variable_addition,False,EIC-Greedy,29,L2-k2,0.9674775585854839,0.23132597303457,4.140580588653087,1.0,1.0,1.0,0.17157020773906184,3
scaling,hidden_variable,variable_addition,False,EIC-Greedy,30,L2-k2,0.9570032723731079,0.2967798827634843,4.10339745620134,1.0,1.0,1.0,0.1700880227835423,3
scaling,hidden_variable,variable_addition,False,EIC-Greedy,31,L2-k2,0.95875590158318,0.3016597167130371,4.385326787334262,1.0,1.0,1.0,0.17175605794760368,3
scaling,hidden_variable,variable_addition,False,EIC-Greedy,32,L2-k2,0.9585375601711409,0.30684006074722786,4.841903066870484,1.0,1.0,1.0,0.1821050320523513,3
scaling,hidden_variable,variable_addition,False,EIC-Greedy,33,L2-k2,0.9481572292821973,0.2852061233879555,4.226475341947956,1.0,1.0,1.0,0.19787603261847136,3
scaling,hidden_variable,variable_addition,False,EIC-Greedy,34,L2-k2,0.9605678217696676,0.2812103729383187,3.809703066116074,1.0,1.0,1.0,0.158975634406895,3
scaling,hidden_variable,variable_addition,False,EIC-Greedy,35,L2-k2,0.9665393717368284,0.2343138326321694,4.530554713130812,1.0,1.0,1.0,0.18375598156857764,3
scaling,hidden_variable,variable_addition,False,EIC-Greedy,36,L2-k2,0.9639540693277108,0.2640952113449157,4.692184817562557,1.0,1.0,1.0,0.18156429902888638,3
scaling,hidden_variable,variable_addition,False,EIC-Greedy,37,L2-k2,0.9585352929240041,0.35805685877920973,5.106993685436248,1.0,1.0,1.0,0.17005268562917175,3
scaling,hidden_variable,variable_addition,False,EIC-Greedy,38,L2-k2,0.9498815731919864,0.32685107609721575,3.7221045249193576,1.0,1.0,1.0,0.16260686190383078,3
scaling,hidden_variable,variable_addition,False,EIC-Greedy,39,L2-k2,0.9605387574246153,0.26561388794145996,3.9507260790795335,1.0,1.0,1.0,0.16991420335959878,3
scaling,hidden_variable,variable_addition,False,Oracle,0,L2-k2,0.9487809082589647,0.32657520695640435,3.9123234296728358,1.0,1.0,1.0,0.17075688876797107,3
scaling,hidden_variable,variable_addition,False,Oracle,1,L2-k2,0.9326065187254771,0.42320536246149754,3.464931565210815,1.0,1.0,1.0,0.15216332659817416,3
scaling,hidden_variable,variable_addition,False,Oracle,2,L2-k2,0.9557542573030519,0.3551962004839457,4.799497055733859,1.0,1.0,1.0,0.17028637609411557,3
scaling,hidden_variable,variable_addition,False,Oracle,3,L2-k2,0.9642184894777822,0.3017054520887067,4.858779508014402,1.0,1.0,1.0,0.16914428132849896,3
scaling,hidden_variable,variable_addition,False,Oracle,4,L2-k2,0.953533658949134,0.299369561272606,4.04975676312358,1.0,1.0,1.0,0.17541858630588691,3
scaling,hidden_variable,variable_addition,False,Oracle,5,L2-k2,0.9449921806935988,0.28852160245192826,4.104066775414324,1.0,1.0,1.0,0.19897367339146665,3
scaling,hidden_variable,variable_addition,False,Oracle,6,L2-k2,0.9543866793773468,0.3007859590657908,4.826625544811535,1.0,1.0,1.0,0.19421598446302862,3
scaling,hidden_variable,variable_addition,False,Oracle,7,L2-k2,0.9638340115990814,0.2699580861339465,4.5240181197334834,1.0,1.0,1.0,0.17494624442443196,3
scaling,hidden_variable,variable_addition,False,Oracle,8,L2-k2,0.9620556445536739,0.2714680897088048,4.003370185382815,1.0,1.0,1.0,0.16490017437219873,3
scaling,hidden_variable,variable_addition,False,Oracle,9,L2-k2,0.9553126848353808,0.2807788341117192,3.7876292144728545,1.0,1.0,1.0,0.1710993501323248,3
scaling,hidden_variable,variable_addition,False,Oracle,10,L2-k2,0.9651935903497749,0.2722515281659424,4.579862894329986,1.0,1.0,1.0,0.1713872026267657,3
scaling,hidden_variable,variable_addition,False,Oracle,11,L2-k2,0.9633832041405995,0.24383260358953696,3.721260931920272,1.0,1.0,1.0,0.16524971428438018,3
scaling,hidden_variable,variable_addition,False,Oracle,12,L2-k2,0.9477570805864246,0.37299553487305814,4.597103687589242,1.0,1.0,1.0,0.17614914757346933,3
scaling,hidden_variable,variable_addition,False,Oracle,13,L2-k2,0.952014865450917,0.2919992883408957,3.8530889416672527,1.0,1.0,1.0,0.17572607334452178,3
scaling,hidden_variable,variable_addition,False,Oracle,14,L2-k2,0.9595855421627613,0.2751763353654746,4.15905176778095,1.0,1.0,1.0,0.174273045820995,3
scaling,hidden_variable,variable_addition,False,Oracle,15,L2-k2,0.9518745433677577,0.27665359539846357,3.2923568819397024,1.0,1.0,1.0,0.1637650962404928,3
scaling,hidden_variable,variable_addition,False,Oracle,16,L2-k2,0.9510065718980204,0.32921256419386186,4.278105731026858,1.0,1.0,1.0,0.1760065691187091,3
scaling,hidden_variable,variable_addition,False,Oracle,17,L2-k2,0.9580478002637621,0.2887202984607257,3.3502098653396857,1.0,1.0,1.0,0.1474842580584007,3
scaling,hidden_variable,variable_addition,False,Oracle,18,L2-k2,0.9616548332474456,0.2908590637213311,4.820924595579319,1.0,1.0,1.0,0.1797867496788269,3
scaling,hidden_variable,variable_addition,False,Oracle,19,L2-k2,0.9523690198397246,0.33597313723315886,5.055682152882108,1.0,1.0,1.0,0.19089274511407023,3
scaling,hidden_variable,variable_addition,False,Oracle,20,L2-k2,0.954792000540594,0.2848480527625534,3.905465941837102,1.0,1.0,1.0,0.17421529634632482,3
scaling,hidden_variable,variable_addition,False,Oracle,21,L2-k2,0.9567489357452232,0.2793434581227019,4.938604488929355,1.0,1.0,1.0,0.2004757584426377,3
scaling,hidden_variable,variable_addition,False,Oracle,22,L2-k2,0.9558323214662144,0.28808004044539387,4.175390629782365,1.0,1.0,1.0,0.17846849910754603,3
scaling,hidden_variable,variable_addition,False,Oracle,23,L2-k2,0.9489880551321597,0.31086873051789,4.152766564194727,1.0,1.0,1.0,0.1834711502743816,3
scaling,hidden_variable,variable_addition,False,Oracle,24,L2-k2,0.960957856080994,0.28540672255122784,4.484141980020044,1.0,1.0,1.0,0.17528989344274853,3
scaling,hidden_variable,variable_addition,False,Oracle,25,L2-k2,0.968892804724808,0.27033565779182195,4.9956791285382876,1.0,1.0,1.0,0.17063283822157854,3
scaling,hidden_variable,variable_addition,False,Oracle,26,L2-k2,0.9576823780953257,0.30079703796863483,4.8931282965780305,1.0,1.0,1.0,0.18794188761968367,3
scaling,hidden_variable,variable_addition,False,Oracle,27,L2-k2,0.9601191998218443,0.2881685558446231,3.8833394427580306,1.0,1.0,1.0,0.15949629977881868,3
scaling,hidden_variable,variable_addition,False,Oracle,28,L2-k2,0.9499122214034481,0.35943618139325284,4.005543154229076,1.0,1.0,1.0,0.1600169654097613,3
scaling,hidden_variable,variable_addition,False,Oracle,29,L2-k2,0.9674775585854839,0.23132597303457,4.140580588653087,1.0,1.0,1.0,0.17157020773906184,3
scaling,hidden_variable,variable_addition,False,Oracle,30,L2-k2,0.9570032723731079,0.2967798827634843,4.10339745620134,1.0,1.0,1.0,0.1700880227835423,3
scaling,hidden_variable,variable_addition,False,Oracle,31,L2-k2,0.95875590158318,0.3016597167130371,4.385326787334262,1.0,1.0,1.0,0.17175605794760368,3
scaling,hidden_variable,variable_addition,False,Oracle,32,L2-k2,0.9585375601711409,0.30684006074722786,4.841903066870484,1.0,1.0,1.0,0.1821050320523513,3
scaling,hidden_variable,variable_addition,False,Oracle,33,L2-k2,0.9481572292821973,0.2852061233879555,4.226475341947956,1.0,1.0,1.0,0.19787603261847136,3
scaling,hidden_variable,variable_addition,False,Oracle,34,L2-k2,0.9605678217696676,0.2812103729383187,3.809703066116074,1.0,1.0,1.0,0.158975634406895,3
scaling,hidden_variable,variable_addition,False,Oracle,35,L2-k2,0.9665393717368284,0.2343138326321694,4.530554713130812,1.0,1.0,1.0,0.18375598156857764,3
scaling,hidden_variable,variable_addition,False,Oracle,36,L2-k2,0.9639540693277108,0.2640952113449157,4.692184817562557,1.0,1.0,1.0,0.18156429902888638,3
scaling,hidden_variable,variable_addition,False,Oracle,37,L2-k2,0.9585352929240041,0.35805685877920973,5.106993685436248,1.0,1.0,1.0,0.17005268562917175,3
scaling,hidden_variable,variable_addition,False,Oracle,38,L2-k2,0.9498815731919864,0.32685107609721575,3.7221045249193576,1.0,1.0,1.0,0.16260686190383078,3
scaling,hidden_variable,variable_addition,False,Oracle,39,L2-k2,0.9605387574246153,0.26561388794145996,3.9507260790795335,1.0,1.0,1.0,0.16991420335959878,3
scaling,hidden_variable,variable_addition,False,Fixed-Frame,0,L2-k5,0.6137014478947822,4.307712849741292,4.307712849741292,0.0,0.0,0.0,0.0,6
scaling,hidden_variable,variable_addition,False,Fixed-Frame,1,L2-k5,0.5879050514169665,4.165281911893889,4.165281911893889,0.0,0.0,0.0,0.0,6
scaling,hidden_variable,variable_addition,False,Fixed-Frame,2,L2-k5,0.5948118636299087,4.729703143238551,4.729703143238551,0.0,0.0,0.0,0.0,6
scaling,hidden_variable,variable_addition,False,Fixed-Frame,3,L2-k5,0.5407719733646047,4.51676434139587,4.51676434139587,0.0,0.0,0.0,0.0,6
scaling,hidden_variable,variable_addition,False,Fixed-Frame,4,L2-k5,0.6109317970429958,3.890965175569365,3.890965175569365,0.0,0.0,0.0,0.0,6
scaling,hidden_variable,variable_addition,False,Fixed-Frame,5,L2-k5,0.5742825466099335,5.07451518787818,5.07451518787818,0.0,0.0,0.0,0.0,6
scaling,hidden_variable,variable_addition,False,Fixed-Frame,6,L2-k5,0.6101686981603054,4.733602197709214,4.733602197709214,0.0,0.0,0.0,0.0,6
scaling,hidden_variable,variable_addition,False,Fixed-Frame,7,L2-k5,0.5989348523358641,3.856320173551829,3.856320173551829,0.0,0.0,0.0,0.0,6
scaling,hidden_variable,variable_addition,False,Fixed-Frame,8,L2-k5,0.604148702152158,4.885593087748911,4.885593087748911,0.0,0.0,0.0,0.0,6
scaling,hidden_variable,variable_addition,False,Fixed-Frame,9,L2-k5,0.6345274959352853,3.838362531394721,3.838362531394721,0.0,0.0,0.0,0.0,6
scaling,hidden_variable,variable_addition,False,Fixed-Frame,10,L2-k5,0.6093439320946836,4.563651432702429,4.563651432702429,0.0,0.0,0.0,0.0,6
scaling,hidden_variable,variable_addition,False,Fixed-Frame,11,L2-k5,0.5918772469341391,3.96861194286551,3.96861194286551,0.0,0.0,0.0,0.0,6
scaling,hidden_variable,variable_addition,False,Fixed-Frame,12,L2-k5,0.5872785767588943,4.556427198973797,4.556427198973797,0.0,0.0,0.0,0.0,6
scaling,hidden_variable,variable_addition,False,Fixed-Frame,13,L2-k5,0.6417250859528782,3.4390190169771677,3.4390190169771677,0.0,0.0,0.0,0.0,6
scaling,hidden_variable,variable_addition,False,Fixed-Frame,14,L2-k5,0.58974032975745,5.1723249655749,5.1723249655749,0.0,0.0,0.0,0.0,6
scaling,hidden_variable,variable_addition,False,Fixed-Frame,15,L2-k5,0.6043796557279016,4.499192688501793,4.499192688501793,0.0,0.0,0.0,0.0,6
scaling,hidden_variable,variable_addition,False,Fixed-Frame,16,L2-k5,0.6151055740792114,3.8710383517900335,3.8710383517900335,0.0,0.0,0.0,0.0,6
scaling,hidden_variable,variable_addition,False,Fixed-Frame,17,L2-k5,0.6079696290641914,4.175407831321981,4.175407831321981,0.0,0.0,0.0,0.0,6
scaling,hidden_variable,variable_addition,False,Fixed-Frame,18,L2-k5,0.6306420839943411,3.7802008341909463,3.7802008341909463,0.0,0.0,0.0,0.0,6
scaling,hidden_variable,variable_addition,False,Fixed-Frame,19,L2-k5,0.5926842516792469,4.126322125262594,4.126322125262594,0.0,0.0,0.0,0.0,6
scaling,hidden_variable,variable_addition,False,Fixed-Frame,20,L2-k5,0.6158736325976094,4.375213317385593,4.375213317385593,0.0,0.0,0.0,0.0,6
scaling,hidden_variable,variable_addition,False,Fixed-Frame,21,L2-k5,0.6229956063932478,3.7421342338883425,3.7421342338883425,0.0,0.0,0.0,0.0,6
scaling,hidden_variable,variable_addition,False,Fixed-Frame,22,L2-k5,0.6096358251410684,4.574656584650099,4.574656584650099,0.0,0.0,0.0,0.0,6
scaling,hidden_variable,variable_addition,False,Fixed-Frame,23,L2-k5,0.6313897744535986,4.394429094285322,4.394429094285322,0.0,0.0,0.0,0.0,6
scaling,hidden_variable,variable_addition,False,Fixed-Frame,24,L2-k5,0.6014768086581884,4.037132894528911,4.037132894528911,0.0,0.0,0.0,0.0,6
scaling,hidden_variable,variable_addition,False,Fixed-Frame,25,L2-k5,0.6070834408104558,4.608895777868238,4.608895777868238,0.0,0.0,0.0,0.0,6
scaling,hidden_variable,variable_addition,False,Fixed-Frame,26,L2-k5,0.6081652323961665,4.475246771629622,4.475246771629622,0.0,0.0,0.0,0.0,6
scaling,hidden_variable,variable_addition,False,Fixed-Frame,27,L2-k5,0.642407527403691,3.3203193690335064,3.3203193690335064,0.0,0.0,0.0,0.0,6
scaling,hidden_variable,variable_addition,False,Fixed-Frame,28,L2-k5,0.6649198521718609,4.204254652266052,4.204254652266052,0.0,0.0,0.0,0.0,6
scaling,hidden_variable,variable_addition,False,Fixed-Frame,29,L2-k5,0.6077341065788894,4.786178045488243,4.786178045488243,0.0,0.0,0.0,0.0,6
scaling,hidden_variable,variable_addition,False,Fixed-Frame,30,L2-k5,0.6264034718035281,3.9782943404911486,3.9782943404911486,0.0,0.0,0.0,0.0,6
scaling,hidden_variable,variable_addition,False,Fixed-Frame,31,L2-k5,0.5890098976695768,5.339973408714609,5.339973408714609,0.0,0.0,0.0,0.0,6
scaling,hidden_variable,variable_addition,False,Fixed-Frame,32,L2-k5,0.5743750548905912,3.7960162048469637,3.7960162048469637,0.0,0.0,0.0,0.0,6
scaling,hidden_variable,variable_addition,False,Fixed-Frame,33,L2-k5,0.5914579391850618,4.1292307477884185,4.1292307477884185,0.0,0.0,0.0,0.0,6
scaling,hidden_variable,variable_addition,False,Fixed-Frame,34,L2-k5,0.6505456874258598,4.095686270801531,4.095686270801531,0.0,0.0,0.0,0.0,6
scaling,hidden_variable,variable_addition,False,Fixed-Frame,35,L2-k5,0.6432661791545043,3.4162261237362017,3.4162261237362017,0.0,0.0,0.0,0.0,6
scaling,hidden_variable,variable_addition,False,Fixed-Frame,36,L2-k5,0.6106461297998717,4.555428330088295,4.555428330088295,0.0,0.0,0.0,0.0,6
scaling,hidden_variable,variable_addition,False,Fixed-Frame,37,L2-k5,0.5811965316773735,4.156740698710813,4.156740698710813,0.0,0.0,0.0,0.0,6
scaling,hidden_variable,variable_addition,False,Fixed-Frame,38,L2-k5,0.6211906947531967,4.747086931990572,4.747086931990572,0.0,0.0,0.0,0.0,6
scaling,hidden_variable,variable_addition,False,Fixed-Frame,39,L2-k5,0.6453367636083244,4.264154421644131,4.264154421644131,0.0,0.0,0.0,0.0,6
scaling,hidden_variable,variable_addition,False,Random-Edit,0,L2-k5,0.6137983242318377,4.305952837548426,4.307712849741292,0.0,1.0,1.0,4.843816852773131e-05,6
scaling,hidden_variable,variable_addition,False,Random-Edit,1,L2-k5,0.5789068383315951,4.322388610677635,4.165281911893889,0.0,1.0,1.0,0.0,6
scaling,hidden_variable,variable_addition,False,Random-Edit,2,L2-k5,0.5952960432477153,4.720209111708547,4.729703143238551,0.0,1.0,1.0,0.0002420898089033341,6
scaling,hidden_variable,variable_addition,False,Random-Edit,3,L2-k5,0.5387157611764678,4.55430546736616,4.51676434139587,0.0,1.0,1.0,0.0,6
scaling,hidden_variable,variable_addition,False,Random-Edit,4,L2-k5,0.610976179968284,3.8902386962608544,3.890965175569365,0.0,1.0,1.0,2.219146264409444e-05,6
scaling,hidden_variable,variable_addition,False,Random-Edit,5,L2-k5,0.5742825466099335,5.07451518787818,5.07451518787818,0.0,0.0,0.0,0.0,6
scaling,hidden_variable,variable_addition,False,Random-Edit,6,L2-k5,0.9650460379347919,0.2683572622706608,4.733602197709214,1.0,1.0,1.0,0.17743866988724327,6
scaling,hidden_variable,variable_addition,False,Random-Edit,7,L2-k5,0.5986099672604077,3.8615386530068023,3.856320173551829,0.0,1.0,1.0,0.0,6
scaling,hidden_variable,variable_addition,False,Random-Edit,8,L2-k5,0.6035217799529635,4.898413616005008,4.885593087748911,0.0,1.0,1.0,0.0,6
scaling,hidden_variable,variable_addition,False,Random-Edit,9,L2-k5,0.9572253292781151,0.29779281939012997,3.838362531394721,1.0,1.0,1.0,0.16134891667141488,6
scaling,hidden_variable,variable_addition,False,Random-Edit,10,L2-k5,0.6081861721292986,4.585889645299376,4.563651432702429,0.0,1.0,1.0,0.0,6
scaling,hidden_variable,variable_addition,False,Random-Edit,11,L2-k5,0.5916323129107265,3.972637676705279,3.96861194286551,0.0,1.0,1.0,0.0,6
scaling,hidden_variable,variable_addition,False,Random-Edit,12,L2-k5,0.5872785767588943,4.556427198973797,4.556427198973797,0.0,0.0,0.0,0.0,6
scaling,hidden_variable,variable_addition,False,Random-Edit,13,L2-k5,0.9460560276782143,0.3512313398655914,3.4390190169771677,1.0,1.0,1.0,0.15216547086266802,6
scaling,hidden_variable,variable_addition,False,Random-Edit,14,L2-k5,0.9593530692172555,0.3150192499423171,5.1723249655749,1.0,1.0,1.0,0.18480636972990272,6
scaling,hidden_variable,variable_addition,False,Random-Edit,15,L2-k5,0.6043796557279016,4.499192688501793,4.499192688501793,0.0,0.0,0.0,0.0,6
scaling,hidden_variable,variable_addition,False,Random-Edit,16,L2-k5,0.6151448896797062,3.8703955555240213,3.8710383517900335,0.0,1.0,1.0,1.9657800247374624e-05,6
scaling,hidden_variable,variable_addition,False,Random-Edit,17,L2-k5,0.6091834823635548,4.154185295668992,4.175407831321981,0.0,1.0,1.0,0.000606926649681705,6
scaling,hidden_variable,variable_addition,False,Random-Edit,18,L2-k5,0.6306420839943411,3.7802008341909463,3.7802008341909463,0.0,0.0,0.0,0.0,6
scaling,hidden_variable,variable_addition,False,Random-Edit,19,L2-k5,0.9577241766377206,0.2650372631530855,4.126322125262594,1.0,1.0,1.0,0.18251996247923685,6
scaling,hidden_variable,variable_addition,False,Random-Edit,20,L2-k5,0.617750253435974,4.340612312221699,4.375213317385593,0.0,1.0,1.0,0.0009383104191822977,6
scaling,hidden_variable,variable_addition,False,Random-Edit,21,L2-k5,0.6233656018703913,3.736242725069817,3.7421342338883425,0.0,1.0,1.0,0.00018499773857172386,6
scaling,hidden_variable,variable_addition,False,Random-Edit,22,L2-k5,0.6093123997224754,4.580877047147962,4.574656584650099,0.0,1.0,1.0,0.0,6
scaling,hidden_variable,variable_addition,False,Random-Edit,23,L2-k5,0.6333930620080487,4.3567235622091385,4.394429094285322,0.0,1.0,1.0,0.0010016437772250586,6
scaling,hidden_variable,variable_addition,False,Random-Edit,24,L2-k5,0.6015604544313122,4.035724305935489,4.037132894528911,0.0,1.0,1.0,4.182288656190414e-05,6
scaling,hidden_variable,variable_addition,False,Random-Edit,25,L2-k5,0.608547150340212,4.580682261172154,4.608895777868238,0.0,1.0,1.0,0.0007318547648780815,6
scaling,hidden_variable,variable_addition,False,Random-Edit,26,L2-k5,0.6083672084825231,4.471454947594724,4.475246771629622,0.0,1.0,1.0,0.00010098804317831833,6
scaling,hidden_variable,variable_addition,False,Random-Edit,27,L2-k5,0.6428156283783601,3.3144245198865443,3.3203193690335064,0.0,1.0,1.0,0.00020405048733457276,6
scaling,hidden_variable,variable_addition,False,Random-Edit,28,L2-k5,0.6639659142959895,4.22228128550895,4.204254652266052,0.0,1.0,1.0,0.0,6
scaling,hidden_variable,variable_addition,False,Random-Edit,29,L2-k5,0.9611602240748912,0.29964210347240366,4.786178045488243,1.0,1.0,1.0,0.17671305874800092,6
scaling,hidden_variable,variable_addition,False,Random-Edit,30,L2-k5,0.6248363299295762,4.005002017935003,3.9782943404911486,0.0,1.0,1.0,0.0,6
scaling,hidden_variable,variable_addition,False,Random-Edit,31,L2-k5,0.967725284258685,0.255235254691404,5.339973408714609,1.0,1.0,1.0,0.1893576932945541,6
scaling,hidden_variable,variable_addition,False,Random-Edit,32,L2-k5,0.5756068822594201,3.7769297681796106,3.7960162048469637,0.0,1.0,1.0,0.000615913684414493,6
scaling,hidden_variable,variable_addition,False,Random-Edit,33,L2-k5,0.9543919755387106,0.28567400592239767,4.1292307477884185,1.0,1.0,1.0,0.18146701817682437,6
scaling,hidden_variable,variable_addition,False,Random-Edit,34,L2-k5,0.6503483516837381,4.0992425511286825,4.095686270801531,0.0,1.0,1.0,0.0,6
scaling,hidden_variable,variable_addition,False,Random-Edit,35,L2-k5,0.9557523797486879,0.28519215333325615,3.4162261237362017,1.0,1.0,1.0,0.15624310029709176,6
scaling,hidden_variable,variable_addition,False,Random-Edit,36,L2-k5,0.6071931829528937,4.621962957378818,4.555428330088295,0.0,1.0,1.0,0.0,6
scaling,hidden_variable,variable_addition,False,Random-Edit,37,L2-k5,0.581163039251371,4.157312692461933,4.156740698710813,0.0,1.0,1.0,0.0,6
scaling,hidden_variable,variable_addition,False,Random-Edit,38,L2-k5,0.6206481988099355,4.758040548745912,4.747086931990572,0.0,1.0,1.0,0.0,6
scaling,hidden_variable,variable_addition,False,Random-Edit,39,L2-k5,0.644730176618399,4.275466224940648,4.264154421644131,0.0,1.0,1.0,0.0,6
scaling,hidden_variable,variable_addition,False,Flat-Search,0,L2-k5,0.9611577902962598,0.2765604362396616,4.307712849741292,1.0,1.0,1.0,0.1737281712007388,6
scaling,hidden_variable,variable_addition,False,Flat-Search,1,L2-k5,0.9497616927153731,0.31432190660766707,4.165281911893889,1.0,1.0,1.0,0.18092832064920333,6
scaling,hidden_variable,variable_addition,False,Flat-Search,2,L2-k5,0.9564427418315583,0.3161974350520702,4.729703143238551,1.0,1.0,1.0,0.18081543910082482,6
scaling,hidden_variable,variable_addition,False,Flat-Search,3,L2-k5,0.9454373982806631,0.3069555679087895,4.51676434139587,1.0,1.0,1.0,0.2023327124580292,6
scaling,hidden_variable,variable_addition,False,Flat-Search,4,L2-k5,0.9570272414739909,0.2743426107037583,3.890965175569365,1.0,1.0,1.0,0.17304772221549752,6
scaling,hidden_variable,variable_addition,False,Flat-Search,5,L2-k5,0.9468367301589768,0.38435745261267096,5.07451518787818,1.0,1.0,1.0,0.18627709177452167,6
scaling,hidden_variable,variable_addition,False,Flat-Search,6,L2-k5,0.9650460379347919,0.2683572622706608,4.733602197709214,1.0,1.0,1.0,0.17743866988724327,6
scaling,hidden_variable,variable_addition,False,Flat-Search,7,L2-k5,0.9534836596170011,0.2809506436535368,3.856320173551829,1.0,1.0,1.0,0.1772744036405685,6
scaling,hidden_variable,variable_addition,False,Flat-Search,8,L2-k5,0.9617858560242928,0.2962612259741969,4.885593087748911,1.0,1.0,1.0,0.1788185769360674,6
scaling,hidden_variable,variable_addition,False,Flat-Search,9,L2-k5,0.9572253292781151,0.29779281939012997,3.838362531394721,1.0,1.0,1.0,0.16134891667141488,6
scaling,hidden_variable,variable_addition,False,Flat-Search,10,L2-k5,0.966004585408567,0.2505079635109149,4.563651432702429,1.0,1.0,1.0,0.1783303266569417,6
scaling,hidden_variable,variable_addition,False,Flat-Search,11,L2-k5,0.9490811681431449,0.3087838289054643,3.96861194286551,1.0,1.0,1.0,0.1786019606045029,6
scaling,hidden_variable,variable_addition,False,Flat-Search,12,L2-k5,0.9566052512205474,0.2941142045070192,4.556427198973797,1.0,1.0,1.0,0.18466333723082656,6
scaling,hidden_variable,variable_addition,False,Flat-Search,13,L2-k5,0.9460560276782143,0.3512313398655914,3.4390190169771677,1.0,1.0,1.0,0.15216547086266802,6
scaling,hidden_variable,variable_addition,False,Flat-Search,14,L2-k5,0.9593530692172555,0.3150192499423171,5.1723249655749,1.0,1.0,1.0,0.18480636972990272,6
scaling,hidden_variable,variable_addition,False,Flat-Search,15,L2-k5,0.9453402187710532,0.3974162012460943,4.499192688501793,1.0,1.0,1.0,0.1704802815215758,6
scaling,hidden_variable,variable_addition,False,Flat-Search,16,L2-k5,0.9428500062445737,0.37498085416907007,3.8710383517900335,1.0,1.0,1.0,0.16387221608268115,6
scaling,hidden_variable,variable_addition,False,Flat-Search,17,L2-k5,0.9593376085717943,0.2744621866763898,4.175407831321981,1.0,1.0,1.0,0.17568398975380145,6
scaling,hidden_variable,variable_addition,False,Flat-Search,18,L2-k5,0.954791874672346,0.3056034093163473,3.7802008341909463,1.0,1.0,1.0,0.1620748953390025,6
scaling,hidden_variable,variable_addition,False,Flat-Search,19,L2-k5,0.9577241766377206,0.2650372631530855,4.126322125262594,1.0,1.0,1.0,0.18251996247923685,6
scaling,hidden_variable,variable_addition,False,Flat-Search,20,L2-k5,0.953706561916476,0.3405033500571023,4.375213317385593,1.0,1.0,1.0,0.16891646465943327,6
scaling,hidden_variable,variable_addition,False,Flat-Search,21,L2-k5,0.9569908654155672,0.277914269289145,3.7421342338883425,1.0,1.0,1.0,0.1669976295111597,6
scaling,hidden_variable,variable_addition,False,Flat-Search,22,L2-k5,0.9619939435290005,0.2822536035408505,4.574656584650099,1.0,1.0,1.0,0.17617905919396604,6
scaling,hidden_variable,variable_addition,False,Flat-Search,23,L2-k5,0.9591233437550029,0.3207993859212012,4.394429094285322,1.0,1.0,1.0,0.16386678465070215,6
scaling,hidden_variable,variable_addition,False,Flat-Search,24,L2-k5,0.9554796513224365,0.2839065731782608,4.037132894528911,1.0,1.0,1.0,0.17700142133212404,6
scaling,hidden_variable,variable_addition,False,Flat-Search,25,L2-k5,0.9506095527423675,0.36998637132421003,4.608895777868238,1.0,1.0,1.0,0.1717630559659558,6
scaling,hidden_variable,variable_addition,False,Flat-Search,26,L2-k5,0.9605257095034687,0.28545716438977853,4.475246771629622,1.0,1.0,1.0,0.17618023855365111,6
scaling,hidden_variable,variable_addition,False,Flat-Search,27,L2-k5,0.9510678164168338,0.3068917562822039,3.3203193690335064,1.0,1.0,1.0,0.1543301445065714,6
scaling,hidden_variable,variable_addition,False,Flat-Search,28,L2-k5,0.9657873024721338,0.29553943672790295,4.204254652266052,1.0,1.0,1.0,0.15043372515013648,6
scaling,hidden_variable,variable_addition,False,Flat-Search,29,L2-k5,0.9611602240748912,0.29964210347240366,4.786178045488243,1.0,1.0,1.0,0.17671305874800092,6
scaling,hidden_variable,variable_addition,False,Flat-Search,30,L2-k5,0.9546131527835757,0.31713986586210247,3.9782943404911486,1.0,1.0,1.0,0.16410484049002383,6
scaling,hidden_variable,variable_addition,False,Flat-Search,31,L2-k5,0.967725284258685,0.255235254691404,5.339973408714609,1.0,1.0,1.0,0.1893576932945541,6
scaling,hidden_variable,variable_addition,False,Flat-Search,32,L2-k5,0.9480875065103156,0.28049170392244144,3.7960162048469637,1.0,1.0,1.0,0.18685622580986222,6
scaling,hidden_variable,variable_addition,False,Flat-Search,33,L2-k5,0.9543919755387106,0.28567400592239767,4.1292307477884185,1.0,1.0,1.0,0.18146701817682437,6
scaling,hidden_variable,variable_addition,False,Flat-Search,34,L2-k5,0.9619693204580729,0.3014303266130574,4.095686270801531,1.0,1.0,1.0,0.15571181651610655,6
scaling,hidden_variable,variable_addition,False,Flat-Search,35,L2-k5,0.9557523797486879,0.28519215333325615,3.4162261237362017,1.0,1.0,1.0,0.15624310029709176,6
scaling,hidden_variable,variable_addition,False,Flat-Search,36,L2-k5,0.9613240609100533,0.2874387969714783,4.555428330088295,1.0,1.0,1.0,0.17533896555509082,6
scaling,hidden_variable,variable_addition,False,Flat-Search,37,L2-k5,0.9522090316112476,0.2895204281264535,4.156740698710813,1.0,1.0,1.0,0.18550624996693704,6
scaling,hidden_variable,variable_addition,False,Flat-Search,38,L2-k5,0.9587689523571702,0.33476642602326984,4.747086931990572,1.0,1.0,1.0,0.16878912880198677,6
scaling,hidden_variable,variable_addition,False,Flat-Search,39,L2-k5,0.960446438098123,0.3195329187335977,4.264154421644131,1.0,1.0,1.0,0.15755483724489933,6
scaling,hidden_variable,variable_addition,False,MDL-Flat,0,L2-k5,0.9611577902962598,0.2765604362396616,4.307712849741292,1.0,1.0,1.0,0.1737281712007388,6
scaling,hidden_variable,variable_addition,False,MDL-Flat,1,L2-k5,0.9497616927153731,0.31432190660766707,4.165281911893889,1.0,1.0,1.0,0.18092832064920333,6
scaling,hidden_variable,variable_addition,False,MDL-Flat,2,L2-k5,0.9564427418315583,0.3161974350520702,4.729703143238551,1.0,1.0,1.0,0.18081543910082482,6
scaling,hidden_variable,variable_addition,False,MDL-Flat,3,L2-k5,0.9454373982806631,0.3069555679087895,4.51676434139587,1.0,1.0,1.0,0.2023327124580292,6
scaling,hidden_variable,variable_addition,False,MDL-Flat,4,L2-k5,0.9570272414739909,0.2743426107037583,3.890965175569365,1.0,1.0,1.0,0.17304772221549752,6
scaling,hidden_variable,variable_addition,False,MDL-Flat,5,L2-k5,0.9468367301589768,0.38435745261267096,5.07451518787818,1.0,1.0,1.0,0.18627709177452167,6
scaling,hidden_variable,variable_addition,False,MDL-Flat,6,L2-k5,0.9650460379347919,0.2683572622706608,4.733602197709214,1.0,1.0,1.0,0.17743866988724327,6
scaling,hidden_variable,variable_addition,False,MDL-Flat,7,L2-k5,0.9534836596170011,0.2809506436535368,3.856320173551829,1.0,1.0,1.0,0.1772744036405685,6
scaling,hidden_variable,variable_addition,False,MDL-Flat,8,L2-k5,0.9617858560242928,0.2962612259741969,4.885593087748911,1.0,1.0,1.0,0.1788185769360674,6
scaling,hidden_variable,variable_addition,False,MDL-Flat,9,L2-k5,0.9572253292781151,0.29779281939012997,3.838362531394721,1.0,1.0,1.0,0.16134891667141488,6
scaling,hidden_variable,variable_addition,False,MDL-Flat,10,L2-k5,0.966004585408567,0.2505079635109149,4.563651432702429,1.0,1.0,1.0,0.1783303266569417,6
scaling,hidden_variable,variable_addition,False,MDL-Flat,11,L2-k5,0.9490811681431449,0.3087838289054643,3.96861194286551,1.0,1.0,1.0,0.1786019606045029,6
scaling,hidden_variable,variable_addition,False,MDL-Flat,12,L2-k5,0.9566052512205474,0.2941142045070192,4.556427198973797,1.0,1.0,1.0,0.18466333723082656,6
scaling,hidden_variable,variable_addition,False,MDL-Flat,13,L2-k5,0.9460560276782143,0.3512313398655914,3.4390190169771677,1.0,1.0,1.0,0.15216547086266802,6
scaling,hidden_variable,variable_addition,False,MDL-Flat,14,L2-k5,0.9593530692172555,0.3150192499423171,5.1723249655749,1.0,1.0,1.0,0.18480636972990272,6
scaling,hidden_variable,variable_addition,False,MDL-Flat,15,L2-k5,0.9453402187710532,0.3974162012460943,4.499192688501793,1.0,1.0,1.0,0.1704802815215758,6
scaling,hidden_variable,variable_addition,False,MDL-Flat,16,L2-k5,0.9428500062445737,0.37498085416907007,3.8710383517900335,1.0,1.0,1.0,0.16387221608268115,6
scaling,hidden_variable,variable_addition,False,MDL-Flat,17,L2-k5,0.9593376085717943,0.2744621866763898,4.175407831321981,1.0,1.0,1.0,0.17568398975380145,6
scaling,hidden_variable,variable_addition,False,MDL-Flat,18,L2-k5,0.954791874672346,0.3056034093163473,3.7802008341909463,1.0,1.0,1.0,0.1620748953390025,6
scaling,hidden_variable,variable_addition,False,MDL-Flat,19,L2-k5,0.9577241766377206,0.2650372631530855,4.126322125262594,1.0,1.0,1.0,0.18251996247923685,6
scaling,hidden_variable,variable_addition,False,MDL-Flat,20,L2-k5,0.953706561916476,0.3405033500571023,4.375213317385593,1.0,1.0,1.0,0.16891646465943327,6
scaling,hidden_variable,variable_addition,False,MDL-Flat,21,L2-k5,0.9569908654155672,0.277914269289145,3.7421342338883425,1.0,1.0,1.0,0.1669976295111597,6
scaling,hidden_variable,variable_addition,False,MDL-Flat,22,L2-k5,0.9619939435290005,0.2822536035408505,4.574656584650099,1.0,1.0,1.0,0.17617905919396604,6
scaling,hidden_variable,variable_addition,False,MDL-Flat,23,L2-k5,0.9591233437550029,0.3207993859212012,4.394429094285322,1.0,1.0,1.0,0.16386678465070215,6
scaling,hidden_variable,variable_addition,False,MDL-Flat,24,L2-k5,0.9554796513224365,0.2839065731782608,4.037132894528911,1.0,1.0,1.0,0.17700142133212404,6
scaling,hidden_variable,variable_addition,False,MDL-Flat,25,L2-k5,0.9506095527423675,0.36998637132421003,4.608895777868238,1.0,1.0,1.0,0.1717630559659558,6
scaling,hidden_variable,variable_addition,False,MDL-Flat,26,L2-k5,0.9605257095034687,0.28545716438977853,4.475246771629622,1.0,1.0,1.0,0.17618023855365111,6
scaling,hidden_variable,variable_addition,False,MDL-Flat,27,L2-k5,0.9510678164168338,0.3068917562822039,3.3203193690335064,1.0,1.0,1.0,0.1543301445065714,6
scaling,hidden_variable,variable_addition,False,MDL-Flat,28,L2-k5,0.9657873024721338,0.29553943672790295,4.204254652266052,1.0,1.0,1.0,0.15043372515013648,6
scaling,hidden_variable,variable_addition,False,MDL-Flat,29,L2-k5,0.9611602240748912,0.29964210347240366,4.786178045488243,1.0,1.0,1.0,0.17671305874800092,6
scaling,hidden_variable,variable_addition,False,MDL-Flat,30,L2-k5,0.9546131527835757,0.31713986586210247,3.9782943404911486,1.0,1.0,1.0,0.16410484049002383,6
scaling,hidden_variable,variable_addition,False,MDL-Flat,31,L2-k5,0.967725284258685,0.255235254691404,5.339973408714609,1.0,1.0,1.0,0.1893576932945541,6
scaling,hidden_variable,variable_addition,False,MDL-Flat,32,L2-k5,0.9480875065103156,0.28049170392244144,3.7960162048469637,1.0,1.0,1.0,0.18685622580986222,6
scaling,hidden_variable,variable_addition,False,MDL-Flat,33,L2-k5,0.9543919755387106,0.28567400592239767,4.1292307477884185,1.0,1.0,1.0,0.18146701817682437,6
scaling,hidden_variable,variable_addition,False,MDL-Flat,34,L2-k5,0.9619693204580729,0.3014303266130574,4.095686270801531,1.0,1.0,1.0,0.15571181651610655,6
scaling,hidden_variable,variable_addition,False,MDL-Flat,35,L2-k5,0.9557523797486879,0.28519215333325615,3.4162261237362017,1.0,1.0,1.0,0.15624310029709176,6
scaling,hidden_variable,variable_addition,False,MDL-Flat,36,L2-k5,0.9613240609100533,0.2874387969714783,4.555428330088295,1.0,1.0,1.0,0.17533896555509082,6
scaling,hidden_variable,variable_addition,False,MDL-Flat,37,L2-k5,0.9522090316112476,0.2895204281264535,4.156740698710813,1.0,1.0,1.0,0.18550624996693704,6
scaling,hidden_variable,variable_addition,False,MDL-Flat,38,L2-k5,0.9587689523571702,0.33476642602326984,4.747086931990572,1.0,1.0,1.0,0.16878912880198677,6
scaling,hidden_variable,variable_addition,False,MDL-Flat,39,L2-k5,0.960446438098123,0.3195329187335977,4.264154421644131,1.0,1.0,1.0,0.15755483724489933,6
scaling,hidden_variable,variable_addition,False,EIC-Greedy,0,L2-k5,0.9611577902962598,0.2765604362396616,4.307712849741292,1.0,1.0,1.0,0.1737281712007388,6
scaling,hidden_variable,variable_addition,False,EIC-Greedy,1,L2-k5,0.9497616927153731,0.31432190660766707,4.165281911893889,1.0,1.0,1.0,0.18092832064920333,6
scaling,hidden_variable,variable_addition,False,EIC-Greedy,2,L2-k5,0.9564427418315583,0.3161974350520702,4.729703143238551,1.0,1.0,1.0,0.18081543910082482,6
scaling,hidden_variable,variable_addition,False,EIC-Greedy,3,L2-k5,0.9454373982806631,0.3069555679087895,4.51676434139587,1.0,1.0,1.0,0.2023327124580292,6
scaling,hidden_variable,variable_addition,False,EIC-Greedy,4,L2-k5,0.9570272414739909,0.2743426107037583,3.890965175569365,1.0,1.0,1.0,0.17304772221549752,6
scaling,hidden_variable,variable_addition,False,EIC-Greedy,5,L2-k5,0.9468367301589768,0.38435745261267096,5.07451518787818,1.0,1.0,1.0,0.18627709177452167,6
scaling,hidden_variable,variable_addition,False,EIC-Greedy,6,L2-k5,0.9650460379347919,0.2683572622706608,4.733602197709214,1.0,1.0,1.0,0.17743866988724327,6
scaling,hidden_variable,variable_addition,False,EIC-Greedy,7,L2-k5,0.9534836596170011,0.2809506436535368,3.856320173551829,1.0,1.0,1.0,0.1772744036405685,6
scaling,hidden_variable,variable_addition,False,EIC-Greedy,8,L2-k5,0.9617858560242928,0.2962612259741969,4.885593087748911,1.0,1.0,1.0,0.1788185769360674,6
scaling,hidden_variable,variable_addition,False,EIC-Greedy,9,L2-k5,0.9572253292781151,0.29779281939012997,3.838362531394721,1.0,1.0,1.0,0.16134891667141488,6
scaling,hidden_variable,variable_addition,False,EIC-Greedy,10,L2-k5,0.966004585408567,0.2505079635109149,4.563651432702429,1.0,1.0,1.0,0.1783303266569417,6
scaling,hidden_variable,variable_addition,False,EIC-Greedy,11,L2-k5,0.9490811681431449,0.3087838289054643,3.96861194286551,1.0,1.0,1.0,0.1786019606045029,6
scaling,hidden_variable,variable_addition,False,EIC-Greedy,12,L2-k5,0.9566052512205474,0.2941142045070192,4.556427198973797,1.0,1.0,1.0,0.18466333723082656,6
scaling,hidden_variable,variable_addition,False,EIC-Greedy,13,L2-k5,0.9460560276782143,0.3512313398655914,3.4390190169771677,1.0,1.0,1.0,0.15216547086266802,6
scaling,hidden_variable,variable_addition,False,EIC-Greedy,14,L2-k5,0.9593530692172555,0.3150192499423171,5.1723249655749,1.0,1.0,1.0,0.18480636972990272,6
scaling,hidden_variable,variable_addition,False,EIC-Greedy,15,L2-k5,0.9453402187710532,0.3974162012460943,4.499192688501793,1.0,1.0,1.0,0.1704802815215758,6
scaling,hidden_variable,variable_addition,False,EIC-Greedy,16,L2-k5,0.9428500062445737,0.37498085416907007,3.8710383517900335,1.0,1.0,1.0,0.16387221608268115,6
scaling,hidden_variable,variable_addition,False,EIC-Greedy,17,L2-k5,0.9593376085717943,0.2744621866763898,4.175407831321981,1.0,1.0,1.0,0.17568398975380145,6
scaling,hidden_variable,variable_addition,False,EIC-Greedy,18,L2-k5,0.954791874672346,0.3056034093163473,3.7802008341909463,1.0,1.0,1.0,0.1620748953390025,6
scaling,hidden_variable,variable_addition,False,EIC-Greedy,19,L2-k5,0.9577241766377206,0.2650372631530855,4.126322125262594,1.0,1.0,1.0,0.18251996247923685,6
scaling,hidden_variable,variable_addition,False,EIC-Greedy,20,L2-k5,0.953706561916476,0.3405033500571023,4.375213317385593,1.0,1.0,1.0,0.16891646465943327,6
scaling,hidden_variable,variable_addition,False,EIC-Greedy,21,L2-k5,0.9569908654155672,0.277914269289145,3.7421342338883425,1.0,1.0,1.0,0.1669976295111597,6
scaling,hidden_variable,variable_addition,False,EIC-Greedy,22,L2-k5,0.9619939435290005,0.2822536035408505,4.574656584650099,1.0,1.0,1.0,0.17617905919396604,6
scaling,hidden_variable,variable_addition,False,EIC-Greedy,23,L2-k5,0.9591233437550029,0.3207993859212012,4.394429094285322,1.0,1.0,1.0,0.16386678465070215,6
scaling,hidden_variable,variable_addition,False,EIC-Greedy,24,L2-k5,0.9554796513224365,0.2839065731782608,4.037132894528911,1.0,1.0,1.0,0.17700142133212404,6
scaling,hidden_variable,variable_addition,False,EIC-Greedy,25,L2-k5,0.9506095527423675,0.36998637132421003,4.608895777868238,1.0,1.0,1.0,0.1717630559659558,6
scaling,hidden_variable,variable_addition,False,EIC-Greedy,26,L2-k5,0.9605257095034687,0.28545716438977853,4.475246771629622,1.0,1.0,1.0,0.17618023855365111,6
scaling,hidden_variable,variable_addition,False,EIC-Greedy,27,L2-k5,0.9510678164168338,0.3068917562822039,3.3203193690335064,1.0,1.0,1.0,0.1543301445065714,6
scaling,hidden_variable,variable_addition,False,EIC-Greedy,28,L2-k5,0.9657873024721338,0.29553943672790295,4.204254652266052,1.0,1.0,1.0,0.15043372515013648,6
scaling,hidden_variable,variable_addition,False,EIC-Greedy,29,L2-k5,0.9611602240748912,0.29964210347240366,4.786178045488243,1.0,1.0,1.0,0.17671305874800092,6
scaling,hidden_variable,variable_addition,False,EIC-Greedy,30,L2-k5,0.9546131527835757,0.31713986586210247,3.9782943404911486,1.0,1.0,1.0,0.16410484049002383,6
scaling,hidden_variable,variable_addition,False,EIC-Greedy,31,L2-k5,0.967725284258685,0.255235254691404,5.339973408714609,1.0,1.0,1.0,0.1893576932945541,6
scaling,hidden_variable,variable_addition,False,EIC-Greedy,32,L2-k5,0.9480875065103156,0.28049170392244144,3.7960162048469637,1.0,1.0,1.0,0.18685622580986222,6
scaling,hidden_variable,variable_addition,False,EIC-Greedy,33,L2-k5,0.9543919755387106,0.28567400592239767,4.1292307477884185,1.0,1.0,1.0,0.18146701817682437,6
scaling,hidden_variable,variable_addition,False,EIC-Greedy,34,L2-k5,0.9619693204580729,0.3014303266130574,4.095686270801531,1.0,1.0,1.0,0.15571181651610655,6
scaling,hidden_variable,variable_addition,False,EIC-Greedy,35,L2-k5,0.9557523797486879,0.28519215333325615,3.4162261237362017,1.0,1.0,1.0,0.15624310029709176,6
scaling,hidden_variable,variable_addition,False,EIC-Greedy,36,L2-k5,0.9613240609100533,0.2874387969714783,4.555428330088295,1.0,1.0,1.0,0.17533896555509082,6
scaling,hidden_variable,variable_addition,False,EIC-Greedy,37,L2-k5,0.9522090316112476,0.2895204281264535,4.156740698710813,1.0,1.0,1.0,0.18550624996693704,6
scaling,hidden_variable,variable_addition,False,EIC-Greedy,38,L2-k5,0.9587689523571702,0.33476642602326984,4.747086931990572,1.0,1.0,1.0,0.16878912880198677,6
scaling,hidden_variable,variable_addition,False,EIC-Greedy,39,L2-k5,0.960446438098123,0.3195329187335977,4.264154421644131,1.0,1.0,1.0,0.15755483724489933,6
scaling,hidden_variable,variable_addition,False,Oracle,0,L2-k5,0.9611577902962598,0.2765604362396616,4.307712849741292,1.0,1.0,1.0,0.1737281712007388,6
scaling,hidden_variable,variable_addition,False,Oracle,1,L2-k5,0.9497616927153731,0.31432190660766707,4.165281911893889,1.0,1.0,1.0,0.18092832064920333,6
scaling,hidden_variable,variable_addition,False,Oracle,2,L2-k5,0.9564427418315583,0.3161974350520702,4.729703143238551,1.0,1.0,1.0,0.18081543910082482,6
scaling,hidden_variable,variable_addition,False,Oracle,3,L2-k5,0.9454373982806631,0.3069555679087895,4.51676434139587,1.0,1.0,1.0,0.2023327124580292,6
scaling,hidden_variable,variable_addition,False,Oracle,4,L2-k5,0.9570272414739909,0.2743426107037583,3.890965175569365,1.0,1.0,1.0,0.17304772221549752,6
scaling,hidden_variable,variable_addition,False,Oracle,5,L2-k5,0.9468367301589768,0.38435745261267096,5.07451518787818,1.0,1.0,1.0,0.18627709177452167,6
scaling,hidden_variable,variable_addition,False,Oracle,6,L2-k5,0.9650460379347919,0.2683572622706608,4.733602197709214,1.0,1.0,1.0,0.17743866988724327,6
scaling,hidden_variable,variable_addition,False,Oracle,7,L2-k5,0.9534836596170011,0.2809506436535368,3.856320173551829,1.0,1.0,1.0,0.1772744036405685,6
scaling,hidden_variable,variable_addition,False,Oracle,8,L2-k5,0.9617858560242928,0.2962612259741969,4.885593087748911,1.0,1.0,1.0,0.1788185769360674,6
scaling,hidden_variable,variable_addition,False,Oracle,9,L2-k5,0.9572253292781151,0.29779281939012997,3.838362531394721,1.0,1.0,1.0,0.16134891667141488,6
scaling,hidden_variable,variable_addition,False,Oracle,10,L2-k5,0.966004585408567,0.2505079635109149,4.563651432702429,1.0,1.0,1.0,0.1783303266569417,6
scaling,hidden_variable,variable_addition,False,Oracle,11,L2-k5,0.9490811681431449,0.3087838289054643,3.96861194286551,1.0,1.0,1.0,0.1786019606045029,6
scaling,hidden_variable,variable_addition,False,Oracle,12,L2-k5,0.9566052512205474,0.2941142045070192,4.556427198973797,1.0,1.0,1.0,0.18466333723082656,6
scaling,hidden_variable,variable_addition,False,Oracle,13,L2-k5,0.9460560276782143,0.3512313398655914,3.4390190169771677,1.0,1.0,1.0,0.15216547086266802,6
scaling,hidden_variable,variable_addition,False,Oracle,14,L2-k5,0.9593530692172555,0.3150192499423171,5.1723249655749,1.0,1.0,1.0,0.18480636972990272,6
scaling,hidden_variable,variable_addition,False,Oracle,15,L2-k5,0.9453402187710532,0.3974162012460943,4.499192688501793,1.0,1.0,1.0,0.1704802815215758,6
scaling,hidden_variable,variable_addition,False,Oracle,16,L2-k5,0.9428500062445737,0.37498085416907007,3.8710383517900335,1.0,1.0,1.0,0.16387221608268115,6
scaling,hidden_variable,variable_addition,False,Oracle,17,L2-k5,0.9593376085717943,0.2744621866763898,4.175407831321981,1.0,1.0,1.0,0.17568398975380145,6
scaling,hidden_variable,variable_addition,False,Oracle,18,L2-k5,0.954791874672346,0.3056034093163473,3.7802008341909463,1.0,1.0,1.0,0.1620748953390025,6
scaling,hidden_variable,variable_addition,False,Oracle,19,L2-k5,0.9577241766377206,0.2650372631530855,4.126322125262594,1.0,1.0,1.0,0.18251996247923685,6
scaling,hidden_variable,variable_addition,False,Oracle,20,L2-k5,0.953706561916476,0.3405033500571023,4.375213317385593,1.0,1.0,1.0,0.16891646465943327,6
scaling,hidden_variable,variable_addition,False,Oracle,21,L2-k5,0.9569908654155672,0.277914269289145,3.7421342338883425,1.0,1.0,1.0,0.1669976295111597,6
scaling,hidden_variable,variable_addition,False,Oracle,22,L2-k5,0.9619939435290005,0.2822536035408505,4.574656584650099,1.0,1.0,1.0,0.17617905919396604,6
scaling,hidden_variable,variable_addition,False,Oracle,23,L2-k5,0.9591233437550029,0.3207993859212012,4.394429094285322,1.0,1.0,1.0,0.16386678465070215,6
scaling,hidden_variable,variable_addition,False,Oracle,24,L2-k5,0.9554796513224365,0.2839065731782608,4.037132894528911,1.0,1.0,1.0,0.17700142133212404,6
scaling,hidden_variable,variable_addition,False,Oracle,25,L2-k5,0.9506095527423675,0.36998637132421003,4.608895777868238,1.0,1.0,1.0,0.1717630559659558,6
scaling,hidden_variable,variable_addition,False,Oracle,26,L2-k5,0.9605257095034687,0.28545716438977853,4.475246771629622,1.0,1.0,1.0,0.17618023855365111,6
scaling,hidden_variable,variable_addition,False,Oracle,27,L2-k5,0.9510678164168338,0.3068917562822039,3.3203193690335064,1.0,1.0,1.0,0.1543301445065714,6
scaling,hidden_variable,variable_addition,False,Oracle,28,L2-k5,0.9657873024721338,0.29553943672790295,4.204254652266052,1.0,1.0,1.0,0.15043372515013648,6
scaling,hidden_variable,variable_addition,False,Oracle,29,L2-k5,0.9611602240748912,0.29964210347240366,4.786178045488243,1.0,1.0,1.0,0.17671305874800092,6
scaling,hidden_variable,variable_addition,False,Oracle,30,L2-k5,0.9546131527835757,0.31713986586210247,3.9782943404911486,1.0,1.0,1.0,0.16410484049002383,6
scaling,hidden_variable,variable_addition,False,Oracle,31,L2-k5,0.967725284258685,0.255235254691404,5.339973408714609,1.0,1.0,1.0,0.1893576932945541,6
scaling,hidden_variable,variable_addition,False,Oracle,32,L2-k5,0.9480875065103156,0.28049170392244144,3.7960162048469637,1.0,1.0,1.0,0.18685622580986222,6
scaling,hidden_variable,variable_addition,False,Oracle,33,L2-k5,0.9543919755387106,0.28567400592239767,4.1292307477884185,1.0,1.0,1.0,0.18146701817682437,6
scaling,hidden_variable,variable_addition,False,Oracle,34,L2-k5,0.9619693204580729,0.3014303266130574,4.095686270801531,1.0,1.0,1.0,0.15571181651610655,6
scaling,hidden_variable,variable_addition,False,Oracle,35,L2-k5,0.9557523797486879,0.28519215333325615,3.4162261237362017,1.0,1.0,1.0,0.15624310029709176,6
scaling,hidden_variable,variable_addition,False,Oracle,36,L2-k5,0.9613240609100533,0.2874387969714783,4.555428330088295,1.0,1.0,1.0,0.17533896555509082,6
scaling,hidden_variable,variable_addition,False,Oracle,37,L2-k5,0.9522090316112476,0.2895204281264535,4.156740698710813,1.0,1.0,1.0,0.18550624996693704,6
scaling,hidden_variable,variable_addition,False,Oracle,38,L2-k5,0.9587689523571702,0.33476642602326984,4.747086931990572,1.0,1.0,1.0,0.16878912880198677,6
scaling,hidden_variable,variable_addition,False,Oracle,39,L2-k5,0.960446438098123,0.3195329187335977,4.264154421644131,1.0,1.0,1.0,0.15755483724489933,6
scaling,hidden_variable,variable_addition,False,Fixed-Frame,0,L2-k10,0.578707013706849,4.729867457531382,4.729867457531382,0.0,0.0,0.0,0.0,11
scaling,hidden_variable,variable_addition,False,Fixed-Frame,1,L2-k10,0.5986785660477696,4.024806224181896,4.024806224181896,0.0,0.0,0.0,0.0,11
scaling,hidden_variable,variable_addition,False,Fixed-Frame,2,L2-k10,0.5946313008455485,6.184058754653594,6.184058754653594,0.0,0.0,0.0,0.0,11
scaling,hidden_variable,variable_addition,False,Fixed-Frame,3,L2-k10,0.6106948985781799,4.716087005339968,4.716087005339968,0.0,0.0,0.0,0.0,11
scaling,hidden_variable,variable_addition,False,Fixed-Frame,4,L2-k10,0.6492887726762671,3.4273969589314652,3.4273969589314652,0.0,0.0,0.0,0.0,11
scaling,hidden_variable,variable_addition,False,Fixed-Frame,5,L2-k10,0.629548095000091,3.799606477355909,3.799606477355909,0.0,0.0,0.0,0.0,11
scaling,hidden_variable,variable_addition,False,Fixed-Frame,6,L2-k10,0.6644493822445755,3.407449316932031,3.407449316932031,0.0,0.0,0.0,0.0,11
scaling,hidden_variable,variable_addition,False,Fixed-Frame,7,L2-k10,0.6158835935811684,4.5891171933309876,4.5891171933309876,0.0,0.0,0.0,0.0,11
scaling,hidden_variable,variable_addition,False,Fixed-Frame,8,L2-k10,0.6084546711986365,5.135546852959716,5.135546852959716,0.0,0.0,0.0,0.0,11
scaling,hidden_variable,variable_addition,False,Fixed-Frame,9,L2-k10,0.6311509497962108,4.15012375443555,4.15012375443555,0.0,0.0,0.0,0.0,11
scaling,hidden_variable,variable_addition,False,Fixed-Frame,10,L2-k10,0.58942459754887,5.026119340202992,5.026119340202992,0.0,0.0,0.0,0.0,11
scaling,hidden_variable,variable_addition,False,Fixed-Frame,11,L2-k10,0.6110603882622205,4.09960261577567,4.09960261577567,0.0,0.0,0.0,0.0,11
scaling,hidden_variable,variable_addition,False,Fixed-Frame,12,L2-k10,0.5792113543272431,4.350994772771546,4.350994772771546,0.0,0.0,0.0,0.0,11
scaling,hidden_variable,variable_addition,False,Fixed-Frame,13,L2-k10,0.6508783742555626,4.038640794518313,4.038640794518313,0.0,0.0,0.0,0.0,11
scaling,hidden_variable,variable_addition,False,Fixed-Frame,14,L2-k10,0.6356342304472828,3.5347168310543227,3.5347168310543227,0.0,0.0,0.0,0.0,11
scaling,hidden_variable,variable_addition,False,Fixed-Frame,15,L2-k10,0.5629877886175352,4.2420850007440185,4.2420850007440185,0.0,0.0,0.0,0.0,11
scaling,hidden_variable,variable_addition,False,Fixed-Frame,16,L2-k10,0.5945981765144128,4.824532990935518,4.824532990935518,0.0,0.0,0.0,0.0,11
scaling,hidden_variable,variable_addition,False,Fixed-Frame,17,L2-k10,0.5851639046400163,4.771124048416626,4.771124048416626,0.0,0.0,0.0,0.0,11
scaling,hidden_variable,variable_addition,False,Fixed-Frame,18,L2-k10,0.592228466884953,4.8757891330170535,4.8757891330170535,0.0,0.0,0.0,0.0,11
scaling,hidden_variable,variable_addition,False,Fixed-Frame,19,L2-k10,0.6201596308530889,4.08540085622238,4.08540085622238,0.0,0.0,0.0,0.0,11
scaling,hidden_variable,variable_addition,False,Fixed-Frame,20,L2-k10,0.5717312181135131,4.971167795426258,4.971167795426258,0.0,0.0,0.0,0.0,11
scaling,hidden_variable,variable_addition,False,Fixed-Frame,21,L2-k10,0.5909742175131851,5.0088814594987054,5.0088814594987054,0.0,0.0,0.0,0.0,11
scaling,hidden_variable,variable_addition,False,Fixed-Frame,22,L2-k10,0.6014342623374856,4.553458458818391,4.553458458818391,0.0,0.0,0.0,0.0,11
scaling,hidden_variable,variable_addition,False,Fixed-Frame,23,L2-k10,0.5887775036386638,4.935711824200549,4.935711824200549,0.0,0.0,0.0,0.0,11
scaling,hidden_variable,variable_addition,False,Fixed-Frame,24,L2-k10,0.5906118644132874,4.020066739840891,4.020066739840891,0.0,0.0,0.0,0.0,11
scaling,hidden_variable,variable_addition,False,Fixed-Frame,25,L2-k10,0.6717223535122321,4.7291184037938985,4.7291184037938985,0.0,0.0,0.0,0.0,11
scaling,hidden_variable,variable_addition,False,Fixed-Frame,26,L2-k10,0.5713966913708318,4.849393561391571,4.849393561391571,0.0,0.0,0.0,0.0,11
scaling,hidden_variable,variable_addition,False,Fixed-Frame,27,L2-k10,0.5931499722921479,4.74828057327071,4.74828057327071,0.0,0.0,0.0,0.0,11
scaling,hidden_variable,variable_addition,False,Fixed-Frame,28,L2-k10,0.6328204709301342,4.396981050924322,4.396981050924322,0.0,0.0,0.0,0.0,11
scaling,hidden_variable,variable_addition,False,Fixed-Frame,29,L2-k10,0.6254284811013217,4.600819940073202,4.600819940073202,0.0,0.0,0.0,0.0,11
scaling,hidden_variable,variable_addition,False,Fixed-Frame,30,L2-k10,0.6076916236462249,4.677373681649722,4.677373681649722,0.0,0.0,0.0,0.0,11
scaling,hidden_variable,variable_addition,False,Fixed-Frame,31,L2-k10,0.5731834195383599,5.28397037487528,5.28397037487528,0.0,0.0,0.0,0.0,11
scaling,hidden_variable,variable_addition,False,Fixed-Frame,32,L2-k10,0.5664648557991362,4.160228918327438,4.160228918327438,0.0,0.0,0.0,0.0,11
scaling,hidden_variable,variable_addition,False,Fixed-Frame,33,L2-k10,0.611615478288462,4.318266162192621,4.318266162192621,0.0,0.0,0.0,0.0,11
scaling,hidden_variable,variable_addition,False,Fixed-Frame,34,L2-k10,0.6149443432528122,4.770980107532367,4.770980107532367,0.0,0.0,0.0,0.0,11
scaling,hidden_variable,variable_addition,False,Fixed-Frame,35,L2-k10,0.5551463559608757,4.314516863884549,4.314516863884549,0.0,0.0,0.0,0.0,11
scaling,hidden_variable,variable_addition,False,Fixed-Frame,36,L2-k10,0.6366340081435996,3.4889068002147026,3.4889068002147026,0.0,0.0,0.0,0.0,11
scaling,hidden_variable,variable_addition,False,Fixed-Frame,37,L2-k10,0.6025834218155122,4.815096742386096,4.815096742386096,0.0,0.0,0.0,0.0,11
scaling,hidden_variable,variable_addition,False,Fixed-Frame,38,L2-k10,0.567507199143447,3.1828932580842357,3.1828932580842357,0.0,0.0,0.0,0.0,11
scaling,hidden_variable,variable_addition,False,Fixed-Frame,39,L2-k10,0.6257507724734085,3.9428085015184675,3.9428085015184675,0.0,0.0,0.0,0.0,11
scaling,hidden_variable,variable_addition,False,Random-Edit,0,L2-k10,0.9545626173664286,0.30926613842511586,4.729867457531382,1.0,1.0,1.0,0.1879278018297898,11
scaling,hidden_variable,variable_addition,False,Random-Edit,1,L2-k10,0.5909664661165162,4.155682952858727,4.024806224181896,0.0,1.0,1.0,0.0,11
scaling,hidden_variable,variable_addition,False,Random-Edit,2,L2-k10,0.5942444201620691,6.193990723069729,6.184058754653594,0.0,1.0,1.0,0.0,11
scaling,hidden_variable,variable_addition,False,Random-Edit,3,L2-k10,0.6119252232105602,4.691730606442712,4.716087005339968,0.0,1.0,1.0,0.0006151623161901321,11
scaling,hidden_variable,variable_addition,False,Random-Edit,4,L2-k10,0.6476663741932811,3.451877494776415,3.4273969589314652,0.0,1.0,1.0,0.0,11
scaling,hidden_variable,variable_addition,False,Random-Edit,5,L2-k10,0.629548095000091,3.799606477355909,3.799606477355909,0.0,0.0,0.0,0.0,11
scaling,hidden_variable,variable_addition,False,Random-Edit,6,L2-k10,0.6629703327692976,3.430104103194573,3.407449316932031,0.0,1.0,1.0,0.0,11
scaling,hidden_variable,variable_addition,False,Random-Edit,7,L2-k10,0.6159159956259292,4.588488676045899,4.5891171933309876,0.0,1.0,1.0,1.6201022380424313e-05,11
scaling,hidden_variable,variable_addition,False,Random-Edit,8,L2-k10,0.6100598707357621,5.101035561135439,5.135546852959716,0.0,1.0,1.0,0.0008025997685627839,11
scaling,hidden_variable,variable_addition,False,Random-Edit,9,L2-k10,0.6309443914344077,4.15380728327347,4.15012375443555,0.0,1.0,1.0,0.0,11
scaling,hidden_variable,variable_addition,False,Random-Edit,10,L2-k10,0.5908452551487205,4.99668491659773,5.026119340202992,0.0,1.0,1.0,0.000710328799925275,11
scaling,hidden_variable,variable_addition,False,Random-Edit,11,L2-k10,0.6109312166185831,4.101831227722318,4.09960261577567,0.0,1.0,1.0,0.0,11
scaling,hidden_variable,variable_addition,False,Random-Edit,12,L2-k10,0.9338180610118456,0.4244620168405371,4.350994772771546,1.0,1.0,1.0,0.17730335334230124,11
scaling,hidden_variable,variable_addition,False,Random-Edit,13,L2-k10,0.6535288428470251,3.9917252912796095,4.038640794518313,0.0,1.0,1.0,0.0013252342957312258,11
scaling,hidden_variable,variable_addition,False,Random-Edit,14,L2-k10,0.6314459883728897,3.5990615079463097,3.5347168310543227,0.0,1.0,1.0,0.0,11
scaling,hidden_variable,variable_addition,False,Random-Edit,15,L2-k10,0.5620707254010776,4.2579227732960065,4.2420850007440185,0.0,1.0,1.0,0.0,11
scaling,hidden_variable,variable_addition,False,Random-Edit,16,L2-k10,0.5932781565115184,4.8510113908001395,4.824532990935518,0.0,1.0,1.0,0.0,11
scaling,hidden_variable,variable_addition,False,Random-Edit,17,L2-k10,0.5854612211981063,4.765283345284991,4.771124048416626,0.0,1.0,1.0,0.00014865827904497753,11
scaling,hidden_variable,variable_addition,False,Random-Edit,18,L2-k10,0.5925412084215733,4.869478178969763,4.8757891330170535,0.0,1.0,1.0,0.0001563707683101545,11
scaling,hidden_variable,variable_addition,False,Random-Edit,19,L2-k10,0.6132671965948934,4.206281413513039,4.08540085622238,0.0,1.0,1.0,0.0,11
scaling,hidden_variable,variable_addition,False,Random-Edit,20,L2-k10,0.5724131565500724,4.957339216058538,4.971167795426258,0.0,1.0,1.0,0.0003409692182796409,11
scaling,hidden_variable,variable_addition,False,Random-Edit,21,L2-k10,0.5885105282724169,5.060146553716722,5.0088814594987054,0.0,1.0,1.0,0.0,11
scaling,hidden_variable,variable_addition,False,Random-Edit,22,L2-k10,0.5926107890578779,4.7235612490487515,4.553458458818391,0.0,1.0,1.0,0.0,11
scaling,hidden_variable,variable_addition,False,Random-Edit,23,L2-k10,0.5888555913217136,4.93412017753483,4.935711824200549,0.0,1.0,1.0,3.9043841524921685e-05,11
scaling,hidden_variable,variable_addition,False,Random-Edit,24,L2-k10,0.5899186232247676,4.031606326749914,4.020066739840891,0.0,1.0,1.0,0.0,11
scaling,hidden_variable,variable_addition,False,Random-Edit,25,L2-k10,0.6669904542808942,4.831319309717495,4.7291184037938985,0.0,1.0,1.0,0.0,11
scaling,hidden_variable,variable_addition,False,Random-Edit,26,L2-k10,0.9621121158124306,0.25459173633623633,4.849393561391571,1.0,1.0,1.0,0.1953577122207994,11
scaling,hidden_variable,variable_addition,False,Random-Edit,27,L2-k10,0.5944904243686581,4.7219652656339175,4.74828057327071,0.0,1.0,1.0,0.0006702260382550618,11
scaling,hidden_variable,variable_addition,False,Random-Edit,28,L2-k10,0.6349066937077086,4.357632666065785,4.396981050924322,0.0,1.0,1.0,0.00104311138878721,11
scaling,hidden_variable,variable_addition,False,Random-Edit,29,L2-k10,0.6241362156047738,4.626251491241543,4.600819940073202,0.0,1.0,1.0,0.0,11
scaling,hidden_variable,variable_addition,False,Random-Edit,30,L2-k10,0.6115219654316251,4.602694430624292,4.677373681649722,0.0,1.0,1.0,0.001915170892700102,11
scaling,hidden_variable,variable_addition,False,Random-Edit,31,L2-k10,0.5664846795338674,5.430364633643796,5.28397037487528,0.0,1.0,1.0,0.0,11
scaling,hidden_variable,variable_addition,False,Random-Edit,32,L2-k10,0.5661726025604445,4.165182318356793,4.160228918327438,0.0,1.0,1.0,0.0,11
scaling,hidden_variable,variable_addition,False,Random-Edit,33,L2-k10,0.6095425071855786,4.356078779953979,4.318266162192621,0.0,1.0,1.0,0.0,11
scaling,hidden_variable,variable_addition,False,Random-Edit,34,L2-k10,0.6149664411206797,4.770534878933105,4.770980107532367,0.0,1.0,1.0,1.1048933933721639e-05,11
scaling,hidden_variable,variable_addition,False,Random-Edit,35,L2-k10,0.9387942672183797,0.3510299601285594,4.314516863884549,1.0,1.0,1.0,0.19182395562875199,11
scaling,hidden_variable,variable_addition,False,Random-Edit,36,L2-k10,0.6334149321935154,3.537703226428098,3.4889068002147026,0.0,1.0,1.0,0.0,11
scaling,hidden_variable,variable_addition,False,Random-Edit,37,L2-k10,0.6035035825546758,4.796623510402334,4.815096742386096,0.0,1.0,1.0,0.00046008036958183895,11
scaling,hidden_variable,variable_addition,False,Random-Edit,38,L2-k10,0.9399403350668056,0.2668684204552652,3.1828932580842357,1.0,1.0,1.0,0.1862165679616793,11
scaling,hidden_variable,variable_addition,False,Random-Edit,39,L2-k10,0.6256805743613694,3.9439905016699357,3.9428085015184675,0.0,1.0,1.0,0.0,11
scaling,hidden_variable,variable_addition,False,Flat-Search,0,L2-k10,0.9545626173664286,0.30926613842511586,4.729867457531382,1.0,1.0,1.0,0.1879278018297898,11
scaling,hidden_variable,variable_addition,False,Flat-Search,1,L2-k10,0.9451013431030514,0.34876240957675453,4.024806224181896,1.0,1.0,1.0,0.1732113885276409,11
scaling,hidden_variable,variable_addition,False,Flat-Search,2,L2-k10,0.9610195393410629,0.3679475466921678,6.184058754653594,1.0,1.0,1.0,0.1831941192477572,11
scaling,hidden_variable,variable_addition,False,Flat-Search,3,L2-k10,0.9515467853994741,0.3767111328599043,4.716087005339968,1.0,1.0,1.0,0.1704259434106471,11
scaling,hidden_variable,variable_addition,False,Flat-Search,4,L2-k10,0.9605027197921242,0.26092832308264663,3.4273969589314652,1.0,1.0,1.0,0.15560697355792857,11
scaling,hidden_variable,variable_addition,False,Flat-Search,5,L2-k10,0.9508687294464058,0.33363617308114174,3.799606477355909,1.0,1.0,1.0,0.16066031722315738,11
scaling,hidden_variable,variable_addition,False,Flat-Search,6,L2-k10,0.9604387335204659,0.277928948239476,3.407449316932031,1.0,1.0,1.0,0.14799467563794522,11
scaling,hidden_variable,variable_addition,False,Flat-Search,7,L2-k10,0.9703242977379388,0.22503445862804305,4.5891171933309876,1.0,1.0,1.0,0.1772203520783852,11
scaling,hidden_variable,variable_addition,False,Flat-Search,8,L2-k10,0.9621802966154868,0.313685567411388,5.135546852959716,1.0,1.0,1.0,0.17686281270842513,11
scaling,hidden_variable,variable_addition,False,Flat-Search,9,L2-k10,0.9581033803984295,0.31053619632900575,4.15012375443555,1.0,1.0,1.0,0.16347621530110934,11
scaling,hidden_variable,variable_addition,False,Flat-Search,10,L2-k10,0.9574627686027404,0.3205645171201583,5.026119340202992,1.0,1.0,1.0,0.1840190855269352,11
scaling,hidden_variable,variable_addition,False,Flat-Search,11,L2-k10,0.9488524852047462,0.347191875706938,4.09960261577567,1.0,1.0,1.0,0.16889604847126283,11
scaling,hidden_variable,variable_addition,False,Flat-Search,12,L2-k10,0.9338180610118456,0.4244620168405371,4.350994772771546,1.0,1.0,1.0,0.17730335334230124,11
scaling,hidden_variable,variable_addition,False,Flat-Search,13,L2-k10,0.9571329838532177,0.337216868002053,4.038640794518313,1.0,1.0,1.0,0.15312730479882752,11
scaling,hidden_variable,variable_addition,False,Flat-Search,14,L2-k10,0.9526973656874196,0.30616440497576364,3.5347168310543227,1.0,1.0,1.0,0.15853156762006837,11
scaling,hidden_variable,variable_addition,False,Flat-Search,15,L2-k10,0.9431233871906275,0.32957175085702745,4.2420850007440185,1.0,1.0,1.0,0.19006779928654616,11
scaling,hidden_variable,variable_addition,False,Flat-Search,16,L2-k10,0.9550785500661132,0.33281878426949313,4.824532990935518,1.0,1.0,1.0,0.1802401867758502,11
scaling,hidden_variable,variable_addition,False,Flat-Search,17,L2-k10,0.9596372165817,0.2830712253061888,4.771124048416626,1.0,1.0,1.0,0.18723665597084183,11
scaling,hidden_variable,variable_addition,False,Flat-Search,18,L2-k10,0.9597526055943306,0.2969584993025072,4.8757891330170535,1.0,1.0,1.0,0.1837620693546888,11
scaling,hidden_variable,variable_addition,False,Flat-Search,19,L2-k10,0.9521447975214352,0.33524569379029506,4.08540085622238,1.0,1.0,1.0,0.16599258333417316,11
scaling,hidden_variable,variable_addition,False,Flat-Search,20,L2-k10,0.9499122890718016,0.34993033209030944,4.971167795426258,1.0,1.0,1.0,0.18909053547914423,11
scaling,hidden_variable,variable_addition,False,Flat-Search,21,L2-k10,0.9580478239778204,0.31690267661993293,5.0088814594987054,1.0,1.0,1.0,0.18353680323231764,11
scaling,hidden_variable,variable_addition,False,Flat-Search,22,L2-k10,0.9595264286647661,0.28983055489888004,4.553458458818391,1.0,1.0,1.0,0.17904608316364024,11
scaling,hidden_variable,variable_addition,False,Flat-Search,23,L2-k10,0.9555394119518572,0.3288143296488174,4.935711824200549,1.0,1.0,1.0,0.18338095415659672,11
scaling,hidden_variable,variable_addition,False,Flat-Search,24,L2-k10,0.9522865877811162,0.2905848622351548,4.020066739840891,1.0,1.0,1.0,0.1808373616839144,11
scaling,hidden_variable,variable_addition,False,Flat-Search,25,L2-k10,0.9782003791233226,0.21565016330099826,4.7291184037938985,1.0,1.0,1.0,0.15323901280554525,11
scaling,hidden_variable,variable_addition,False,Flat-Search,26,L2-k10,0.9621121158124306,0.25459173633623633,4.849393561391571,1.0,1.0,1.0,0.1953577122207994,11
scaling,hidden_variable,variable_addition,False,Flat-Search,27,L2-k10,0.954850631214747,0.3273277168694594,4.74828057327071,1.0,1.0,1.0,0.18085032946129953,11
scaling,hidden_variable,variable_addition,False,Flat-Search,28,L2-k10,0.9630304666325515,0.29091130278497257,4.396981050924322,1.0,1.0,1.0,0.1651049978512087,11
scaling,hidden_variable,variable_addition,False,Flat-Search,29,L2-k10,0.9632996734320041,0.2926756927137036,4.600819940073202,1.0,1.0,1.0,0.1689355961653412,11
scaling,hidden_variable,variable_addition,False,Flat-Search,30,L2-k10,0.9535499122709491,0.3529399702755503,4.677373681649722,1.0,1.0,1.0,0.17292914431236212,11
scaling,hidden_variable,variable_addition,False,Flat-Search,31,L2-k10,0.9632815356558642,0.27048549768927554,5.28397037487528,1.0,1.0,1.0,0.1950490580587521,11
scaling,hidden_variable,variable_addition,False,Flat-Search,32,L2-k10,0.9441809892841685,0.32136070666808836,4.160228918327438,1.0,1.0,1.0,0.18885806674251615,11
scaling,hidden_variable,variable_addition,False,Flat-Search,33,L2-k10,0.9614192431212609,0.27288765802783893,4.318266162192621,1.0,1.0,1.0,0.17490188241639948,11
scaling,hidden_variable,variable_addition,False,Flat-Search,34,L2-k10,0.9515889079733717,0.38762824681625824,4.770980107532367,1.0,1.0,1.0,0.16832228236027974,11
scaling,hidden_variable,variable_addition,False,Flat-Search,35,L2-k10,0.9387942672183797,0.3510299601285594,4.314516863884549,1.0,1.0,1.0,0.19182395562875199,11
scaling,hidden_variable,variable_addition,False,Flat-Search,36,L2-k10,0.9455112936042424,0.35226922268876937,3.4889068002147026,1.0,1.0,1.0,0.15443864273032137,11
scaling,hidden_variable,variable_addition,False,Flat-Search,37,L2-k10,0.9595741033436024,0.307579480663025,4.815096742386096,1.0,1.0,1.0,0.1784953407640451,11
scaling,hidden_variable,variable_addition,False,Flat-Search,38,L2-k10,0.9399403350668056,0.2668684204552652,3.1828932580842357,1.0,1.0,1.0,0.1862165679616793,11
scaling,hidden_variable,variable_addition,False,Flat-Search,39,L2-k10,0.9582569010219896,0.2871765000007354,3.9428085015184675,1.0,1.0,1.0,0.16625306427429054,11
scaling,hidden_variable,variable_addition,False,MDL-Flat,0,L2-k10,0.9545626173664286,0.30926613842511586,4.729867457531382,1.0,1.0,1.0,0.1879278018297898,11
scaling,hidden_variable,variable_addition,False,MDL-Flat,1,L2-k10,0.9451013431030514,0.34876240957675453,4.024806224181896,1.0,1.0,1.0,0.1732113885276409,11
scaling,hidden_variable,variable_addition,False,MDL-Flat,2,L2-k10,0.9610195393410629,0.3679475466921678,6.184058754653594,1.0,1.0,1.0,0.1831941192477572,11
scaling,hidden_variable,variable_addition,False,MDL-Flat,3,L2-k10,0.9515467853994741,0.3767111328599043,4.716087005339968,1.0,1.0,1.0,0.1704259434106471,11
scaling,hidden_variable,variable_addition,False,MDL-Flat,4,L2-k10,0.9605027197921242,0.26092832308264663,3.4273969589314652,1.0,1.0,1.0,0.15560697355792857,11
scaling,hidden_variable,variable_addition,False,MDL-Flat,5,L2-k10,0.9508687294464058,0.33363617308114174,3.799606477355909,1.0,1.0,1.0,0.16066031722315738,11
scaling,hidden_variable,variable_addition,False,MDL-Flat,6,L2-k10,0.9604387335204659,0.277928948239476,3.407449316932031,1.0,1.0,1.0,0.14799467563794522,11
scaling,hidden_variable,variable_addition,False,MDL-Flat,7,L2-k10,0.9703242977379388,0.22503445862804305,4.5891171933309876,1.0,1.0,1.0,0.1772203520783852,11
scaling,hidden_variable,variable_addition,False,MDL-Flat,8,L2-k10,0.9621802966154868,0.313685567411388,5.135546852959716,1.0,1.0,1.0,0.17686281270842513,11
scaling,hidden_variable,variable_addition,False,MDL-Flat,9,L2-k10,0.9581033803984295,0.31053619632900575,4.15012375443555,1.0,1.0,1.0,0.16347621530110934,11
scaling,hidden_variable,variable_addition,False,MDL-Flat,10,L2-k10,0.9574627686027404,0.3205645171201583,5.026119340202992,1.0,1.0,1.0,0.1840190855269352,11
scaling,hidden_variable,variable_addition,False,MDL-Flat,11,L2-k10,0.9488524852047462,0.347191875706938,4.09960261577567,1.0,1.0,1.0,0.16889604847126283,11
scaling,hidden_variable,variable_addition,False,MDL-Flat,12,L2-k10,0.9338180610118456,0.4244620168405371,4.350994772771546,1.0,1.0,1.0,0.17730335334230124,11
scaling,hidden_variable,variable_addition,False,MDL-Flat,13,L2-k10,0.9571329838532177,0.337216868002053,4.038640794518313,1.0,1.0,1.0,0.15312730479882752,11
scaling,hidden_variable,variable_addition,False,MDL-Flat,14,L2-k10,0.9526973656874196,0.30616440497576364,3.5347168310543227,1.0,1.0,1.0,0.15853156762006837,11
scaling,hidden_variable,variable_addition,False,MDL-Flat,15,L2-k10,0.9431233871906275,0.32957175085702745,4.2420850007440185,1.0,1.0,1.0,0.19006779928654616,11
scaling,hidden_variable,variable_addition,False,MDL-Flat,16,L2-k10,0.9550785500661132,0.33281878426949313,4.824532990935518,1.0,1.0,1.0,0.1802401867758502,11
scaling,hidden_variable,variable_addition,False,MDL-Flat,17,L2-k10,0.9596372165817,0.2830712253061888,4.771124048416626,1.0,1.0,1.0,0.18723665597084183,11
scaling,hidden_variable,variable_addition,False,MDL-Flat,18,L2-k10,0.9597526055943306,0.2969584993025072,4.8757891330170535,1.0,1.0,1.0,0.1837620693546888,11
scaling,hidden_variable,variable_addition,False,MDL-Flat,19,L2-k10,0.9521447975214352,0.33524569379029506,4.08540085622238,1.0,1.0,1.0,0.16599258333417316,11
scaling,hidden_variable,variable_addition,False,MDL-Flat,20,L2-k10,0.9499122890718016,0.34993033209030944,4.971167795426258,1.0,1.0,1.0,0.18909053547914423,11
scaling,hidden_variable,variable_addition,False,MDL-Flat,21,L2-k10,0.9580478239778204,0.31690267661993293,5.0088814594987054,1.0,1.0,1.0,0.18353680323231764,11
scaling,hidden_variable,variable_addition,False,MDL-Flat,22,L2-k10,0.9595264286647661,0.28983055489888004,4.553458458818391,1.0,1.0,1.0,0.17904608316364024,11
scaling,hidden_variable,variable_addition,False,MDL-Flat,23,L2-k10,0.9555394119518572,0.3288143296488174,4.935711824200549,1.0,1.0,1.0,0.18338095415659672,11
scaling,hidden_variable,variable_addition,False,MDL-Flat,24,L2-k10,0.9522865877811162,0.2905848622351548,4.020066739840891,1.0,1.0,1.0,0.1808373616839144,11
scaling,hidden_variable,variable_addition,False,MDL-Flat,25,L2-k10,0.9782003791233226,0.21565016330099826,4.7291184037938985,1.0,1.0,1.0,0.15323901280554525,11
scaling,hidden_variable,variable_addition,False,MDL-Flat,26,L2-k10,0.9621121158124306,0.25459173633623633,4.849393561391571,1.0,1.0,1.0,0.1953577122207994,11
scaling,hidden_variable,variable_addition,False,MDL-Flat,27,L2-k10,0.954850631214747,0.3273277168694594,4.74828057327071,1.0,1.0,1.0,0.18085032946129953,11
scaling,hidden_variable,variable_addition,False,MDL-Flat,28,L2-k10,0.9630304666325515,0.29091130278497257,4.396981050924322,1.0,1.0,1.0,0.1651049978512087,11
scaling,hidden_variable,variable_addition,False,MDL-Flat,29,L2-k10,0.9632996734320041,0.2926756927137036,4.600819940073202,1.0,1.0,1.0,0.1689355961653412,11
scaling,hidden_variable,variable_addition,False,MDL-Flat,30,L2-k10,0.9535499122709491,0.3529399702755503,4.677373681649722,1.0,1.0,1.0,0.17292914431236212,11
scaling,hidden_variable,variable_addition,False,MDL-Flat,31,L2-k10,0.9632815356558642,0.27048549768927554,5.28397037487528,1.0,1.0,1.0,0.1950490580587521,11
scaling,hidden_variable,variable_addition,False,MDL-Flat,32,L2-k10,0.9441809892841685,0.32136070666808836,4.160228918327438,1.0,1.0,1.0,0.18885806674251615,11
scaling,hidden_variable,variable_addition,False,MDL-Flat,33,L2-k10,0.9614192431212609,0.27288765802783893,4.318266162192621,1.0,1.0,1.0,0.17490188241639948,11
scaling,hidden_variable,variable_addition,False,MDL-Flat,34,L2-k10,0.9515889079733717,0.38762824681625824,4.770980107532367,1.0,1.0,1.0,0.16832228236027974,11
scaling,hidden_variable,variable_addition,False,MDL-Flat,35,L2-k10,0.9387942672183797,0.3510299601285594,4.314516863884549,1.0,1.0,1.0,0.19182395562875199,11
scaling,hidden_variable,variable_addition,False,MDL-Flat,36,L2-k10,0.9455112936042424,0.35226922268876937,3.4889068002147026,1.0,1.0,1.0,0.15443864273032137,11
scaling,hidden_variable,variable_addition,False,MDL-Flat,37,L2-k10,0.9595741033436024,0.307579480663025,4.815096742386096,1.0,1.0,1.0,0.1784953407640451,11
scaling,hidden_variable,variable_addition,False,MDL-Flat,38,L2-k10,0.9399403350668056,0.2668684204552652,3.1828932580842357,1.0,1.0,1.0,0.1862165679616793,11
scaling,hidden_variable,variable_addition,False,MDL-Flat,39,L2-k10,0.9582569010219896,0.2871765000007354,3.9428085015184675,1.0,1.0,1.0,0.16625306427429054,11
scaling,hidden_variable,variable_addition,False,EIC-Greedy,0,L2-k10,0.9545626173664286,0.30926613842511586,4.729867457531382,1.0,1.0,1.0,0.1879278018297898,11
scaling,hidden_variable,variable_addition,False,EIC-Greedy,1,L2-k10,0.9451013431030514,0.34876240957675453,4.024806224181896,1.0,1.0,1.0,0.1732113885276409,11
scaling,hidden_variable,variable_addition,False,EIC-Greedy,2,L2-k10,0.9610195393410629,0.3679475466921678,6.184058754653594,1.0,1.0,1.0,0.1831941192477572,11
scaling,hidden_variable,variable_addition,False,EIC-Greedy,3,L2-k10,0.9515467853994741,0.3767111328599043,4.716087005339968,1.0,1.0,1.0,0.1704259434106471,11
scaling,hidden_variable,variable_addition,False,EIC-Greedy,4,L2-k10,0.9605027197921242,0.26092832308264663,3.4273969589314652,1.0,1.0,1.0,0.15560697355792857,11
scaling,hidden_variable,variable_addition,False,EIC-Greedy,5,L2-k10,0.9508687294464058,0.33363617308114174,3.799606477355909,1.0,1.0,1.0,0.16066031722315738,11
scaling,hidden_variable,variable_addition,False,EIC-Greedy,6,L2-k10,0.9604387335204659,0.277928948239476,3.407449316932031,1.0,1.0,1.0,0.14799467563794522,11
scaling,hidden_variable,variable_addition,False,EIC-Greedy,7,L2-k10,0.9703242977379388,0.22503445862804305,4.5891171933309876,1.0,1.0,1.0,0.1772203520783852,11
scaling,hidden_variable,variable_addition,False,EIC-Greedy,8,L2-k10,0.9621802966154868,0.313685567411388,5.135546852959716,1.0,1.0,1.0,0.17686281270842513,11
scaling,hidden_variable,variable_addition,False,EIC-Greedy,9,L2-k10,0.9581033803984295,0.31053619632900575,4.15012375443555,1.0,1.0,1.0,0.16347621530110934,11
scaling,hidden_variable,variable_addition,False,EIC-Greedy,10,L2-k10,0.9574627686027404,0.3205645171201583,5.026119340202992,1.0,1.0,1.0,0.1840190855269352,11
scaling,hidden_variable,variable_addition,False,EIC-Greedy,11,L2-k10,0.9488524852047462,0.347191875706938,4.09960261577567,1.0,1.0,1.0,0.16889604847126283,11
scaling,hidden_variable,variable_addition,False,EIC-Greedy,12,L2-k10,0.9338180610118456,0.4244620168405371,4.350994772771546,1.0,1.0,1.0,0.17730335334230124,11
scaling,hidden_variable,variable_addition,False,EIC-Greedy,13,L2-k10,0.9571329838532177,0.337216868002053,4.038640794518313,1.0,1.0,1.0,0.15312730479882752,11
scaling,hidden_variable,variable_addition,False,EIC-Greedy,14,L2-k10,0.9526973656874196,0.30616440497576364,3.5347168310543227,1.0,1.0,1.0,0.15853156762006837,11
scaling,hidden_variable,variable_addition,False,EIC-Greedy,15,L2-k10,0.9431233871906275,0.32957175085702745,4.2420850007440185,1.0,1.0,1.0,0.19006779928654616,11
scaling,hidden_variable,variable_addition,False,EIC-Greedy,16,L2-k10,0.9550785500661132,0.33281878426949313,4.824532990935518,1.0,1.0,1.0,0.1802401867758502,11
scaling,hidden_variable,variable_addition,False,EIC-Greedy,17,L2-k10,0.9596372165817,0.2830712253061888,4.771124048416626,1.0,1.0,1.0,0.18723665597084183,11
scaling,hidden_variable,variable_addition,False,EIC-Greedy,18,L2-k10,0.9597526055943306,0.2969584993025072,4.8757891330170535,1.0,1.0,1.0,0.1837620693546888,11
scaling,hidden_variable,variable_addition,False,EIC-Greedy,19,L2-k10,0.9521447975214352,0.33524569379029506,4.08540085622238,1.0,1.0,1.0,0.16599258333417316,11
scaling,hidden_variable,variable_addition,False,EIC-Greedy,20,L2-k10,0.9499122890718016,0.34993033209030944,4.971167795426258,1.0,1.0,1.0,0.18909053547914423,11
scaling,hidden_variable,variable_addition,False,EIC-Greedy,21,L2-k10,0.9580478239778204,0.31690267661993293,5.0088814594987054,1.0,1.0,1.0,0.18353680323231764,11
scaling,hidden_variable,variable_addition,False,EIC-Greedy,22,L2-k10,0.9595264286647661,0.28983055489888004,4.553458458818391,1.0,1.0,1.0,0.17904608316364024,11
scaling,hidden_variable,variable_addition,False,EIC-Greedy,23,L2-k10,0.9555394119518572,0.3288143296488174,4.935711824200549,1.0,1.0,1.0,0.18338095415659672,11
scaling,hidden_variable,variable_addition,False,EIC-Greedy,24,L2-k10,0.9522865877811162,0.2905848622351548,4.020066739840891,1.0,1.0,1.0,0.1808373616839144,11
scaling,hidden_variable,variable_addition,False,EIC-Greedy,25,L2-k10,0.9782003791233226,0.21565016330099826,4.7291184037938985,1.0,1.0,1.0,0.15323901280554525,11
scaling,hidden_variable,variable_addition,False,EIC-Greedy,26,L2-k10,0.9621121158124306,0.25459173633623633,4.849393561391571,1.0,1.0,1.0,0.1953577122207994,11
scaling,hidden_variable,variable_addition,False,EIC-Greedy,27,L2-k10,0.954850631214747,0.3273277168694594,4.74828057327071,1.0,1.0,1.0,0.18085032946129953,11
scaling,hidden_variable,variable_addition,False,EIC-Greedy,28,L2-k10,0.9630304666325515,0.29091130278497257,4.396981050924322,1.0,1.0,1.0,0.1651049978512087,11
scaling,hidden_variable,variable_addition,False,EIC-Greedy,29,L2-k10,0.9632996734320041,0.2926756927137036,4.600819940073202,1.0,1.0,1.0,0.1689355961653412,11
scaling,hidden_variable,variable_addition,False,EIC-Greedy,30,L2-k10,0.9535499122709491,0.3529399702755503,4.677373681649722,1.0,1.0,1.0,0.17292914431236212,11
scaling,hidden_variable,variable_addition,False,EIC-Greedy,31,L2-k10,0.9632815356558642,0.27048549768927554,5.28397037487528,1.0,1.0,1.0,0.1950490580587521,11
scaling,hidden_variable,variable_addition,False,EIC-Greedy,32,L2-k10,0.9441809892841685,0.32136070666808836,4.160228918327438,1.0,1.0,1.0,0.18885806674251615,11
scaling,hidden_variable,variable_addition,False,EIC-Greedy,33,L2-k10,0.9614192431212609,0.27288765802783893,4.318266162192621,1.0,1.0,1.0,0.17490188241639948,11
scaling,hidden_variable,variable_addition,False,EIC-Greedy,34,L2-k10,0.9515889079733717,0.38762824681625824,4.770980107532367,1.0,1.0,1.0,0.16832228236027974,11
scaling,hidden_variable,variable_addition,False,EIC-Greedy,35,L2-k10,0.9387942672183797,0.3510299601285594,4.314516863884549,1.0,1.0,1.0,0.19182395562875199,11
scaling,hidden_variable,variable_addition,False,EIC-Greedy,36,L2-k10,0.9455112936042424,0.35226922268876937,3.4889068002147026,1.0,1.0,1.0,0.15443864273032137,11
scaling,hidden_variable,variable_addition,False,EIC-Greedy,37,L2-k10,0.9595741033436024,0.307579480663025,4.815096742386096,1.0,1.0,1.0,0.1784953407640451,11
scaling,hidden_variable,variable_addition,False,EIC-Greedy,38,L2-k10,0.9399403350668056,0.2668684204552652,3.1828932580842357,1.0,1.0,1.0,0.1862165679616793,11
scaling,hidden_variable,variable_addition,False,EIC-Greedy,39,L2-k10,0.9582569010219896,0.2871765000007354,3.9428085015184675,1.0,1.0,1.0,0.16625306427429054,11
scaling,hidden_variable,variable_addition,False,Oracle,0,L2-k10,0.9545626173664286,0.30926613842511586,4.729867457531382,1.0,1.0,1.0,0.1879278018297898,11
scaling,hidden_variable,variable_addition,False,Oracle,1,L2-k10,0.9451013431030514,0.34876240957675453,4.024806224181896,1.0,1.0,1.0,0.1732113885276409,11
scaling,hidden_variable,variable_addition,False,Oracle,2,L2-k10,0.9610195393410629,0.3679475466921678,6.184058754653594,1.0,1.0,1.0,0.1831941192477572,11
scaling,hidden_variable,variable_addition,False,Oracle,3,L2-k10,0.9515467853994741,0.3767111328599043,4.716087005339968,1.0,1.0,1.0,0.1704259434106471,11
scaling,hidden_variable,variable_addition,False,Oracle,4,L2-k10,0.9605027197921242,0.26092832308264663,3.4273969589314652,1.0,1.0,1.0,0.15560697355792857,11
scaling,hidden_variable,variable_addition,False,Oracle,5,L2-k10,0.9508687294464058,0.33363617308114174,3.799606477355909,1.0,1.0,1.0,0.16066031722315738,11
scaling,hidden_variable,variable_addition,False,Oracle,6,L2-k10,0.9604387335204659,0.277928948239476,3.407449316932031,1.0,1.0,1.0,0.14799467563794522,11
scaling,hidden_variable,variable_addition,False,Oracle,7,L2-k10,0.9703242977379388,0.22503445862804305,4.5891171933309876,1.0,1.0,1.0,0.1772203520783852,11
scaling,hidden_variable,variable_addition,False,Oracle,8,L2-k10,0.9621802966154868,0.313685567411388,5.135546852959716,1.0,1.0,1.0,0.17686281270842513,11
scaling,hidden_variable,variable_addition,False,Oracle,9,L2-k10,0.9581033803984295,0.31053619632900575,4.15012375443555,1.0,1.0,1.0,0.16347621530110934,11
scaling,hidden_variable,variable_addition,False,Oracle,10,L2-k10,0.9574627686027404,0.3205645171201583,5.026119340202992,1.0,1.0,1.0,0.1840190855269352,11
scaling,hidden_variable,variable_addition,False,Oracle,11,L2-k10,0.9488524852047462,0.347191875706938,4.09960261577567,1.0,1.0,1.0,0.16889604847126283,11
scaling,hidden_variable,variable_addition,False,Oracle,12,L2-k10,0.9338180610118456,0.4244620168405371,4.350994772771546,1.0,1.0,1.0,0.17730335334230124,11
scaling,hidden_variable,variable_addition,False,Oracle,13,L2-k10,0.9571329838532177,0.337216868002053,4.038640794518313,1.0,1.0,1.0,0.15312730479882752,11
scaling,hidden_variable,variable_addition,False,Oracle,14,L2-k10,0.9526973656874196,0.30616440497576364,3.5347168310543227,1.0,1.0,1.0,0.15853156762006837,11
scaling,hidden_variable,variable_addition,False,Oracle,15,L2-k10,0.9431233871906275,0.32957175085702745,4.2420850007440185,1.0,1.0,1.0,0.19006779928654616,11
scaling,hidden_variable,variable_addition,False,Oracle,16,L2-k10,0.9550785500661132,0.33281878426949313,4.824532990935518,1.0,1.0,1.0,0.1802401867758502,11
scaling,hidden_variable,variable_addition,False,Oracle,17,L2-k10,0.9596372165817,0.2830712253061888,4.771124048416626,1.0,1.0,1.0,0.18723665597084183,11
scaling,hidden_variable,variable_addition,False,Oracle,18,L2-k10,0.9597526055943306,0.2969584993025072,4.8757891330170535,1.0,1.0,1.0,0.1837620693546888,11
scaling,hidden_variable,variable_addition,False,Oracle,19,L2-k10,0.9521447975214352,0.33524569379029506,4.08540085622238,1.0,1.0,1.0,0.16599258333417316,11
scaling,hidden_variable,variable_addition,False,Oracle,20,L2-k10,0.9499122890718016,0.34993033209030944,4.971167795426258,1.0,1.0,1.0,0.18909053547914423,11
scaling,hidden_variable,variable_addition,False,Oracle,21,L2-k10,0.9580478239778204,0.31690267661993293,5.0088814594987054,1.0,1.0,1.0,0.18353680323231764,11
scaling,hidden_variable,variable_addition,False,Oracle,22,L2-k10,0.9595264286647661,0.28983055489888004,4.553458458818391,1.0,1.0,1.0,0.17904608316364024,11
scaling,hidden_variable,variable_addition,False,Oracle,23,L2-k10,0.9555394119518572,0.3288143296488174,4.935711824200549,1.0,1.0,1.0,0.18338095415659672,11
scaling,hidden_variable,variable_addition,False,Oracle,24,L2-k10,0.9522865877811162,0.2905848622351548,4.020066739840891,1.0,1.0,1.0,0.1808373616839144,11
scaling,hidden_variable,variable_addition,False,Oracle,25,L2-k10,0.9782003791233226,0.21565016330099826,4.7291184037938985,1.0,1.0,1.0,0.15323901280554525,11
scaling,hidden_variable,variable_addition,False,Oracle,26,L2-k10,0.9621121158124306,0.25459173633623633,4.849393561391571,1.0,1.0,1.0,0.1953577122207994,11
scaling,hidden_variable,variable_addition,False,Oracle,27,L2-k10,0.954850631214747,0.3273277168694594,4.74828057327071,1.0,1.0,1.0,0.18085032946129953,11
scaling,hidden_variable,variable_addition,False,Oracle,28,L2-k10,0.9630304666325515,0.29091130278497257,4.396981050924322,1.0,1.0,1.0,0.1651049978512087,11
scaling,hidden_variable,variable_addition,False,Oracle,29,L2-k10,0.9632996734320041,0.2926756927137036,4.600819940073202,1.0,1.0,1.0,0.1689355961653412,11
scaling,hidden_variable,variable_addition,False,Oracle,30,L2-k10,0.9535499122709491,0.3529399702755503,4.677373681649722,1.0,1.0,1.0,0.17292914431236212,11
scaling,hidden_variable,variable_addition,False,Oracle,31,L2-k10,0.9632815356558642,0.27048549768927554,5.28397037487528,1.0,1.0,1.0,0.1950490580587521,11
scaling,hidden_variable,variable_addition,False,Oracle,32,L2-k10,0.9441809892841685,0.32136070666808836,4.160228918327438,1.0,1.0,1.0,0.18885806674251615,11
scaling,hidden_variable,variable_addition,False,Oracle,33,L2-k10,0.9614192431212609,0.27288765802783893,4.318266162192621,1.0,1.0,1.0,0.17490188241639948,11
scaling,hidden_variable,variable_addition,False,Oracle,34,L2-k10,0.9515889079733717,0.38762824681625824,4.770980107532367,1.0,1.0,1.0,0.16832228236027974,11
scaling,hidden_variable,variable_addition,False,Oracle,35,L2-k10,0.9387942672183797,0.3510299601285594,4.314516863884549,1.0,1.0,1.0,0.19182395562875199,11
scaling,hidden_variable,variable_addition,False,Oracle,36,L2-k10,0.9455112936042424,0.35226922268876937,3.4889068002147026,1.0,1.0,1.0,0.15443864273032137,11
scaling,hidden_variable,variable_addition,False,Oracle,37,L2-k10,0.9595741033436024,0.307579480663025,4.815096742386096,1.0,1.0,1.0,0.1784953407640451,11
scaling,hidden_variable,variable_addition,False,Oracle,38,L2-k10,0.9399403350668056,0.2668684204552652,3.1828932580842357,1.0,1.0,1.0,0.1862165679616793,11
scaling,hidden_variable,variable_addition,False,Oracle,39,L2-k10,0.9582569010219896,0.2871765000007354,3.9428085015184675,1.0,1.0,1.0,0.16625306427429054,11
scaling,hidden_variable,variable_addition,False,Fixed-Frame,0,L2-k20,0.6072411295802411,4.638693086471857,4.638693086471857,0.0,0.0,0.0,0.0,21
scaling,hidden_variable,variable_addition,False,Fixed-Frame,1,L2-k20,0.6007279081038952,3.9482409465533124,3.9482409465533124,0.0,0.0,0.0,0.0,21
scaling,hidden_variable,variable_addition,False,Fixed-Frame,2,L2-k20,0.6018329547999345,4.415512411703676,4.415512411703676,0.0,0.0,0.0,0.0,21
scaling,hidden_variable,variable_addition,False,Fixed-Frame,3,L2-k20,0.5890030809993928,4.503929444382308,4.503929444382308,0.0,0.0,0.0,0.0,21
scaling,hidden_variable,variable_addition,False,Fixed-Frame,4,L2-k20,0.6031502136869061,3.5928144195844007,3.5928144195844007,0.0,0.0,0.0,0.0,21
scaling,hidden_variable,variable_addition,False,Fixed-Frame,5,L2-k20,0.5690059087270825,4.337889748062378,4.337889748062378,0.0,0.0,0.0,0.0,21
scaling,hidden_variable,variable_addition,False,Fixed-Frame,6,L2-k20,0.6014606378383807,4.506913117535721,4.506913117535721,0.0,0.0,0.0,0.0,21
scaling,hidden_variable,variable_addition,False,Fixed-Frame,7,L2-k20,0.6266987277925167,4.312063850115862,4.312063850115862,0.0,0.0,0.0,0.0,21
scaling,hidden_variable,variable_addition,False,Fixed-Frame,8,L2-k20,0.6075870125702284,4.495792013548671,4.495792013548671,0.0,0.0,0.0,0.0,21
scaling,hidden_variable,variable_addition,False,Fixed-Frame,9,L2-k20,0.6049404465968597,4.114743656300957,4.114743656300957,0.0,0.0,0.0,0.0,21
scaling,hidden_variable,variable_addition,False,Fixed-Frame,10,L2-k20,0.619082591981316,3.570546417458237,3.570546417458237,0.0,0.0,0.0,0.0,21
scaling,hidden_variable,variable_addition,False,Fixed-Frame,11,L2-k20,0.595946824166048,3.9502791774078854,3.9502791774078854,0.0,0.0,0.0,0.0,21
scaling,hidden_variable,variable_addition,False,Fixed-Frame,12,L2-k20,0.6525786249815779,3.0789154374359553,3.0789154374359553,0.0,0.0,0.0,0.0,21
scaling,hidden_variable,variable_addition,False,Fixed-Frame,13,L2-k20,0.5876450191890749,5.014074590255874,5.014074590255874,0.0,0.0,0.0,0.0,21
scaling,hidden_variable,variable_addition,False,Fixed-Frame,14,L2-k20,0.6104050087354232,3.3358486775239125,3.3358486775239125,0.0,0.0,0.0,0.0,21
scaling,hidden_variable,variable_addition,False,Fixed-Frame,15,L2-k20,0.6214745424825449,4.170414367067058,4.170414367067058,0.0,0.0,0.0,0.0,21
scaling,hidden_variable,variable_addition,False,Fixed-Frame,16,L2-k20,0.5783940023254995,4.0460474706017555,4.0460474706017555,0.0,0.0,0.0,0.0,21
scaling,hidden_variable,variable_addition,False,Fixed-Frame,17,L2-k20,0.6211911138106316,3.7749488710572856,3.7749488710572856,0.0,0.0,0.0,0.0,21
scaling,hidden_variable,variable_addition,False,Fixed-Frame,18,L2-k20,0.6235030028209098,4.131668523442778,4.131668523442778,0.0,0.0,0.0,0.0,21
scaling,hidden_variable,variable_addition,False,Fixed-Frame,19,L2-k20,0.6102144576068169,4.148273671403115,4.148273671403115,0.0,0.0,0.0,0.0,21
scaling,hidden_variable,variable_addition,False,Fixed-Frame,20,L2-k20,0.596155162752656,4.831311673803768,4.831311673803768,0.0,0.0,0.0,0.0,21
scaling,hidden_variable,variable_addition,False,Fixed-Frame,21,L2-k20,0.613006043749153,4.739279502393274,4.739279502393274,0.0,0.0,0.0,0.0,21
scaling,hidden_variable,variable_addition,False,Fixed-Frame,22,L2-k20,0.6195299098028874,4.3966933379984425,4.3966933379984425,0.0,0.0,0.0,0.0,21
scaling,hidden_variable,variable_addition,False,Fixed-Frame,23,L2-k20,0.5812552500337494,3.8702204260801345,3.8702204260801345,0.0,0.0,0.0,0.0,21
scaling,hidden_variable,variable_addition,False,Fixed-Frame,24,L2-k20,0.5643314461335688,4.765293087314163,4.765293087314163,0.0,0.0,0.0,0.0,21
scaling,hidden_variable,variable_addition,False,Fixed-Frame,25,L2-k20,0.5691623122743953,3.806357391547153,3.806357391547153,0.0,0.0,0.0,0.0,21
scaling,hidden_variable,variable_addition,False,Fixed-Frame,26,L2-k20,0.63444931530415,4.386704857245183,4.386704857245183,0.0,0.0,0.0,0.0,21
scaling,hidden_variable,variable_addition,False,Fixed-Frame,27,L2-k20,0.587433646244158,4.224219936297267,4.224219936297267,0.0,0.0,0.0,0.0,21
scaling,hidden_variable,variable_addition,False,Fixed-Frame,28,L2-k20,0.6026181264141753,4.394365779104705,4.394365779104705,0.0,0.0,0.0,0.0,21
scaling,hidden_variable,variable_addition,False,Fixed-Frame,29,L2-k20,0.6161305885558064,3.859418136646533,3.859418136646533,0.0,0.0,0.0,0.0,21
scaling,hidden_variable,variable_addition,False,Fixed-Frame,30,L2-k20,0.6120344084559104,4.163284739379639,4.163284739379639,0.0,0.0,0.0,0.0,21
scaling,hidden_variable,variable_addition,False,Fixed-Frame,31,L2-k20,0.5929064011263271,5.557614740334383,5.557614740334383,0.0,0.0,0.0,0.0,21
scaling,hidden_variable,variable_addition,False,Fixed-Frame,32,L2-k20,0.609663108968874,3.4975806112082757,3.4975806112082757,0.0,0.0,0.0,0.0,21
scaling,hidden_variable,variable_addition,False,Fixed-Frame,33,L2-k20,0.6148409455035978,4.881381290911159,4.881381290911159,0.0,0.0,0.0,0.0,21
scaling,hidden_variable,variable_addition,False,Fixed-Frame,34,L2-k20,0.6283540060805973,4.407197039482384,4.407197039482384,0.0,0.0,0.0,0.0,21
scaling,hidden_variable,variable_addition,False,Fixed-Frame,35,L2-k20,0.58732611586596,3.5451583421642576,3.5451583421642576,0.0,0.0,0.0,0.0,21
scaling,hidden_variable,variable_addition,False,Fixed-Frame,36,L2-k20,0.5387506803682898,4.916410439682566,4.916410439682566,0.0,0.0,0.0,0.0,21
scaling,hidden_variable,variable_addition,False,Fixed-Frame,37,L2-k20,0.5740220435503598,5.152374242733739,5.152374242733739,0.0,0.0,0.0,0.0,21
scaling,hidden_variable,variable_addition,False,Fixed-Frame,38,L2-k20,0.6263678852845999,4.467014640881334,4.467014640881334,0.0,0.0,0.0,0.0,21
scaling,hidden_variable,variable_addition,False,Fixed-Frame,39,L2-k20,0.5928605530526044,5.147712263276994,5.147712263276994,0.0,0.0,0.0,0.0,21
scaling,hidden_variable,variable_addition,False,Random-Edit,0,L2-k20,0.9552886122923457,0.3356714191169923,4.638693086471857,1.0,1.0,1.0,0.1740237413560523,21
scaling,hidden_variable,variable_addition,False,Random-Edit,1,L2-k20,0.600578872906123,3.950694827512166,3.9482409465533124,0.0,1.0,1.0,0.0,21
scaling,hidden_variable,variable_addition,False,Random-Edit,2,L2-k20,0.5994297064765306,4.45997310020856,4.415512411703676,0.0,1.0,1.0,0.0,21
scaling,hidden_variable,variable_addition,False,Random-Edit,3,L2-k20,0.5862802547280381,4.554823572258752,4.503929444382308,0.0,1.0,1.0,0.0,21
scaling,hidden_variable,variable_addition,False,Random-Edit,4,L2-k20,0.6027634291507805,3.598623813717014,3.5928144195844007,0.0,1.0,1.0,0.0,21
scaling,hidden_variable,variable_addition,False,Random-Edit,5,L2-k20,0.5687569838576848,4.342294776729039,4.337889748062378,0.0,1.0,1.0,0.0,21
scaling,hidden_variable,variable_addition,False,Random-Edit,6,L2-k20,0.5997931373394625,4.538352386906081,4.506913117535721,0.0,1.0,1.0,0.0,21
scaling,hidden_variable,variable_addition,False,Random-Edit,7,L2-k20,0.6276411600936879,4.294719243298355,4.312063850115862,0.0,1.0,1.0,0.00047121615058559607,21
scaling,hidden_variable,variable_addition,False,Random-Edit,8,L2-k20,0.9658167406846473,0.24637126976325818,4.495792013548671,1.0,1.0,1.0,0.17911486405720944,21
scaling,hidden_variable,variable_addition,False,Random-Edit,9,L2-k20,0.6049010416224921,4.1154221517404475,4.114743656300957,0.0,1.0,1.0,0.0,21
scaling,hidden_variable,variable_addition,False,Random-Edit,10,L2-k20,0.6204426375200228,3.5499990741307497,3.570546417458237,0.0,1.0,1.0,0.0006800227693534167,21
scaling,hidden_variable,variable_addition,False,Random-Edit,11,L2-k20,0.5959371179726439,3.9504384121281664,3.9502791774078854,0.0,1.0,1.0,0.0,21
scaling,hidden_variable,variable_addition,False,Random-Edit,12,L2-k20,0.6546066070742015,3.051460215561716,3.0789154374359553,0.0,1.0,1.0,0.0010139910463117796,21
scaling,hidden_variable,variable_addition,False,Random-Edit,13,L2-k20,0.5827564511738315,5.11607786568281,5.014074590255874,0.0,1.0,1.0,0.0,21
scaling,hidden_variable,variable_addition,False,Random-Edit,14,L2-k20,0.6078389394883776,3.371995725067033,3.3358486775239125,0.0,1.0,1.0,0.0,21
scaling,hidden_variable,variable_addition,False,Random-Edit,15,L2-k20,0.620249482644058,4.1921751745512115,4.170414367067058,0.0,1.0,1.0,0.0,21
scaling,hidden_variable,variable_addition,False,Random-Edit,16,L2-k20,0.9448241668949018,0.32414989139935285,4.0460474706017555,1.0,1.0,1.0,0.18321508228470113,21
scaling,hidden_variable,variable_addition,False,Random-Edit,17,L2-k20,0.6211621233543729,3.7754139653392236,3.7749488710572856,0.0,1.0,1.0,0.0,21
scaling,hidden_variable,variable_addition,False,Random-Edit,18,L2-k20,0.623070029548127,4.139294372092214,4.131668523442778,0.0,1.0,1.0,0.0,21
scaling,hidden_variable,variable_addition,False,Random-Edit,19,L2-k20,0.6111209482843742,4.132487462533708,4.148273671403115,0.0,1.0,1.0,0.0004532453387786628,21
scaling,hidden_variable,variable_addition,False,Random-Edit,20,L2-k20,0.5960948752053608,4.832521610775522,4.831311673803768,0.0,1.0,1.0,0.0,21
scaling,hidden_variable,variable_addition,False,Random-Edit,21,L2-k20,0.6108232011432472,4.783043303635072,4.739279502393274,0.0,1.0,1.0,0.0,21
scaling,hidden_variable,variable_addition,False,Random-Edit,22,L2-k20,0.6206086391836506,4.376607019506778,4.3966933379984425,0.0,1.0,1.0,0.0005393646903816274,21
scaling,hidden_variable,variable_addition,False,Random-Edit,23,L2-k20,0.5774448219729296,3.9312091576438775,3.8702204260801345,0.0,1.0,1.0,0.0,21
scaling,hidden_variable,variable_addition,False,Random-Edit,24,L2-k20,0.5639633860265969,4.772431493255071,4.765293087314163,0.0,1.0,1.0,0.0,21
scaling,hidden_variable,variable_addition,False,Random-Edit,25,L2-k20,0.5692596305749834,3.8048470331770368,3.806357391547153,0.0,1.0,1.0,4.8659150294061426e-05,21
scaling,hidden_variable,variable_addition,False,Random-Edit,26,L2-k20,0.9619161635034671,0.3014332918696899,4.386704857245183,1.0,1.0,1.0,0.16373342409965852,21
scaling,hidden_variable,variable_addition,False,Random-Edit,27,L2-k20,0.5858803984349,4.2513646019408675,4.224219936297267,0.0,1.0,1.0,0.0,21
scaling,hidden_variable,variable_addition,False,Random-Edit,28,L2-k20,0.602356184873236,4.399174606122639,4.394365779104705,0.0,1.0,1.0,0.0,21
scaling,hidden_variable,variable_addition,False,Random-Edit,29,L2-k20,0.6158052585279837,3.864729659858827,3.859418136646533,0.0,1.0,1.0,0.0,21
scaling,hidden_variable,variable_addition,False,Random-Edit,30,L2-k20,0.6103796027078113,4.192377833583313,4.163284739379639,0.0,1.0,1.0,0.0,21
scaling,hidden_variable,variable_addition,False,Random-Edit,31,L2-k20,0.5924122518405429,5.569002238091098,5.557614740334383,0.0,1.0,1.0,0.0,21
scaling,hidden_variable,variable_addition,False,Random-Edit,32,L2-k20,0.609663108968874,3.4975806112082757,3.4975806112082757,0.0,0.0,0.0,0.0,21
scaling,hidden_variable,variable_addition,False,Random-Edit,33,L2-k20,0.615277651614382,4.872385885346293,4.881381290911159,0.0,1.0,1.0,0.00021835305539208427,21
scaling,hidden_variable,variable_addition,False,Random-Edit,34,L2-k20,0.6282919386402221,4.408368520781266,4.407197039482384,0.0,1.0,1.0,0.0,21
scaling,hidden_variable,variable_addition,False,Random-Edit,35,L2-k20,0.9462697846839173,0.28649138856213513,3.5451583421642576,1.0,1.0,1.0,0.17947183440897868,21
scaling,hidden_variable,variable_addition,False,Random-Edit,36,L2-k20,0.538770517484405,4.916017987176413,4.916410439682566,0.0,1.0,1.0,9.918558057597782e-06,21
scaling,hidden_variable,variable_addition,False,Random-Edit,37,L2-k20,0.5728951824539781,5.176165395742901,5.152374242733739,0.0,1.0,1.0,0.0,21
scaling,hidden_variable,variable_addition,False,Random-Edit,38,L2-k20,0.6264223227306547,4.4659756692383255,4.467014640881334,0.0,1.0,1.0,2.721872302741124e-05,21
scaling,hidden_variable,variable_addition,False,Random-Edit,39,L2-k20,0.592852207183867,5.14789025351756,5.147712263276994,0.0,1.0,1.0,0.0,21
scaling,hidden_variable,variable_addition,False,Flat-Search,0,L2-k20,0.9552886122923457,0.3356714191169923,4.638693086471857,1.0,1.0,1.0,0.1740237413560523,21
scaling,hidden_variable,variable_addition,False,Flat-Search,1,L2-k20,0.9537627175314984,0.2879814146211625,3.9482409465533124,1.0,1.0,1.0,0.17651740471380162,21
scaling,hidden_variable,variable_addition,False,Flat-Search,2,L2-k20,0.9534388500175845,0.3259287089775717,4.415512411703676,1.0,1.0,1.0,0.17580294760882503,21
scaling,hidden_variable,variable_addition,False,Flat-Search,3,L2-k20,0.9519341567403401,0.3259119123102611,4.503929444382308,1.0,1.0,1.0,0.18146553787047365,21
scaling,hidden_variable,variable_addition,False,Flat-Search,4,L2-k20,0.9468947381866306,0.30624568018115095,3.5928144195844007,1.0,1.0,1.0,0.17187226224986224,21
scaling,hidden_variable,variable_addition,False,Flat-Search,5,L2-k20,0.9570691272270783,0.25689188194558943,4.337889748062378,1.0,1.0,1.0,0.1940316092499979,21
scaling,hidden_variable,variable_addition,False,Flat-Search,6,L2-k20,0.960261933949313,0.2814700493113696,4.506913117535721,1.0,1.0,1.0,0.17940064805546618,21
scaling,hidden_variable,variable_addition,False,Flat-Search,7,L2-k20,0.9630659680869431,0.2776228509263452,4.312063850115862,1.0,1.0,1.0,0.16818362014721322,21
scaling,hidden_variable,variable_addition,False,Flat-Search,8,L2-k20,0.9658167406846473,0.24637126976325818,4.495792013548671,1.0,1.0,1.0,0.17911486405720944,21
scaling,hidden_variable,variable_addition,False,Flat-Search,9,L2-k20,0.9503311125466142,0.32930803163233885,4.114743656300957,1.0,1.0,1.0,0.1726953329748772,21
scaling,hidden_variable,variable_addition,False,Flat-Search,10,L2-k20,0.9493983078715105,0.30929225268223864,3.570546417458237,1.0,1.0,1.0,0.16515785794509724,21
scaling,hidden_variable,variable_addition,False,Flat-Search,11,L2-k20,0.9541276517922994,0.2801181596824202,3.9502791774078854,1.0,1.0,1.0,0.17909041381312568,21
scaling,hidden_variable,variable_addition,False,Flat-Search,12,L2-k20,0.9473375394482878,0.32149222217307327,3.0789154374359553,1.0,1.0,1.0,0.14737945723335494,21
scaling,hidden_variable,variable_addition,False,Flat-Search,13,L2-k20,0.9525415765581086,0.3560114542703179,5.014074590255874,1.0,1.0,1.0,0.18244827868451685,21
scaling,hidden_variable,variable_addition,False,Flat-Search,14,L2-k20,0.9575949131112772,0.23144467468659888,3.3358486775239125,1.0,1.0,1.0,0.17359495218792698,21
scaling,hidden_variable,variable_addition,False,Flat-Search,15,L2-k20,0.957496146454704,0.3039476080449855,4.170414367067058,1.0,1.0,1.0,0.1680108019860796,21
scaling,hidden_variable,variable_addition,False,Flat-Search,16,L2-k20,0.9448241668949018,0.32414989139935285,4.0460474706017555,1.0,1.0,1.0,0.18321508228470113,21
scaling,hidden_variable,variable_addition,False,Flat-Search,17,L2-k20,0.95746915551975,0.2749763632533503,3.7749488710572856,1.0,1.0,1.0,0.16813902085455917,21
scaling,hidden_variable,variable_addition,False,Flat-Search,18,L2-k20,0.9566474960041269,0.31007357182599576,4.131668523442778,1.0,1.0,1.0,0.16657224659160857,21
scaling,hidden_variable,variable_addition,False,Flat-Search,19,L2-k20,0.956839715292011,0.2929336575637176,4.148273671403115,1.0,1.0,1.0,0.17331262884259702,21
scaling,hidden_variable,variable_addition,False,Flat-Search,20,L2-k20,0.9572131760712798,0.3187947871005289,4.831311673803768,1.0,1.0,1.0,0.18052900665931187,21
scaling,hidden_variable,variable_addition,False,Flat-Search,21,L2-k20,0.9603061530768514,0.31030328622781167,4.739279502393274,1.0,1.0,1.0,0.1736500546638492,21
scaling,hidden_variable,variable_addition,False,Flat-Search,22,L2-k20,0.963114881632676,0.2741833132858751,4.3966933379984425,1.0,1.0,1.0,0.17179248591489432,21
scaling,hidden_variable,variable_addition,False,Flat-Search,23,L2-k20,0.9435322040740193,0.3215121005640013,3.8702204260801345,1.0,1.0,1.0,0.1811384770201349,21
scaling,hidden_variable,variable_addition,False,Flat-Search,24,L2-k20,0.9500053039729643,0.3248370486504721,4.765293087314163,1.0,1.0,1.0,0.19283692891969778,21
scaling,hidden_variable,variable_addition,False,Flat-Search,25,L2-k20,0.9507701983127668,0.26036615989636985,3.806357391547153,1.0,1.0,1.0,0.19080394301918574,21
scaling,hidden_variable,variable_addition,False,Flat-Search,26,L2-k20,0.9619161635034671,0.3014332918696899,4.386704857245183,1.0,1.0,1.0,0.16373342409965852,21
scaling,hidden_variable,variable_addition,False,Flat-Search,27,L2-k20,0.9511168236635069,0.30912710521205566,4.224219936297267,1.0,1.0,1.0,0.18184158870967448,21
scaling,hidden_variable,variable_addition,False,Flat-Search,28,L2-k20,0.9500130757144416,0.3506365416737044,4.394365779104705,1.0,1.0,1.0,0.17369747465013313,21
scaling,hidden_variable,variable_addition,False,Flat-Search,29,L2-k20,0.9586760179485458,0.2670185283181197,3.859418136646533,1.0,1.0,1.0,0.17127271469636973,21
scaling,hidden_variable,variable_addition,False,Flat-Search,30,L2-k20,0.9572272118029498,0.2934751062240008,4.163284739379639,1.0,1.0,1.0,0.1725964016735197,21
scaling,hidden_variable,variable_addition,False,Flat-Search,31,L2-k20,0.9645948641345291,0.297099296399414,5.557614740334383,1.0,1.0,1.0,0.185844231504101,21
scaling,hidden_variable,variable_addition,False,Flat-Search,32,L2-k20,0.9397598551641868,0.3501766381986085,3.4975806112082757,1.0,1.0,1.0,0.1650483730976564,21
scaling,hidden_variable,variable_addition,False,Flat-Search,33,L2-k20,0.9621306145669981,0.3067041308893592,4.881381290911159,1.0,1.0,1.0,0.17364483453170015,21
scaling,hidden_variable,variable_addition,False,Flat-Search,34,L2-k20,0.9622883352216633,0.29201683091126945,4.407197039482384,1.0,1.0,1.0,0.166967164570533,21
scaling,hidden_variable,variable_addition,False,Flat-Search,35,L2-k20,0.9462697846839173,0.28649138856213513,3.5451583421642576,1.0,1.0,1.0,0.17947183440897868,21
scaling,hidden_variable,variable_addition,False,Flat-Search,36,L2-k20,0.9458664168659897,0.3286526916380655,4.916410439682566,1.0,1.0,1.0,0.20355786824884997,21
scaling,hidden_variable,variable_addition,False,Flat-Search,37,L2-k20,0.956724253285105,0.3140556650981853,5.152374242733739,1.0,1.0,1.0,0.1913511048673726,21
scaling,hidden_variable,variable_addition,False,Flat-Search,38,L2-k20,0.9551330237953833,0.3517755097033417,4.467014640881334,1.0,1.0,1.0,0.16438256925539174,21
scaling,hidden_variable,variable_addition,False,Flat-Search,39,L2-k20,0.9599607918687841,0.31264797520599386,5.147712263276994,1.0,1.0,1.0,0.18355011940808985,21
scaling,hidden_variable,variable_addition,False,MDL-Flat,0,L2-k20,0.9552886122923457,0.3356714191169923,4.638693086471857,1.0,1.0,1.0,0.1740237413560523,21
scaling,hidden_variable,variable_addition,False,MDL-Flat,1,L2-k20,0.9537627175314984,0.2879814146211625,3.9482409465533124,1.0,1.0,1.0,0.17651740471380162,21
scaling,hidden_variable,variable_addition,False,MDL-Flat,2,L2-k20,0.9534388500175845,0.3259287089775717,4.415512411703676,1.0,1.0,1.0,0.17580294760882503,21
scaling,hidden_variable,variable_addition,False,MDL-Flat,3,L2-k20,0.9519341567403401,0.3259119123102611,4.503929444382308,1.0,1.0,1.0,0.18146553787047365,21
scaling,hidden_variable,variable_addition,False,MDL-Flat,4,L2-k20,0.9468947381866306,0.30624568018115095,3.5928144195844007,1.0,1.0,1.0,0.17187226224986224,21
scaling,hidden_variable,variable_addition,False,MDL-Flat,5,L2-k20,0.9570691272270783,0.25689188194558943,4.337889748062378,1.0,1.0,1.0,0.1940316092499979,21
scaling,hidden_variable,variable_addition,False,MDL-Flat,6,L2-k20,0.960261933949313,0.2814700493113696,4.506913117535721,1.0,1.0,1.0,0.17940064805546618,21
scaling,hidden_variable,variable_addition,False,MDL-Flat,7,L2-k20,0.9630659680869431,0.2776228509263452,4.312063850115862,1.0,1.0,1.0,0.16818362014721322,21
scaling,hidden_variable,variable_addition,False,MDL-Flat,8,L2-k20,0.9658167406846473,0.24637126976325818,4.495792013548671,1.0,1.0,1.0,0.17911486405720944,21
scaling,hidden_variable,variable_addition,False,MDL-Flat,9,L2-k20,0.9503311125466142,0.32930803163233885,4.114743656300957,1.0,1.0,1.0,0.1726953329748772,21
scaling,hidden_variable,variable_addition,False,MDL-Flat,10,L2-k20,0.9493983078715105,0.30929225268223864,3.570546417458237,1.0,1.0,1.0,0.16515785794509724,21
scaling,hidden_variable,variable_addition,False,MDL-Flat,11,L2-k20,0.9541276517922994,0.2801181596824202,3.9502791774078854,1.0,1.0,1.0,0.17909041381312568,21
scaling,hidden_variable,variable_addition,False,MDL-Flat,12,L2-k20,0.9473375394482878,0.32149222217307327,3.0789154374359553,1.0,1.0,1.0,0.14737945723335494,21
scaling,hidden_variable,variable_addition,False,MDL-Flat,13,L2-k20,0.9525415765581086,0.3560114542703179,5.014074590255874,1.0,1.0,1.0,0.18244827868451685,21
scaling,hidden_variable,variable_addition,False,MDL-Flat,14,L2-k20,0.9575949131112772,0.23144467468659888,3.3358486775239125,1.0,1.0,1.0,0.17359495218792698,21
scaling,hidden_variable,variable_addition,False,MDL-Flat,15,L2-k20,0.957496146454704,0.3039476080449855,4.170414367067058,1.0,1.0,1.0,0.1680108019860796,21
scaling,hidden_variable,variable_addition,False,MDL-Flat,16,L2-k20,0.9448241668949018,0.32414989139935285,4.0460474706017555,1.0,1.0,1.0,0.18321508228470113,21
scaling,hidden_variable,variable_addition,False,MDL-Flat,17,L2-k20,0.95746915551975,0.2749763632533503,3.7749488710572856,1.0,1.0,1.0,0.16813902085455917,21
scaling,hidden_variable,variable_addition,False,MDL-Flat,18,L2-k20,0.9566474960041269,0.31007357182599576,4.131668523442778,1.0,1.0,1.0,0.16657224659160857,21
scaling,hidden_variable,variable_addition,False,MDL-Flat,19,L2-k20,0.956839715292011,0.2929336575637176,4.148273671403115,1.0,1.0,1.0,0.17331262884259702,21
scaling,hidden_variable,variable_addition,False,MDL-Flat,20,L2-k20,0.9572131760712798,0.3187947871005289,4.831311673803768,1.0,1.0,1.0,0.18052900665931187,21
scaling,hidden_variable,variable_addition,False,MDL-Flat,21,L2-k20,0.9603061530768514,0.31030328622781167,4.739279502393274,1.0,1.0,1.0,0.1736500546638492,21
scaling,hidden_variable,variable_addition,False,MDL-Flat,22,L2-k20,0.963114881632676,0.2741833132858751,4.3966933379984425,1.0,1.0,1.0,0.17179248591489432,21
scaling,hidden_variable,variable_addition,False,MDL-Flat,23,L2-k20,0.9435322040740193,0.3215121005640013,3.8702204260801345,1.0,1.0,1.0,0.1811384770201349,21
scaling,hidden_variable,variable_addition,False,MDL-Flat,24,L2-k20,0.9500053039729643,0.3248370486504721,4.765293087314163,1.0,1.0,1.0,0.19283692891969778,21
scaling,hidden_variable,variable_addition,False,MDL-Flat,25,L2-k20,0.9507701983127668,0.26036615989636985,3.806357391547153,1.0,1.0,1.0,0.19080394301918574,21
scaling,hidden_variable,variable_addition,False,MDL-Flat,26,L2-k20,0.9619161635034671,0.3014332918696899,4.386704857245183,1.0,1.0,1.0,0.16373342409965852,21
scaling,hidden_variable,variable_addition,False,MDL-Flat,27,L2-k20,0.9511168236635069,0.30912710521205566,4.224219936297267,1.0,1.0,1.0,0.18184158870967448,21
scaling,hidden_variable,variable_addition,False,MDL-Flat,28,L2-k20,0.9500130757144416,0.3506365416737044,4.394365779104705,1.0,1.0,1.0,0.17369747465013313,21
scaling,hidden_variable,variable_addition,False,MDL-Flat,29,L2-k20,0.9586760179485458,0.2670185283181197,3.859418136646533,1.0,1.0,1.0,0.17127271469636973,21
scaling,hidden_variable,variable_addition,False,MDL-Flat,30,L2-k20,0.9572272118029498,0.2934751062240008,4.163284739379639,1.0,1.0,1.0,0.1725964016735197,21
scaling,hidden_variable,variable_addition,False,MDL-Flat,31,L2-k20,0.9645948641345291,0.297099296399414,5.557614740334383,1.0,1.0,1.0,0.185844231504101,21
scaling,hidden_variable,variable_addition,False,MDL-Flat,32,L2-k20,0.9397598551641868,0.3501766381986085,3.4975806112082757,1.0,1.0,1.0,0.1650483730976564,21
scaling,hidden_variable,variable_addition,False,MDL-Flat,33,L2-k20,0.9621306145669981,0.3067041308893592,4.881381290911159,1.0,1.0,1.0,0.17364483453170015,21
scaling,hidden_variable,variable_addition,False,MDL-Flat,34,L2-k20,0.9622883352216633,0.29201683091126945,4.407197039482384,1.0,1.0,1.0,0.166967164570533,21
scaling,hidden_variable,variable_addition,False,MDL-Flat,35,L2-k20,0.9462697846839173,0.28649138856213513,3.5451583421642576,1.0,1.0,1.0,0.17947183440897868,21
scaling,hidden_variable,variable_addition,False,MDL-Flat,36,L2-k20,0.9458664168659897,0.3286526916380655,4.916410439682566,1.0,1.0,1.0,0.20355786824884997,21
scaling,hidden_variable,variable_addition,False,MDL-Flat,37,L2-k20,0.956724253285105,0.3140556650981853,5.152374242733739,1.0,1.0,1.0,0.1913511048673726,21
scaling,hidden_variable,variable_addition,False,MDL-Flat,38,L2-k20,0.9551330237953833,0.3517755097033417,4.467014640881334,1.0,1.0,1.0,0.16438256925539174,21
scaling,hidden_variable,variable_addition,False,MDL-Flat,39,L2-k20,0.9599607918687841,0.31264797520599386,5.147712263276994,1.0,1.0,1.0,0.18355011940808985,21
scaling,hidden_variable,variable_addition,False,EIC-Greedy,0,L2-k20,0.9552886122923457,0.3356714191169923,4.638693086471857,1.0,1.0,1.0,0.1740237413560523,21
scaling,hidden_variable,variable_addition,False,EIC-Greedy,1,L2-k20,0.9537627175314984,0.2879814146211625,3.9482409465533124,1.0,1.0,1.0,0.17651740471380162,21
scaling,hidden_variable,variable_addition,False,EIC-Greedy,2,L2-k20,0.9534388500175845,0.3259287089775717,4.415512411703676,1.0,1.0,1.0,0.17580294760882503,21
scaling,hidden_variable,variable_addition,False,EIC-Greedy,3,L2-k20,0.9519341567403401,0.3259119123102611,4.503929444382308,1.0,1.0,1.0,0.18146553787047365,21
scaling,hidden_variable,variable_addition,False,EIC-Greedy,4,L2-k20,0.9468947381866306,0.30624568018115095,3.5928144195844007,1.0,1.0,1.0,0.17187226224986224,21
scaling,hidden_variable,variable_addition,False,EIC-Greedy,5,L2-k20,0.9570691272270783,0.25689188194558943,4.337889748062378,1.0,1.0,1.0,0.1940316092499979,21
scaling,hidden_variable,variable_addition,False,EIC-Greedy,6,L2-k20,0.960261933949313,0.2814700493113696,4.506913117535721,1.0,1.0,1.0,0.17940064805546618,21
scaling,hidden_variable,variable_addition,False,EIC-Greedy,7,L2-k20,0.9630659680869431,0.2776228509263452,4.312063850115862,1.0,1.0,1.0,0.16818362014721322,21
scaling,hidden_variable,variable_addition,False,EIC-Greedy,8,L2-k20,0.9658167406846473,0.24637126976325818,4.495792013548671,1.0,1.0,1.0,0.17911486405720944,21
scaling,hidden_variable,variable_addition,False,EIC-Greedy,9,L2-k20,0.9503311125466142,0.32930803163233885,4.114743656300957,1.0,1.0,1.0,0.1726953329748772,21
scaling,hidden_variable,variable_addition,False,EIC-Greedy,10,L2-k20,0.9493983078715105,0.30929225268223864,3.570546417458237,1.0,1.0,1.0,0.16515785794509724,21
scaling,hidden_variable,variable_addition,False,EIC-Greedy,11,L2-k20,0.9541276517922994,0.2801181596824202,3.9502791774078854,1.0,1.0,1.0,0.17909041381312568,21
scaling,hidden_variable,variable_addition,False,EIC-Greedy,12,L2-k20,0.9473375394482878,0.32149222217307327,3.0789154374359553,1.0,1.0,1.0,0.14737945723335494,21
scaling,hidden_variable,variable_addition,False,EIC-Greedy,13,L2-k20,0.9525415765581086,0.3560114542703179,5.014074590255874,1.0,1.0,1.0,0.18244827868451685,21
scaling,hidden_variable,variable_addition,False,EIC-Greedy,14,L2-k20,0.9575949131112772,0.23144467468659888,3.3358486775239125,1.0,1.0,1.0,0.17359495218792698,21
scaling,hidden_variable,variable_addition,False,EIC-Greedy,15,L2-k20,0.957496146454704,0.3039476080449855,4.170414367067058,1.0,1.0,1.0,0.1680108019860796,21
scaling,hidden_variable,variable_addition,False,EIC-Greedy,16,L2-k20,0.9448241668949018,0.32414989139935285,4.0460474706017555,1.0,1.0,1.0,0.18321508228470113,21
scaling,hidden_variable,variable_addition,False,EIC-Greedy,17,L2-k20,0.95746915551975,0.2749763632533503,3.7749488710572856,1.0,1.0,1.0,0.16813902085455917,21
scaling,hidden_variable,variable_addition,False,EIC-Greedy,18,L2-k20,0.9566474960041269,0.31007357182599576,4.131668523442778,1.0,1.0,1.0,0.16657224659160857,21
scaling,hidden_variable,variable_addition,False,EIC-Greedy,19,L2-k20,0.956839715292011,0.2929336575637176,4.148273671403115,1.0,1.0,1.0,0.17331262884259702,21
scaling,hidden_variable,variable_addition,False,EIC-Greedy,20,L2-k20,0.9572131760712798,0.3187947871005289,4.831311673803768,1.0,1.0,1.0,0.18052900665931187,21
scaling,hidden_variable,variable_addition,False,EIC-Greedy,21,L2-k20,0.9603061530768514,0.31030328622781167,4.739279502393274,1.0,1.0,1.0,0.1736500546638492,21
scaling,hidden_variable,variable_addition,False,EIC-Greedy,22,L2-k20,0.963114881632676,0.2741833132858751,4.3966933379984425,1.0,1.0,1.0,0.17179248591489432,21
scaling,hidden_variable,variable_addition,False,EIC-Greedy,23,L2-k20,0.9435322040740193,0.3215121005640013,3.8702204260801345,1.0,1.0,1.0,0.1811384770201349,21
scaling,hidden_variable,variable_addition,False,EIC-Greedy,24,L2-k20,0.9500053039729643,0.3248370486504721,4.765293087314163,1.0,1.0,1.0,0.19283692891969778,21
scaling,hidden_variable,variable_addition,False,EIC-Greedy,25,L2-k20,0.9507701983127668,0.26036615989636985,3.806357391547153,1.0,1.0,1.0,0.19080394301918574,21
scaling,hidden_variable,variable_addition,False,EIC-Greedy,26,L2-k20,0.9619161635034671,0.3014332918696899,4.386704857245183,1.0,1.0,1.0,0.16373342409965852,21
scaling,hidden_variable,variable_addition,False,EIC-Greedy,27,L2-k20,0.9511168236635069,0.30912710521205566,4.224219936297267,1.0,1.0,1.0,0.18184158870967448,21
scaling,hidden_variable,variable_addition,False,EIC-Greedy,28,L2-k20,0.9500130757144416,0.3506365416737044,4.394365779104705,1.0,1.0,1.0,0.17369747465013313,21
scaling,hidden_variable,variable_addition,False,EIC-Greedy,29,L2-k20,0.9586760179485458,0.2670185283181197,3.859418136646533,1.0,1.0,1.0,0.17127271469636973,21
scaling,hidden_variable,variable_addition,False,EIC-Greedy,30,L2-k20,0.9572272118029498,0.2934751062240008,4.163284739379639,1.0,1.0,1.0,0.1725964016735197,21
scaling,hidden_variable,variable_addition,False,EIC-Greedy,31,L2-k20,0.9645948641345291,0.297099296399414,5.557614740334383,1.0,1.0,1.0,0.185844231504101,21
scaling,hidden_variable,variable_addition,False,EIC-Greedy,32,L2-k20,0.9397598551641868,0.3501766381986085,3.4975806112082757,1.0,1.0,1.0,0.1650483730976564,21
scaling,hidden_variable,variable_addition,False,EIC-Greedy,33,L2-k20,0.9621306145669981,0.3067041308893592,4.881381290911159,1.0,1.0,1.0,0.17364483453170015,21
scaling,hidden_variable,variable_addition,False,EIC-Greedy,34,L2-k20,0.9622883352216633,0.29201683091126945,4.407197039482384,1.0,1.0,1.0,0.166967164570533,21
scaling,hidden_variable,variable_addition,False,EIC-Greedy,35,L2-k20,0.9462697846839173,0.28649138856213513,3.5451583421642576,1.0,1.0,1.0,0.17947183440897868,21
scaling,hidden_variable,variable_addition,False,EIC-Greedy,36,L2-k20,0.9458664168659897,0.3286526916380655,4.916410439682566,1.0,1.0,1.0,0.20355786824884997,21
scaling,hidden_variable,variable_addition,False,EIC-Greedy,37,L2-k20,0.956724253285105,0.3140556650981853,5.152374242733739,1.0,1.0,1.0,0.1913511048673726,21
scaling,hidden_variable,variable_addition,False,EIC-Greedy,38,L2-k20,0.9551330237953833,0.3517755097033417,4.467014640881334,1.0,1.0,1.0,0.16438256925539174,21
scaling,hidden_variable,variable_addition,False,EIC-Greedy,39,L2-k20,0.9599607918687841,0.31264797520599386,5.147712263276994,1.0,1.0,1.0,0.18355011940808985,21
scaling,hidden_variable,variable_addition,False,Oracle,0,L2-k20,0.9552886122923457,0.3356714191169923,4.638693086471857,1.0,1.0,1.0,0.1740237413560523,21
scaling,hidden_variable,variable_addition,False,Oracle,1,L2-k20,0.9537627175314984,0.2879814146211625,3.9482409465533124,1.0,1.0,1.0,0.17651740471380162,21
scaling,hidden_variable,variable_addition,False,Oracle,2,L2-k20,0.9534388500175845,0.3259287089775717,4.415512411703676,1.0,1.0,1.0,0.17580294760882503,21
scaling,hidden_variable,variable_addition,False,Oracle,3,L2-k20,0.9519341567403401,0.3259119123102611,4.503929444382308,1.0,1.0,1.0,0.18146553787047365,21
scaling,hidden_variable,variable_addition,False,Oracle,4,L2-k20,0.9468947381866306,0.30624568018115095,3.5928144195844007,1.0,1.0,1.0,0.17187226224986224,21
scaling,hidden_variable,variable_addition,False,Oracle,5,L2-k20,0.9570691272270783,0.25689188194558943,4.337889748062378,1.0,1.0,1.0,0.1940316092499979,21
scaling,hidden_variable,variable_addition,False,Oracle,6,L2-k20,0.960261933949313,0.2814700493113696,4.506913117535721,1.0,1.0,1.0,0.17940064805546618,21
scaling,hidden_variable,variable_addition,False,Oracle,7,L2-k20,0.9630659680869431,0.2776228509263452,4.312063850115862,1.0,1.0,1.0,0.16818362014721322,21
scaling,hidden_variable,variable_addition,False,Oracle,8,L2-k20,0.9658167406846473,0.24637126976325818,4.495792013548671,1.0,1.0,1.0,0.17911486405720944,21
scaling,hidden_variable,variable_addition,False,Oracle,9,L2-k20,0.9503311125466142,0.32930803163233885,4.114743656300957,1.0,1.0,1.0,0.1726953329748772,21
scaling,hidden_variable,variable_addition,False,Oracle,10,L2-k20,0.9493983078715105,0.30929225268223864,3.570546417458237,1.0,1.0,1.0,0.16515785794509724,21
scaling,hidden_variable,variable_addition,False,Oracle,11,L2-k20,0.9541276517922994,0.2801181596824202,3.9502791774078854,1.0,1.0,1.0,0.17909041381312568,21
scaling,hidden_variable,variable_addition,False,Oracle,12,L2-k20,0.9473375394482878,0.32149222217307327,3.0789154374359553,1.0,1.0,1.0,0.14737945723335494,21
scaling,hidden_variable,variable_addition,False,Oracle,13,L2-k20,0.9525415765581086,0.3560114542703179,5.014074590255874,1.0,1.0,1.0,0.18244827868451685,21
scaling,hidden_variable,variable_addition,False,Oracle,14,L2-k20,0.9575949131112772,0.23144467468659888,3.3358486775239125,1.0,1.0,1.0,0.17359495218792698,21
scaling,hidden_variable,variable_addition,False,Oracle,15,L2-k20,0.957496146454704,0.3039476080449855,4.170414367067058,1.0,1.0,1.0,0.1680108019860796,21
scaling,hidden_variable,variable_addition,False,Oracle,16,L2-k20,0.9448241668949018,0.32414989139935285,4.0460474706017555,1.0,1.0,1.0,0.18321508228470113,21
scaling,hidden_variable,variable_addition,False,Oracle,17,L2-k20,0.95746915551975,0.2749763632533503,3.7749488710572856,1.0,1.0,1.0,0.16813902085455917,21
scaling,hidden_variable,variable_addition,False,Oracle,18,L2-k20,0.9566474960041269,0.31007357182599576,4.131668523442778,1.0,1.0,1.0,0.16657224659160857,21
scaling,hidden_variable,variable_addition,False,Oracle,19,L2-k20,0.956839715292011,0.2929336575637176,4.148273671403115,1.0,1.0,1.0,0.17331262884259702,21
scaling,hidden_variable,variable_addition,False,Oracle,20,L2-k20,0.9572131760712798,0.3187947871005289,4.831311673803768,1.0,1.0,1.0,0.18052900665931187,21
scaling,hidden_variable,variable_addition,False,Oracle,21,L2-k20,0.9603061530768514,0.31030328622781167,4.739279502393274,1.0,1.0,1.0,0.1736500546638492,21
scaling,hidden_variable,variable_addition,False,Oracle,22,L2-k20,0.963114881632676,0.2741833132858751,4.3966933379984425,1.0,1.0,1.0,0.17179248591489432,21
scaling,hidden_variable,variable_addition,False,Oracle,23,L2-k20,0.9435322040740193,0.3215121005640013,3.8702204260801345,1.0,1.0,1.0,0.1811384770201349,21
scaling,hidden_variable,variable_addition,False,Oracle,24,L2-k20,0.9500053039729643,0.3248370486504721,4.765293087314163,1.0,1.0,1.0,0.19283692891969778,21
scaling,hidden_variable,variable_addition,False,Oracle,25,L2-k20,0.9507701983127668,0.26036615989636985,3.806357391547153,1.0,1.0,1.0,0.19080394301918574,21
scaling,hidden_variable,variable_addition,False,Oracle,26,L2-k20,0.9619161635034671,0.3014332918696899,4.386704857245183,1.0,1.0,1.0,0.16373342409965852,21
scaling,hidden_variable,variable_addition,False,Oracle,27,L2-k20,0.9511168236635069,0.30912710521205566,4.224219936297267,1.0,1.0,1.0,0.18184158870967448,21
scaling,hidden_variable,variable_addition,False,Oracle,28,L2-k20,0.9500130757144416,0.3506365416737044,4.394365779104705,1.0,1.0,1.0,0.17369747465013313,21
scaling,hidden_variable,variable_addition,False,Oracle,29,L2-k20,0.9586760179485458,0.2670185283181197,3.859418136646533,1.0,1.0,1.0,0.17127271469636973,21
scaling,hidden_variable,variable_addition,False,Oracle,30,L2-k20,0.9572272118029498,0.2934751062240008,4.163284739379639,1.0,1.0,1.0,0.1725964016735197,21
scaling,hidden_variable,variable_addition,False,Oracle,31,L2-k20,0.9645948641345291,0.297099296399414,5.557614740334383,1.0,1.0,1.0,0.185844231504101,21
scaling,hidden_variable,variable_addition,False,Oracle,32,L2-k20,0.9397598551641868,0.3501766381986085,3.4975806112082757,1.0,1.0,1.0,0.1650483730976564,21
scaling,hidden_variable,variable_addition,False,Oracle,33,L2-k20,0.9621306145669981,0.3067041308893592,4.881381290911159,1.0,1.0,1.0,0.17364483453170015,21
scaling,hidden_variable,variable_addition,False,Oracle,34,L2-k20,0.9622883352216633,0.29201683091126945,4.407197039482384,1.0,1.0,1.0,0.166967164570533,21
scaling,hidden_variable,variable_addition,False,Oracle,35,L2-k20,0.9462697846839173,0.28649138856213513,3.5451583421642576,1.0,1.0,1.0,0.17947183440897868,21
scaling,hidden_variable,variable_addition,False,Oracle,36,L2-k20,0.9458664168659897,0.3286526916380655,4.916410439682566,1.0,1.0,1.0,0.20355786824884997,21
scaling,hidden_variable,variable_addition,False,Oracle,37,L2-k20,0.956724253285105,0.3140556650981853,5.152374242733739,1.0,1.0,1.0,0.1913511048673726,21
scaling,hidden_variable,variable_addition,False,Oracle,38,L2-k20,0.9551330237953833,0.3517755097033417,4.467014640881334,1.0,1.0,1.0,0.16438256925539174,21
scaling,hidden_variable,variable_addition,False,Oracle,39,L2-k20,0.9599607918687841,0.31264797520599386,5.147712263276994,1.0,1.0,1.0,0.18355011940808985,21
scaling,hidden_variable,variable_addition,False,Fixed-Frame,0,L2-k50,0.629522974870001,4.237763892801405,4.237763892801405,0.0,0.0,0.0,0.0,51
scaling,hidden_variable,variable_addition,False,Fixed-Frame,1,L2-k50,0.5925835345769846,4.114623211253185,4.114623211253185,0.0,0.0,0.0,0.0,51
scaling,hidden_variable,variable_addition,False,Fixed-Frame,2,L2-k50,0.62356617771369,4.080448004532632,4.080448004532632,0.0,0.0,0.0,0.0,51
scaling,hidden_variable,variable_addition,False,Fixed-Frame,3,L2-k50,0.6076787897858393,3.6938129657171697,3.6938129657171697,0.0,0.0,0.0,0.0,51
scaling,hidden_variable,variable_addition,False,Fixed-Frame,4,L2-k50,0.6411653871940288,4.3221554746435284,4.3221554746435284,0.0,0.0,0.0,0.0,51
scaling,hidden_variable,variable_addition,False,Fixed-Frame,5,L2-k50,0.6100249228910687,4.082010103103895,4.082010103103895,0.0,0.0,0.0,0.0,51
scaling,hidden_variable,variable_addition,False,Fixed-Frame,6,L2-k50,0.6453437389578797,4.453540361346834,4.453540361346834,0.0,0.0,0.0,0.0,51
scaling,hidden_variable,variable_addition,False,Fixed-Frame,7,L2-k50,0.6318855792611597,4.168249562569204,4.168249562569204,0.0,0.0,0.0,0.0,51
scaling,hidden_variable,variable_addition,False,Fixed-Frame,8,L2-k50,0.6494147153201861,4.380479093244691,4.380479093244691,0.0,0.0,0.0,0.0,51
scaling,hidden_variable,variable_addition,False,Fixed-Frame,9,L2-k50,0.6152168914783748,5.103401279211583,5.103401279211583,0.0,0.0,0.0,0.0,51
scaling,hidden_variable,variable_addition,False,Fixed-Frame,10,L2-k50,0.6099862210624111,4.824486849707755,4.824486849707755,0.0,0.0,0.0,0.0,51
scaling,hidden_variable,variable_addition,False,Fixed-Frame,11,L2-k50,0.5972023863122817,5.20056451769989,5.20056451769989,0.0,0.0,0.0,0.0,51
scaling,hidden_variable,variable_addition,False,Fixed-Frame,12,L2-k50,0.5778184936329024,5.140586206298162,5.140586206298162,0.0,0.0,0.0,0.0,51
scaling,hidden_variable,variable_addition,False,Fixed-Frame,13,L2-k50,0.6069823598286853,4.9167310001651225,4.9167310001651225,0.0,0.0,0.0,0.0,51
scaling,hidden_variable,variable_addition,False,Fixed-Frame,14,L2-k50,0.5781500679079413,4.25172598486737,4.25172598486737,0.0,0.0,0.0,0.0,51
scaling,hidden_variable,variable_addition,False,Fixed-Frame,15,L2-k50,0.6290643823065584,3.6530699283760786,3.6530699283760786,0.0,0.0,0.0,0.0,51
scaling,hidden_variable,variable_addition,False,Fixed-Frame,16,L2-k50,0.636228142723295,4.677032246051089,4.677032246051089,0.0,0.0,0.0,0.0,51
scaling,hidden_variable,variable_addition,False,Fixed-Frame,17,L2-k50,0.5930434511698935,4.256149221159119,4.256149221159119,0.0,0.0,0.0,0.0,51
scaling,hidden_variable,variable_addition,False,Fixed-Frame,18,L2-k50,0.6022094771306125,4.7510197806335555,4.7510197806335555,0.0,0.0,0.0,0.0,51
scaling,hidden_variable,variable_addition,False,Fixed-Frame,19,L2-k50,0.5773044602410347,4.437086288838881,4.437086288838881,0.0,0.0,0.0,0.0,51
scaling,hidden_variable,variable_addition,False,Fixed-Frame,20,L2-k50,0.6285514110779077,4.118620633377531,4.118620633377531,0.0,0.0,0.0,0.0,51
scaling,hidden_variable,variable_addition,False,Fixed-Frame,21,L2-k50,0.5888775485211127,3.554555296091667,3.554555296091667,0.0,0.0,0.0,0.0,51
scaling,hidden_variable,variable_addition,False,Fixed-Frame,22,L2-k50,0.5869488566073874,4.4131285495857275,4.4131285495857275,0.0,0.0,0.0,0.0,51
scaling,hidden_variable,variable_addition,False,Fixed-Frame,23,L2-k50,0.6235995474009852,4.795403943039783,4.795403943039783,0.0,0.0,0.0,0.0,51
scaling,hidden_variable,variable_addition,False,Fixed-Frame,24,L2-k50,0.6288838257052272,4.912338995587195,4.912338995587195,0.0,0.0,0.0,0.0,51
scaling,hidden_variable,variable_addition,False,Fixed-Frame,25,L2-k50,0.636231516849764,3.6992657026701514,3.6992657026701514,0.0,0.0,0.0,0.0,51
scaling,hidden_variable,variable_addition,False,Fixed-Frame,26,L2-k50,0.6107780720738804,3.9349298842897187,3.9349298842897187,0.0,0.0,0.0,0.0,51
scaling,hidden_variable,variable_addition,False,Fixed-Frame,27,L2-k50,0.6126464396980712,4.019679948083786,4.019679948083786,0.0,0.0,0.0,0.0,51
scaling,hidden_variable,variable_addition,False,Fixed-Frame,28,L2-k50,0.5707010545922263,4.885312142545497,4.885312142545497,0.0,0.0,0.0,0.0,51
scaling,hidden_variable,variable_addition,False,Fixed-Frame,29,L2-k50,0.580231941218006,3.3405513538613603,3.3405513538613603,0.0,0.0,0.0,0.0,51
scaling,hidden_variable,variable_addition,False,Fixed-Frame,30,L2-k50,0.6019646098568843,4.332360794543688,4.332360794543688,0.0,0.0,0.0,0.0,51
scaling,hidden_variable,variable_addition,False,Fixed-Frame,31,L2-k50,0.5997123130791232,4.4702804871644375,4.4702804871644375,0.0,0.0,0.0,0.0,51
scaling,hidden_variable,variable_addition,False,Fixed-Frame,32,L2-k50,0.6058210674499135,4.46560535588598,4.46560535588598,0.0,0.0,0.0,0.0,51
scaling,hidden_variable,variable_addition,False,Fixed-Frame,33,L2-k50,0.613025144023977,4.085466074240281,4.085466074240281,0.0,0.0,0.0,0.0,51
scaling,hidden_variable,variable_addition,False,Fixed-Frame,34,L2-k50,0.5941051787561331,5.534500710376507,5.534500710376507,0.0,0.0,0.0,0.0,51
scaling,hidden_variable,variable_addition,False,Fixed-Frame,35,L2-k50,0.6306568346320363,3.7784280895475693,3.7784280895475693,0.0,0.0,0.0,0.0,51
scaling,hidden_variable,variable_addition,False,Fixed-Frame,36,L2-k50,0.6120108437417444,4.150831897192576,4.150831897192576,0.0,0.0,0.0,0.0,51
scaling,hidden_variable,variable_addition,False,Fixed-Frame,37,L2-k50,0.6419471326387611,4.077492050840954,4.077492050840954,0.0,0.0,0.0,0.0,51
scaling,hidden_variable,variable_addition,False,Fixed-Frame,38,L2-k50,0.5796480266798314,4.683279180172876,4.683279180172876,0.0,0.0,0.0,0.0,51
scaling,hidden_variable,variable_addition,False,Fixed-Frame,39,L2-k50,0.6043798587470864,5.329349134488945,5.329349134488945,0.0,0.0,0.0,0.0,51
scaling,hidden_variable,variable_addition,False,Random-Edit,0,L2-k50,0.6298784827393126,4.231307827397552,4.237763892801405,0.0,1.0,1.0,0.00017775393465579992,51
scaling,hidden_variable,variable_addition,False,Random-Edit,1,L2-k50,0.5924516450123937,4.116871484122967,4.114623211253185,0.0,1.0,1.0,0.0,51
scaling,hidden_variable,variable_addition,False,Random-Edit,2,L2-k50,0.6237130185904628,4.077896000416189,4.080448004532632,0.0,1.0,1.0,7.342043838637347e-05,51
scaling,hidden_variable,variable_addition,False,Random-Edit,3,L2-k50,0.6058963216625645,3.721511486028565,3.6938129657171697,0.0,1.0,1.0,0.0,51
scaling,hidden_variable,variable_addition,False,Random-Edit,4,L2-k50,0.6395035545864292,4.353455909448974,4.3221554746435284,0.0,1.0,1.0,0.0,51
scaling,hidden_variable,variable_addition,False,Random-Edit,5,L2-k50,0.6042840067056386,4.1814538155203556,4.082010103103895,0.0,1.0,1.0,0.0,51
scaling,hidden_variable,variable_addition,False,Random-Edit,6,L2-k50,0.6464412349669195,4.432221124240043,4.453540361346834,0.0,1.0,1.0,0.0005487480045199278,51
scaling,hidden_variable,variable_addition,False,Random-Edit,7,L2-k50,0.6316218365332334,4.172977745163624,4.168249562569204,0.0,1.0,1.0,0.0,51
scaling,hidden_variable,variable_addition,False,Random-Edit,8,L2-k50,0.9628307701850248,0.31324464477208785,4.380479093244691,1.0,1.0,1.0,0.15670802743241935,51
scaling,hidden_variable,variable_addition,False,Random-Edit,9,L2-k50,0.6155679608955593,5.095837119152242,5.103401279211583,0.0,1.0,1.0,0.00017553470859227316,51
scaling,hidden_variable,variable_addition,False,Random-Edit,10,L2-k50,0.6099727167608712,4.824760712412528,4.824486849707755,0.0,1.0,1.0,0.0,51
scaling,hidden_variable,variable_addition,False,Random-Edit,11,L2-k50,0.5976518511955184,5.190854699547256,5.20056451769989,0.0,1.0,1.0,0.00022473244161835826,51
scaling,hidden_variable,variable_addition,False,Random-Edit,12,L2-k50,0.5796619629365054,5.101862711223269,5.140586206298162,0.0,1.0,1.0,0.000921734651801509,51
scaling,hidden_variable,variable_addition,False,Random-Edit,13,L2-k50,0.6034644652251199,4.989659205526375,4.9167310001651225,0.0,1.0,1.0,0.0,51
scaling,hidden_variable,variable_addition,False,Random-Edit,14,L2-k50,0.5780451924019513,4.253554588421238,4.25172598486737,0.0,1.0,1.0,0.0,51
scaling,hidden_variable,variable_addition,False,Random-Edit,15,L2-k50,0.6287566092406112,3.657890599416909,3.6530699283760786,0.0,1.0,1.0,0.0,51
scaling,hidden_variable,variable_addition,False,Random-Edit,16,L2-k50,0.6372017020758545,4.657388388652818,4.677032246051089,0.0,1.0,1.0,0.00048677967627974716,51
scaling,hidden_variable,variable_addition,False,Random-Edit,17,L2-k50,0.5925328571737265,4.265161447082157,4.256149221159119,0.0,1.0,1.0,0.0,51
scaling,hidden_variable,variable_addition,False,Random-Edit,18,L2-k50,0.6007589559494035,4.779857189004398,4.7510197806335555,0.0,1.0,1.0,0.0,51
scaling,hidden_variable,variable_addition,False,Random-Edit,19,L2-k50,0.5774727844984063,4.43402654270206,4.437086288838881,0.0,1.0,1.0,8.41621286858385e-05,51
scaling,hidden_variable,variable_addition,False,Random-Edit,20,L2-k50,0.6278758299959245,4.130551082484358,4.118620633377531,0.0,1.0,1.0,0.0,51
scaling,hidden_variable,variable_addition,False,Random-Edit,21,L2-k50,0.5883954008030758,3.5616400525628666,3.554555296091667,0.0,1.0,1.0,0.0,51
scaling,hidden_variable,variable_addition,False,Random-Edit,22,L2-k50,0.5871450907789726,4.409557696753599,4.4131285495857275,0.0,1.0,1.0,9.811708579260392e-05,51
scaling,hidden_variable,variable_addition,False,Random-Edit,23,L2-k50,0.6234824224319426,4.797797260637173,4.795403943039783,0.0,1.0,1.0,0.0,51
scaling,hidden_variable,variable_addition,False,Random-Edit,24,L2-k50,0.6283951092343035,4.922633433214146,4.912338995587195,0.0,1.0,1.0,0.0,51
scaling,hidden_variable,variable_addition,False,Random-Edit,25,L2-k50,0.6340703320229417,3.73392700955301,3.6992657026701514,0.0,1.0,1.0,0.0,51
scaling,hidden_variable,variable_addition,False,Random-Edit,26,L2-k50,0.6136701342971984,3.8872854314817307,3.9349298842897187,0.0,1.0,1.0,0.0014460311116590296,51
scaling,hidden_variable,variable_addition,False,Random-Edit,27,L2-k50,0.6129042508095236,4.015314860912228,4.019679948083786,0.0,1.0,1.0,0.00012890555572619977,51
scaling,hidden_variable,variable_addition,False,Random-Edit,28,L2-k50,0.5697254828339499,4.904798293855321,4.885312142545497,0.0,1.0,1.0,0.0,51
scaling,hidden_variable,variable_addition,False,Random-Edit,29,L2-k50,0.579710725038073,3.347706447426482,3.3405513538613603,0.0,1.0,1.0,0.0,51
scaling,hidden_variable,variable_addition,False,Random-Edit,30,L2-k50,0.601718600954612,4.336810797661882,4.332360794543688,0.0,1.0,1.0,0.0,51
scaling,hidden_variable,variable_addition,False,Random-Edit,31,L2-k50,0.5945311580790386,4.567603267510174,4.4702804871644375,0.0,1.0,1.0,0.0,51
scaling,hidden_variable,variable_addition,False,Random-Edit,32,L2-k50,0.6055785815502354,4.470141667859383,4.46560535588598,0.0,1.0,1.0,0.0,51
scaling,hidden_variable,variable_addition,False,Random-Edit,33,L2-k50,0.6132900608159494,4.0809056796476195,4.085466074240281,0.0,1.0,1.0,0.00013245839598619025,51
scaling,hidden_variable,variable_addition,False,Random-Edit,34,L2-k50,0.5937107102583141,5.543560171800507,5.534500710376507,0.0,1.0,1.0,0.0,51
scaling,hidden_variable,variable_addition,False,Random-Edit,35,L2-k50,0.6307373355519,3.7771224196300768,3.7784280895475693,0.0,1.0,1.0,4.0250459931889804e-05,51
scaling,hidden_variable,variable_addition,False,Random-Edit,36,L2-k50,0.6053543205060022,4.268471449617832,4.150831897192576,0.0,1.0,1.0,0.0,51
scaling,hidden_variable,variable_addition,False,Random-Edit,37,L2-k50,0.6438150012272801,4.04445272370936,4.077492050840954,0.0,1.0,1.0,0.0009339342942594753,51
scaling,hidden_variable,variable_addition,False,Random-Edit,38,L2-k50,0.5801939434795123,4.6727960681802365,4.683279180172876,0.0,1.0,1.0,0.00027295839984042836,51
scaling,hidden_variable,variable_addition,False,Random-Edit,39,L2-k50,0.6021149093389534,5.380021934584927,5.329349134488945,0.0,1.0,1.0,0.0,51
scaling,hidden_variable,variable_addition,False,Flat-Search,0,L2-k50,0.9614939144410547,0.2883831570333042,4.237763892801405,1.0,1.0,1.0,0.16598546978552686,51
scaling,hidden_variable,variable_addition,False,Flat-Search,1,L2-k50,0.9523736675177897,0.2992821641147434,4.114623211253185,1.0,1.0,1.0,0.17989506647040254,51
scaling,hidden_variable,variable_addition,False,Flat-Search,2,L2-k50,0.9544515180385693,0.3225683821563562,4.080448004532632,1.0,1.0,1.0,0.16544267016243963,51
scaling,hidden_variable,variable_addition,False,Flat-Search,3,L2-k50,0.9512633341772898,0.29313133691036003,3.6938129657171697,1.0,1.0,1.0,0.17179227219572524,51
scaling,hidden_variable,variable_addition,False,Flat-Search,4,L2-k50,0.9554054195151434,0.36047114714958806,4.3221554746435284,1.0,1.0,1.0,0.15712001616055726,51
scaling,hidden_variable,variable_addition,False,Flat-Search,5,L2-k50,0.947869426711244,0.35117920139995384,4.082010103103895,1.0,1.0,1.0,0.16892225191008764,51
scaling,hidden_variable,variable_addition,False,Flat-Search,6,L2-k50,0.9644198399073376,0.29897207394549585,4.453540361346834,1.0,1.0,1.0,0.15953805047472897,51
scaling,hidden_variable,variable_addition,False,Flat-Search,7,L2-k50,0.9617566082207882,0.2845119746322131,4.168249562569204,1.0,1.0,1.0,0.16493551447981425,51
scaling,hidden_variable,variable_addition,False,Flat-Search,8,L2-k50,0.9628307701850248,0.31324464477208785,4.380479093244691,1.0,1.0,1.0,0.15670802743241935,51
scaling,hidden_variable,variable_addition,False,Flat-Search,9,L2-k50,0.9553362555666096,0.38147917992740793,5.103401279211583,1.0,1.0,1.0,0.17005968204411742,51
scaling,hidden_variable,variable_addition,False,Flat-Search,10,L2-k50,0.9638089325348685,0.28333592736520624,4.824486849707755,1.0,1.0,1.0,0.17691135573622874,51
scaling,hidden_variable,variable_addition,False,Flat-Search,11,L2-k50,0.9633606680809961,0.29325388148165915,5.20056451769989,1.0,1.0,1.0,0.18307914088435717,51
scaling,hidden_variable,variable_addition,False,Flat-Search,12,L2-k50,0.9569683667907484,0.3163698776035739,5.140586206298162,1.0,1.0,1.0,0.189574936578923,51
scaling,hidden_variable,variable_addition,False,Flat-Search,13,L2-k50,0.9634157752606376,0.28835041267176414,4.9167310001651225,1.0,1.0,1.0,0.17821670771597614,51
scaling,hidden_variable,variable_addition,False,Flat-Search,14,L2-k50,0.9450273019116755,0.3389616477717519,4.25172598486737,1.0,1.0,1.0,0.1834386170018671,51
scaling,hidden_variable,variable_addition,False,Flat-Search,15,L2-k50,0.9495582118760779,0.32909662207173296,3.6530699283760786,1.0,1.0,1.0,0.16024691478475978,51
scaling,hidden_variable,variable_addition,False,Flat-Search,16,L2-k50,0.9601208707210718,0.33976129199641697,4.677032246051089,1.0,1.0,1.0,0.1619463639988884,51
scaling,hidden_variable,variable_addition,False,Flat-Search,17,L2-k50,0.9423117655609359,0.3797064308771133,4.256149221159119,1.0,1.0,1.0,0.17463415719552117,51
scaling,hidden_variable,variable_addition,False,Flat-Search,18,L2-k50,0.9600419816858236,0.29935995798892057,4.7510197806335555,1.0,1.0,1.0,0.17891625227760555,51
scaling,hidden_variable,variable_addition,False,Flat-Search,19,L2-k50,0.9534223577978892,0.2960515169518345,4.437086288838881,1.0,1.0,1.0,0.18805894877842727,51
scaling,hidden_variable,variable_addition,False,Flat-Search,20,L2-k50,0.9629970073842593,0.26779705410011606,4.118620633377531,1.0,1.0,1.0,0.1672227981531758,51
scaling,hidden_variable,variable_addition,False,Flat-Search,21,L2-k50,0.9276956427565852,0.3968240910002246,3.554555296091667,1.0,1.0,1.0,0.16940904711773624,51
scaling,hidden_variable,variable_addition,False,Flat-Search,22,L2-k50,0.955732357296414,0.29046453697109015,4.4131285495857275,1.0,1.0,1.0,0.18439175034451333,51
scaling,hidden_variable,variable_addition,False,Flat-Search,23,L2-k50,0.969508032245363,0.24987044526685176,4.795403943039783,1.0,1.0,1.0,0.17295424242218888,51
scaling,hidden_variable,variable_addition,False,Flat-Search,24,L2-k50,0.9657944287052858,0.2948227715798944,4.912338995587195,1.0,1.0,1.0,0.1684553015000293,51
scaling,hidden_variable,variable_addition,False,Flat-Search,25,L2-k50,0.9591267236474923,0.2757205242791647,3.6992657026701514,1.0,1.0,1.0,0.16144760339886416,51
scaling,hidden_variable,variable_addition,False,Flat-Search,26,L2-k50,0.9526492455500117,0.3069142199931578,3.9349298842897187,1.0,1.0,1.0,0.1709355867380657,51
scaling,hidden_variable,variable_addition,False,Flat-Search,27,L2-k50,0.9487746160396695,0.34325431296827275,4.019679948083786,1.0,1.0,1.0,0.16806408817079915,51
scaling,hidden_variable,variable_addition,False,Flat-Search,28,L2-k50,0.9542910607839524,0.31107238444819085,4.885312142545497,1.0,1.0,1.0,0.19179500309586306,51
scaling,hidden_variable,variable_addition,False,Flat-Search,29,L2-k50,0.9395419011719953,0.2971315230426066,3.3405513538613603,1.0,1.0,1.0,0.17965497997699464,51
scaling,hidden_variable,variable_addition,False,Flat-Search,30,L2-k50,0.9544638125363906,0.312587126148375,4.332360794543688,1.0,1.0,1.0,0.17624960133975315,51
scaling,hidden_variable,variable_addition,False,Flat-Search,31,L2-k50,0.9600995125906983,0.2783347684093315,4.4702804871644375,1.0,1.0,1.0,0.18019359975578753,51
scaling,hidden_variable,variable_addition,False,Flat-Search,32,L2-k50,0.9495082334061741,0.3649666101542055,4.46560535588598,1.0,1.0,1.0,0.1718435829781303,51
scaling,hidden_variable,variable_addition,False,Flat-Search,33,L2-k50,0.9567704781567468,0.2924218462172832,4.085466074240281,1.0,1.0,1.0,0.17187266706638488,51
scaling,hidden_variable,variable_addition,False,Flat-Search,34,L2-k50,0.9629686359671706,0.3115199341903579,5.534500710376507,1.0,1.0,1.0,0.18443172860551876,51
scaling,hidden_variable,variable_addition,False,Flat-Search,35,L2-k50,0.9572059194062026,0.2884380332460657,3.7784280895475693,1.0,1.0,1.0,0.16327454238708317,51
scaling,hidden_variable,variable_addition,False,Flat-Search,36,L2-k50,0.9586073118666063,0.28272067482856184,4.150831897192576,1.0,1.0,1.0,0.17329823406243094,51
scaling,hidden_variable,variable_addition,False,Flat-Search,37,L2-k50,0.9607784534151567,0.29843289386667593,4.077492050840954,1.0,1.0,1.0,0.15941566038819777,51
scaling,hidden_variable,variable_addition,False,Flat-Search,38,L2-k50,0.9512117910449519,0.33123709645310145,4.683279180172876,1.0,1.0,1.0,0.18578188218256025,51
scaling,hidden_variable,variable_addition,False,Flat-Search,39,L2-k50,0.9525180213386363,0.40584609262307814,5.329349134488945,1.0,1.0,1.0,0.17406908129577492,51
scaling,hidden_variable,variable_addition,False,MDL-Flat,0,L2-k50,0.9614939144410547,0.2883831570333042,4.237763892801405,1.0,1.0,1.0,0.16598546978552686,51
scaling,hidden_variable,variable_addition,False,MDL-Flat,1,L2-k50,0.9523736675177897,0.2992821641147434,4.114623211253185,1.0,1.0,1.0,0.17989506647040254,51
scaling,hidden_variable,variable_addition,False,MDL-Flat,2,L2-k50,0.9544515180385693,0.3225683821563562,4.080448004532632,1.0,1.0,1.0,0.16544267016243963,51
scaling,hidden_variable,variable_addition,False,MDL-Flat,3,L2-k50,0.9512633341772898,0.29313133691036003,3.6938129657171697,1.0,1.0,1.0,0.17179227219572524,51
scaling,hidden_variable,variable_addition,False,MDL-Flat,4,L2-k50,0.9554054195151434,0.36047114714958806,4.3221554746435284,1.0,1.0,1.0,0.15712001616055726,51
scaling,hidden_variable,variable_addition,False,MDL-Flat,5,L2-k50,0.947869426711244,0.35117920139995384,4.082010103103895,1.0,1.0,1.0,0.16892225191008764,51
scaling,hidden_variable,variable_addition,False,MDL-Flat,6,L2-k50,0.9644198399073376,0.29897207394549585,4.453540361346834,1.0,1.0,1.0,0.15953805047472897,51
scaling,hidden_variable,variable_addition,False,MDL-Flat,7,L2-k50,0.9617566082207882,0.2845119746322131,4.168249562569204,1.0,1.0,1.0,0.16493551447981425,51
scaling,hidden_variable,variable_addition,False,MDL-Flat,8,L2-k50,0.9628307701850248,0.31324464477208785,4.380479093244691,1.0,1.0,1.0,0.15670802743241935,51
scaling,hidden_variable,variable_addition,False,MDL-Flat,9,L2-k50,0.9553362555666096,0.38147917992740793,5.103401279211583,1.0,1.0,1.0,0.17005968204411742,51
scaling,hidden_variable,variable_addition,False,MDL-Flat,10,L2-k50,0.9638089325348685,0.28333592736520624,4.824486849707755,1.0,1.0,1.0,0.17691135573622874,51
scaling,hidden_variable,variable_addition,False,MDL-Flat,11,L2-k50,0.9633606680809961,0.29325388148165915,5.20056451769989,1.0,1.0,1.0,0.18307914088435717,51
scaling,hidden_variable,variable_addition,False,MDL-Flat,12,L2-k50,0.9569683667907484,0.3163698776035739,5.140586206298162,1.0,1.0,1.0,0.189574936578923,51
scaling,hidden_variable,variable_addition,False,MDL-Flat,13,L2-k50,0.9634157752606376,0.28835041267176414,4.9167310001651225,1.0,1.0,1.0,0.17821670771597614,51
scaling,hidden_variable,variable_addition,False,MDL-Flat,14,L2-k50,0.9450273019116755,0.3389616477717519,4.25172598486737,1.0,1.0,1.0,0.1834386170018671,51
scaling,hidden_variable,variable_addition,False,MDL-Flat,15,L2-k50,0.9495582118760779,0.32909662207173296,3.6530699283760786,1.0,1.0,1.0,0.16024691478475978,51
scaling,hidden_variable,variable_addition,False,MDL-Flat,16,L2-k50,0.9601208707210718,0.33976129199641697,4.677032246051089,1.0,1.0,1.0,0.1619463639988884,51
scaling,hidden_variable,variable_addition,False,MDL-Flat,17,L2-k50,0.9423117655609359,0.3797064308771133,4.256149221159119,1.0,1.0,1.0,0.17463415719552117,51
scaling,hidden_variable,variable_addition,False,MDL-Flat,18,L2-k50,0.9600419816858236,0.29935995798892057,4.7510197806335555,1.0,1.0,1.0,0.17891625227760555,51
scaling,hidden_variable,variable_addition,False,MDL-Flat,19,L2-k50,0.9534223577978892,0.2960515169518345,4.437086288838881,1.0,1.0,1.0,0.18805894877842727,51
scaling,hidden_variable,variable_addition,False,MDL-Flat,20,L2-k50,0.9629970073842593,0.26779705410011606,4.118620633377531,1.0,1.0,1.0,0.1672227981531758,51
scaling,hidden_variable,variable_addition,False,MDL-Flat,21,L2-k50,0.9276956427565852,0.3968240910002246,3.554555296091667,1.0,1.0,1.0,0.16940904711773624,51
scaling,hidden_variable,variable_addition,False,MDL-Flat,22,L2-k50,0.955732357296414,0.29046453697109015,4.4131285495857275,1.0,1.0,1.0,0.18439175034451333,51
scaling,hidden_variable,variable_addition,False,MDL-Flat,23,L2-k50,0.969508032245363,0.24987044526685176,4.795403943039783,1.0,1.0,1.0,0.17295424242218888,51
scaling,hidden_variable,variable_addition,False,MDL-Flat,24,L2-k50,0.9657944287052858,0.2948227715798944,4.912338995587195,1.0,1.0,1.0,0.1684553015000293,51
scaling,hidden_variable,variable_addition,False,MDL-Flat,25,L2-k50,0.9591267236474923,0.2757205242791647,3.6992657026701514,1.0,1.0,1.0,0.16144760339886416,51
scaling,hidden_variable,variable_addition,False,MDL-Flat,26,L2-k50,0.9526492455500117,0.3069142199931578,3.9349298842897187,1.0,1.0,1.0,0.1709355867380657,51
scaling,hidden_variable,variable_addition,False,MDL-Flat,27,L2-k50,0.9487746160396695,0.34325431296827275,4.019679948083786,1.0,1.0,1.0,0.16806408817079915,51
scaling,hidden_variable,variable_addition,False,MDL-Flat,28,L2-k50,0.9542910607839524,0.31107238444819085,4.885312142545497,1.0,1.0,1.0,0.19179500309586306,51
scaling,hidden_variable,variable_addition,False,MDL-Flat,29,L2-k50,0.9395419011719953,0.2971315230426066,3.3405513538613603,1.0,1.0,1.0,0.17965497997699464,51
scaling,hidden_variable,variable_addition,False,MDL-Flat,30,L2-k50,0.9544638125363906,0.312587126148375,4.332360794543688,1.0,1.0,1.0,0.17624960133975315,51
scaling,hidden_variable,variable_addition,False,MDL-Flat,31,L2-k50,0.9600995125906983,0.2783347684093315,4.4702804871644375,1.0,1.0,1.0,0.18019359975578753,51
scaling,hidden_variable,variable_addition,False,MDL-Flat,32,L2-k50,0.9495082334061741,0.3649666101542055,4.46560535588598,1.0,1.0,1.0,0.1718435829781303,51
scaling,hidden_variable,variable_addition,False,MDL-Flat,33,L2-k50,0.9567704781567468,0.2924218462172832,4.085466074240281,1.0,1.0,1.0,0.17187266706638488,51
scaling,hidden_variable,variable_addition,False,MDL-Flat,34,L2-k50,0.9629686359671706,0.3115199341903579,5.534500710376507,1.0,1.0,1.0,0.18443172860551876,51
scaling,hidden_variable,variable_addition,False,MDL-Flat,35,L2-k50,0.9572059194062026,0.2884380332460657,3.7784280895475693,1.0,1.0,1.0,0.16327454238708317,51
scaling,hidden_variable,variable_addition,False,MDL-Flat,36,L2-k50,0.9586073118666063,0.28272067482856184,4.150831897192576,1.0,1.0,1.0,0.17329823406243094,51
scaling,hidden_variable,variable_addition,False,MDL-Flat,37,L2-k50,0.9607784534151567,0.29843289386667593,4.077492050840954,1.0,1.0,1.0,0.15941566038819777,51
scaling,hidden_variable,variable_addition,False,MDL-Flat,38,L2-k50,0.9512117910449519,0.33123709645310145,4.683279180172876,1.0,1.0,1.0,0.18578188218256025,51
scaling,hidden_variable,variable_addition,False,MDL-Flat,39,L2-k50,0.9525180213386363,0.40584609262307814,5.329349134488945,1.0,1.0,1.0,0.17406908129577492,51
scaling,hidden_variable,variable_addition,False,EIC-Greedy,0,L2-k50,0.9614939144410547,0.2883831570333042,4.237763892801405,1.0,1.0,1.0,0.16598546978552686,51
scaling,hidden_variable,variable_addition,False,EIC-Greedy,1,L2-k50,0.9523736675177897,0.2992821641147434,4.114623211253185,1.0,1.0,1.0,0.17989506647040254,51
scaling,hidden_variable,variable_addition,False,EIC-Greedy,2,L2-k50,0.9544515180385693,0.3225683821563562,4.080448004532632,1.0,1.0,1.0,0.16544267016243963,51
scaling,hidden_variable,variable_addition,False,EIC-Greedy,3,L2-k50,0.9512633341772898,0.29313133691036003,3.6938129657171697,1.0,1.0,1.0,0.17179227219572524,51
scaling,hidden_variable,variable_addition,False,EIC-Greedy,4,L2-k50,0.9554054195151434,0.36047114714958806,4.3221554746435284,1.0,1.0,1.0,0.15712001616055726,51
scaling,hidden_variable,variable_addition,False,EIC-Greedy,5,L2-k50,0.947869426711244,0.35117920139995384,4.082010103103895,1.0,1.0,1.0,0.16892225191008764,51
scaling,hidden_variable,variable_addition,False,EIC-Greedy,6,L2-k50,0.9644198399073376,0.29897207394549585,4.453540361346834,1.0,1.0,1.0,0.15953805047472897,51
scaling,hidden_variable,variable_addition,False,EIC-Greedy,7,L2-k50,0.9617566082207882,0.2845119746322131,4.168249562569204,1.0,1.0,1.0,0.16493551447981425,51
scaling,hidden_variable,variable_addition,False,EIC-Greedy,8,L2-k50,0.9628307701850248,0.31324464477208785,4.380479093244691,1.0,1.0,1.0,0.15670802743241935,51
scaling,hidden_variable,variable_addition,False,EIC-Greedy,9,L2-k50,0.9553362555666096,0.38147917992740793,5.103401279211583,1.0,1.0,1.0,0.17005968204411742,51
scaling,hidden_variable,variable_addition,False,EIC-Greedy,10,L2-k50,0.9638089325348685,0.28333592736520624,4.824486849707755,1.0,1.0,1.0,0.17691135573622874,51
scaling,hidden_variable,variable_addition,False,EIC-Greedy,11,L2-k50,0.9633606680809961,0.29325388148165915,5.20056451769989,1.0,1.0,1.0,0.18307914088435717,51
scaling,hidden_variable,variable_addition,False,EIC-Greedy,12,L2-k50,0.9569683667907484,0.3163698776035739,5.140586206298162,1.0,1.0,1.0,0.189574936578923,51
scaling,hidden_variable,variable_addition,False,EIC-Greedy,13,L2-k50,0.9634157752606376,0.28835041267176414,4.9167310001651225,1.0,1.0,1.0,0.17821670771597614,51
scaling,hidden_variable,variable_addition,False,EIC-Greedy,14,L2-k50,0.9450273019116755,0.3389616477717519,4.25172598486737,1.0,1.0,1.0,0.1834386170018671,51
scaling,hidden_variable,variable_addition,False,EIC-Greedy,15,L2-k50,0.9495582118760779,0.32909662207173296,3.6530699283760786,1.0,1.0,1.0,0.16024691478475978,51
scaling,hidden_variable,variable_addition,False,EIC-Greedy,16,L2-k50,0.9601208707210718,0.33976129199641697,4.677032246051089,1.0,1.0,1.0,0.1619463639988884,51
scaling,hidden_variable,variable_addition,False,EIC-Greedy,17,L2-k50,0.9423117655609359,0.3797064308771133,4.256149221159119,1.0,1.0,1.0,0.17463415719552117,51
scaling,hidden_variable,variable_addition,False,EIC-Greedy,18,L2-k50,0.9600419816858236,0.29935995798892057,4.7510197806335555,1.0,1.0,1.0,0.17891625227760555,51
scaling,hidden_variable,variable_addition,False,EIC-Greedy,19,L2-k50,0.9534223577978892,0.2960515169518345,4.437086288838881,1.0,1.0,1.0,0.18805894877842727,51
scaling,hidden_variable,variable_addition,False,EIC-Greedy,20,L2-k50,0.9629970073842593,0.26779705410011606,4.118620633377531,1.0,1.0,1.0,0.1672227981531758,51
scaling,hidden_variable,variable_addition,False,EIC-Greedy,21,L2-k50,0.9276956427565852,0.3968240910002246,3.554555296091667,1.0,1.0,1.0,0.16940904711773624,51
scaling,hidden_variable,variable_addition,False,EIC-Greedy,22,L2-k50,0.955732357296414,0.29046453697109015,4.4131285495857275,1.0,1.0,1.0,0.18439175034451333,51
scaling,hidden_variable,variable_addition,False,EIC-Greedy,23,L2-k50,0.969508032245363,0.24987044526685176,4.795403943039783,1.0,1.0,1.0,0.17295424242218888,51
scaling,hidden_variable,variable_addition,False,EIC-Greedy,24,L2-k50,0.9657944287052858,0.2948227715798944,4.912338995587195,1.0,1.0,1.0,0.1684553015000293,51
scaling,hidden_variable,variable_addition,False,EIC-Greedy,25,L2-k50,0.9591267236474923,0.2757205242791647,3.6992657026701514,1.0,1.0,1.0,0.16144760339886416,51
scaling,hidden_variable,variable_addition,False,EIC-Greedy,26,L2-k50,0.9526492455500117,0.3069142199931578,3.9349298842897187,1.0,1.0,1.0,0.1709355867380657,51
scaling,hidden_variable,variable_addition,False,EIC-Greedy,27,L2-k50,0.9487746160396695,0.34325431296827275,4.019679948083786,1.0,1.0,1.0,0.16806408817079915,51
scaling,hidden_variable,variable_addition,False,EIC-Greedy,28,L2-k50,0.9542910607839524,0.31107238444819085,4.885312142545497,1.0,1.0,1.0,0.19179500309586306,51
scaling,hidden_variable,variable_addition,False,EIC-Greedy,29,L2-k50,0.9395419011719953,0.2971315230426066,3.3405513538613603,1.0,1.0,1.0,0.17965497997699464,51
scaling,hidden_variable,variable_addition,False,EIC-Greedy,30,L2-k50,0.9544638125363906,0.312587126148375,4.332360794543688,1.0,1.0,1.0,0.17624960133975315,51
scaling,hidden_variable,variable_addition,False,EIC-Greedy,31,L2-k50,0.9600995125906983,0.2783347684093315,4.4702804871644375,1.0,1.0,1.0,0.18019359975578753,51
scaling,hidden_variable,variable_addition,False,EIC-Greedy,32,L2-k50,0.9495082334061741,0.3649666101542055,4.46560535588598,1.0,1.0,1.0,0.1718435829781303,51
scaling,hidden_variable,variable_addition,False,EIC-Greedy,33,L2-k50,0.9567704781567468,0.2924218462172832,4.085466074240281,1.0,1.0,1.0,0.17187266706638488,51
scaling,hidden_variable,variable_addition,False,EIC-Greedy,34,L2-k50,0.9629686359671706,0.3115199341903579,5.534500710376507,1.0,1.0,1.0,0.18443172860551876,51
scaling,hidden_variable,variable_addition,False,EIC-Greedy,35,L2-k50,0.9572059194062026,0.2884380332460657,3.7784280895475693,1.0,1.0,1.0,0.16327454238708317,51
scaling,hidden_variable,variable_addition,False,EIC-Greedy,36,L2-k50,0.9586073118666063,0.28272067482856184,4.150831897192576,1.0,1.0,1.0,0.17329823406243094,51
scaling,hidden_variable,variable_addition,False,EIC-Greedy,37,L2-k50,0.9607784534151567,0.29843289386667593,4.077492050840954,1.0,1.0,1.0,0.15941566038819777,51
scaling,hidden_variable,variable_addition,False,EIC-Greedy,38,L2-k50,0.9512117910449519,0.33123709645310145,4.683279180172876,1.0,1.0,1.0,0.18578188218256025,51
scaling,hidden_variable,variable_addition,False,EIC-Greedy,39,L2-k50,0.9525180213386363,0.40584609262307814,5.329349134488945,1.0,1.0,1.0,0.17406908129577492,51
scaling,hidden_variable,variable_addition,False,Oracle,0,L2-k50,0.9614939144410547,0.2883831570333042,4.237763892801405,1.0,1.0,1.0,0.16598546978552686,51
scaling,hidden_variable,variable_addition,False,Oracle,1,L2-k50,0.9523736675177897,0.2992821641147434,4.114623211253185,1.0,1.0,1.0,0.17989506647040254,51
scaling,hidden_variable,variable_addition,False,Oracle,2,L2-k50,0.9544515180385693,0.3225683821563562,4.080448004532632,1.0,1.0,1.0,0.16544267016243963,51
scaling,hidden_variable,variable_addition,False,Oracle,3,L2-k50,0.9512633341772898,0.29313133691036003,3.6938129657171697,1.0,1.0,1.0,0.17179227219572524,51
scaling,hidden_variable,variable_addition,False,Oracle,4,L2-k50,0.9554054195151434,0.36047114714958806,4.3221554746435284,1.0,1.0,1.0,0.15712001616055726,51
scaling,hidden_variable,variable_addition,False,Oracle,5,L2-k50,0.947869426711244,0.35117920139995384,4.082010103103895,1.0,1.0,1.0,0.16892225191008764,51
scaling,hidden_variable,variable_addition,False,Oracle,6,L2-k50,0.9644198399073376,0.29897207394549585,4.453540361346834,1.0,1.0,1.0,0.15953805047472897,51
scaling,hidden_variable,variable_addition,False,Oracle,7,L2-k50,0.9617566082207882,0.2845119746322131,4.168249562569204,1.0,1.0,1.0,0.16493551447981425,51
scaling,hidden_variable,variable_addition,False,Oracle,8,L2-k50,0.9628307701850248,0.31324464477208785,4.380479093244691,1.0,1.0,1.0,0.15670802743241935,51
scaling,hidden_variable,variable_addition,False,Oracle,9,L2-k50,0.9553362555666096,0.38147917992740793,5.103401279211583,1.0,1.0,1.0,0.17005968204411742,51
scaling,hidden_variable,variable_addition,False,Oracle,10,L2-k50,0.9638089325348685,0.28333592736520624,4.824486849707755,1.0,1.0,1.0,0.17691135573622874,51
scaling,hidden_variable,variable_addition,False,Oracle,11,L2-k50,0.9633606680809961,0.29325388148165915,5.20056451769989,1.0,1.0,1.0,0.18307914088435717,51
scaling,hidden_variable,variable_addition,False,Oracle,12,L2-k50,0.9569683667907484,0.3163698776035739,5.140586206298162,1.0,1.0,1.0,0.189574936578923,51
scaling,hidden_variable,variable_addition,False,Oracle,13,L2-k50,0.9634157752606376,0.28835041267176414,4.9167310001651225,1.0,1.0,1.0,0.17821670771597614,51
scaling,hidden_variable,variable_addition,False,Oracle,14,L2-k50,0.9450273019116755,0.3389616477717519,4.25172598486737,1.0,1.0,1.0,0.1834386170018671,51
scaling,hidden_variable,variable_addition,False,Oracle,15,L2-k50,0.9495582118760779,0.32909662207173296,3.6530699283760786,1.0,1.0,1.0,0.16024691478475978,51
scaling,hidden_variable,variable_addition,False,Oracle,16,L2-k50,0.9601208707210718,0.33976129199641697,4.677032246051089,1.0,1.0,1.0,0.1619463639988884,51
scaling,hidden_variable,variable_addition,False,Oracle,17,L2-k50,0.9423117655609359,0.3797064308771133,4.256149221159119,1.0,1.0,1.0,0.17463415719552117,51
scaling,hidden_variable,variable_addition,False,Oracle,18,L2-k50,0.9600419816858236,0.29935995798892057,4.7510197806335555,1.0,1.0,1.0,0.17891625227760555,51
scaling,hidden_variable,variable_addition,False,Oracle,19,L2-k50,0.9534223577978892,0.2960515169518345,4.437086288838881,1.0,1.0,1.0,0.18805894877842727,51
scaling,hidden_variable,variable_addition,False,Oracle,20,L2-k50,0.9629970073842593,0.26779705410011606,4.118620633377531,1.0,1.0,1.0,0.1672227981531758,51
scaling,hidden_variable,variable_addition,False,Oracle,21,L2-k50,0.9276956427565852,0.3968240910002246,3.554555296091667,1.0,1.0,1.0,0.16940904711773624,51
scaling,hidden_variable,variable_addition,False,Oracle,22,L2-k50,0.955732357296414,0.29046453697109015,4.4131285495857275,1.0,1.0,1.0,0.18439175034451333,51
scaling,hidden_variable,variable_addition,False,Oracle,23,L2-k50,0.969508032245363,0.24987044526685176,4.795403943039783,1.0,1.0,1.0,0.17295424242218888,51
scaling,hidden_variable,variable_addition,False,Oracle,24,L2-k50,0.9657944287052858,0.2948227715798944,4.912338995587195,1.0,1.0,1.0,0.1684553015000293,51
scaling,hidden_variable,variable_addition,False,Oracle,25,L2-k50,0.9591267236474923,0.2757205242791647,3.6992657026701514,1.0,1.0,1.0,0.16144760339886416,51
scaling,hidden_variable,variable_addition,False,Oracle,26,L2-k50,0.9526492455500117,0.3069142199931578,3.9349298842897187,1.0,1.0,1.0,0.1709355867380657,51
scaling,hidden_variable,variable_addition,False,Oracle,27,L2-k50,0.9487746160396695,0.34325431296827275,4.019679948083786,1.0,1.0,1.0,0.16806408817079915,51
scaling,hidden_variable,variable_addition,False,Oracle,28,L2-k50,0.9542910607839524,0.31107238444819085,4.885312142545497,1.0,1.0,1.0,0.19179500309586306,51
scaling,hidden_variable,variable_addition,False,Oracle,29,L2-k50,0.9395419011719953,0.2971315230426066,3.3405513538613603,1.0,1.0,1.0,0.17965497997699464,51
scaling,hidden_variable,variable_addition,False,Oracle,30,L2-k50,0.9544638125363906,0.312587126148375,4.332360794543688,1.0,1.0,1.0,0.17624960133975315,51
scaling,hidden_variable,variable_addition,False,Oracle,31,L2-k50,0.9600995125906983,0.2783347684093315,4.4702804871644375,1.0,1.0,1.0,0.18019359975578753,51
scaling,hidden_variable,variable_addition,False,Oracle,32,L2-k50,0.9495082334061741,0.3649666101542055,4.46560535588598,1.0,1.0,1.0,0.1718435829781303,51
scaling,hidden_variable,variable_addition,False,Oracle,33,L2-k50,0.9567704781567468,0.2924218462172832,4.085466074240281,1.0,1.0,1.0,0.17187266706638488,51
scaling,hidden_variable,variable_addition,False,Oracle,34,L2-k50,0.9629686359671706,0.3115199341903579,5.534500710376507,1.0,1.0,1.0,0.18443172860551876,51
scaling,hidden_variable,variable_addition,False,Oracle,35,L2-k50,0.9572059194062026,0.2884380332460657,3.7784280895475693,1.0,1.0,1.0,0.16327454238708317,51
scaling,hidden_variable,variable_addition,False,Oracle,36,L2-k50,0.9586073118666063,0.28272067482856184,4.150831897192576,1.0,1.0,1.0,0.17329823406243094,51
scaling,hidden_variable,variable_addition,False,Oracle,37,L2-k50,0.9607784534151567,0.29843289386667593,4.077492050840954,1.0,1.0,1.0,0.15941566038819777,51
scaling,hidden_variable,variable_addition,False,Oracle,38,L2-k50,0.9512117910449519,0.33123709645310145,4.683279180172876,1.0,1.0,1.0,0.18578188218256025,51
scaling,hidden_variable,variable_addition,False,Oracle,39,L2-k50,0.9525180213386363,0.40584609262307814,5.329349134488945,1.0,1.0,1.0,0.17406908129577492,51
